District,Soil_Color,N,P,K,pH,Rainfall,Temperature,Crop,Fertilizer,OC,EC,B,Fe,Mn,Cu,Zn,S,District_Normal_Rainfall,Humidity,N_P_Ratio,N_K_Ratio,P_K_Ratio,Rainfall_Deviation,OC_Class,Soil_Health_Score,Growing_Season
Solapur,Black,20,45,20,6.5,800,30,Chickpea,DAP,0.45,0.32,0.16,1.56,1.56,0.58,0.5,7.05,481.1,76.38,0.4443,0.9995,2.2489,0.6629,Medium,5,Rabi
Kolhapur,Black,40,25,10,6.0,600,20,Chickpea,18:46:00 NPK,0.88,0.14,2.88,6.35,17.636,3.25,0.72,50.72,1733.1,68.16,1.5994,3.996,2.4975,-0.6538,High,7,Rabi
Solapur,Black,25,45,20,6.5,800,30,Chickpea,DAP,0.45,0.32,0.16,1.56,1.56,0.58,0.5,7.05,481.1,72.96,0.5554,1.2494,2.2489,0.6629,Medium,5,Rabi
Solapur,Black,20,40,20,6.0,700,25,Chickpea,DAP,0.45,0.32,0.16,1.56,1.56,0.58,0.5,7.05,481.1,73.42,0.4999,0.9995,1.999,0.455,Medium,5,Rabi
Kolhapur,Black,45,30,10,6.5,700,25,Chickpea,Sulphur,0.88,0.14,2.88,6.35,17.636,3.25,0.72,50.72,1733.1,75.11,1.4995,4.4955,2.997,-0.5961,High,7,Rabi
Pune,Black,40,50,25,6.0,900,15,Chickpea,DAP,0.41,0.408,0.46,1.32,2.802,0.53,0.374,6.746,861.6,83.01,0.7998,1.5994,1.9992,0.0446,Medium,6,Rabi
Solapur,Black,20,40,30,6.0,700,25,Chickpea,DAP,0.45,0.32,0.16,1.56,1.56,0.58,0.5,7.05,481.1,75.12,0.4999,0.6664,1.3329,0.455,Medium,5,Rabi
Kolhapur,Black,45,30,15,6.5,700,25,Chickpea,18:46:00 NPK,0.88,0.14,2.88,6.35,17.636,3.25,0.72,50.72,1733.1,77.66,1.4995,2.998,1.9987,-0.5961,High,7,Rabi
Satara,Black,45,30,10,6.5,600,25,Chickpea,MOP,0.295,0.25,0.073,3.96,6.2,2.4,0.793,4.178,886.2,67.97,1.4995,4.4955,2.997,-0.323,Low,5,Rabi
Pune,Black,30,50,20,6.5,900,20,Chickpea,MOP,0.41,0.408,0.46,1.32,2.802,0.53,0.374,6.746,861.6,84.33,0.5999,1.4993,2.4988,0.0446,Medium,5,Rabi
Pune,Black,35,40,25,7.5,700,20,Chickpea,MOP,0.41,0.408,0.46,1.32,2.802,0.53,0.374,6.746,861.6,76.42,0.8748,1.3994,1.5994,-0.1876,Medium,5,Rabi
Solapur,Black,25,40,25,6.0,800,25,Chickpea,MOP,0.45,0.32,0.16,1.56,1.56,0.58,0.5,7.05,481.1,78.46,0.6248,0.9996,1.5994,0.6629,Medium,5,Rabi
Pune,Black,30,45,20,7.5,800,20,Chickpea,DAP,0.41,0.408,0.46,1.32,2.802,0.53,0.374,6.746,861.6,82.52,0.6665,1.4993,2.2489,-0.0715,Medium,5,Rabi
Pune,Black,30,45,25,6.5,800,20,Chickpea,DAP,0.41,0.408,0.46,1.32,2.802,0.53,0.374,6.746,861.6,81.05,0.6665,1.1995,1.7993,-0.0715,Medium,5,Rabi
Solapur,Black,20,50,30,7.0,700,35,Chickpea,DAP,0.45,0.32,0.16,1.56,1.56,0.58,0.5,7.05,481.1,74.32,0.3999,0.6664,1.6661,0.455,Medium,5,Rabi
Satara,Black,50,30,15,6.5,600,25,Chickpea,DAP,0.295,0.25,0.073,3.96,6.2,2.4,0.793,4.178,886.2,67.78,1.6661,3.3311,1.9987,-0.323,Low,5,Rabi
Solapur,Black,25,40,30,6.0,700,25,Chickpea,DAP,0.45,0.32,0.16,1.56,1.56,0.58,0.5,7.05,481.1,75.55,0.6248,0.8331,1.3329,0.455,Medium,5,Rabi
Pune,Black,35,50,30,7.0,900,15,Chickpea,DAP,0.41,0.408,0.46,1.32,2.802,0.53,0.374,6.746,861.6,87.99,0.6999,1.1663,1.6661,0.0446,Medium,5,Rabi
Kolhapur,Black,40,30,10,6.5,700,25,Chickpea,Sulphur,0.88,0.14,2.88,6.35,17.636,3.25,0.72,50.72,1733.1,76.86,1.3329,3.996,2.997,-0.5961,High,7,Rabi
Kolhapur,Black,50,30,15,6.5,700,25,Chickpea,18:46:00 NPK,0.88,0.14,2.88,6.35,17.636,3.25,0.72,50.72,1733.1,76.11,1.6661,3.3311,1.9987,-0.5961,High,7,Rabi
Solapur,Black,30,45,20,6.5,800,30,Chickpea,DAP,0.45,0.32,0.16,1.56,1.56,0.58,0.5,7.05,481.1,79.37,0.6665,1.4993,2.2489,0.6629,Medium,5,Rabi
Satara,Black,40,25,10,6.0,500,20,Chickpea,DAP,0.295,0.25,0.073,3.96,6.2,2.4,0.793,4.178,886.2,64.77,1.5994,3.996,2.4975,-0.4358,Low,5,Rabi
Pune,Black,35,50,20,6.5,900,20,Chickpea,MOP,0.41,0.408,0.46,1.32,2.802,0.53,0.374,6.746,861.6,88.85,0.6999,1.7491,2.4988,0.0446,Medium,5,Rabi
Pune,Black,40,40,20,6.0,700,15,Chickpea,DAP,0.41,0.408,0.46,1.32,2.802,0.53,0.374,6.746,861.6,78.4,0.9998,1.999,1.999,-0.1876,Medium,6,Rabi
Satara,Black,45,25,10,6.0,500,20,Chickpea,DAP,0.295,0.25,0.073,3.96,6.2,2.4,0.793,4.178,886.2,65.25,1.7993,4.4955,2.4975,-0.4358,Low,5,Rabi
Solapur,Black,25,45,25,6.5,800,30,Chickpea,DAP,0.45,0.32,0.16,1.56,1.56,0.58,0.5,7.05,481.1,79.0,0.5554,0.9996,1.7993,0.6629,Medium,5,Rabi
Satara,Black,40,30,15,6.5,600,25,Chickpea,DAP,0.295,0.25,0.073,3.96,6.2,2.4,0.793,4.178,886.2,72.56,1.3329,2.6649,1.9987,-0.323,Low,5,Rabi
Satara,Black,50,25,15,6.0,500,20,Chickpea,MOP,0.295,0.25,0.073,3.96,6.2,2.4,0.793,4.178,886.2,68.28,1.9992,3.3311,1.6656,-0.4358,Low,5,Rabi
Satara,Black,50,30,10,6.5,600,25,Chickpea,MOP,0.295,0.25,0.073,3.96,6.2,2.4,0.793,4.178,886.2,68.38,1.6661,4.995,2.997,-0.323,Low,5,Rabi
Kolhapur,Black,45,25,15,6.0,600,20,Chickpea,Sulphur,0.88,0.14,2.88,6.35,17.636,3.25,0.72,50.72,1733.1,75.33,1.7993,2.998,1.6656,-0.6538,High,7,Rabi
Solapur,Black,25,50,20,7.0,800,35,Chickpea,MOP,0.45,0.32,0.16,1.56,1.56,0.58,0.5,7.05,481.1,79.27,0.4999,1.2494,2.4988,0.6629,Medium,5,Rabi
Pune,Black,40,45,20,7.5,800,20,Chickpea,DAP,0.41,0.408,0.46,1.32,2.802,0.53,0.374,6.746,861.6,80.88,0.8887,1.999,2.2489,-0.0715,Medium,6,Rabi
Satara,Black,40,25,15,6.0,500,20,Chickpea,MOP,0.295,0.25,0.073,3.96,6.2,2.4,0.793,4.178,886.2,66.49,1.5994,2.6649,1.6656,-0.4358,Low,5,Rabi
Pune,Black,30,40,30,7.0,700,15,Chickpea,DAP,0.41,0.408,0.46,1.32,2.802,0.53,0.374,6.746,861.6,75.22,0.7498,0.9997,1.3329,-0.1876,Medium,5,Rabi
Solapur,Black,25,50,30,7.0,700,35,Chickpea,DAP,0.45,0.32,0.16,1.56,1.56,0.58,0.5,7.05,481.1,74.88,0.4999,0.8331,1.6661,0.455,Medium,5,Rabi
Pune,Black,40,45,30,6.0,800,15,Chickpea,MOP,0.41,0.408,0.46,1.32,2.802,0.53,0.374,6.746,861.6,84.07,0.8887,1.3329,1.4995,-0.0715,Medium,6,Rabi
Solapur,Black,25,45,30,6.5,700,30,Chickpea,MOP,0.45,0.32,0.16,1.56,1.56,0.58,0.5,7.05,481.1,73.61,0.5554,0.8331,1.4995,0.455,Medium,5,Rabi
Pune,Black,35,45,25,6.5,800,20,Chickpea,DAP,0.41,0.408,0.46,1.32,2.802,0.53,0.374,6.746,861.6,77.91,0.7776,1.3994,1.7993,-0.0715,Medium,5,Rabi
Solapur,Black,25,40,20,6.0,700,25,Chickpea,DAP,0.45,0.32,0.16,1.56,1.56,0.58,0.5,7.05,481.1,74.38,0.6248,1.2494,1.999,0.455,Medium,5,Rabi
Pune,Black,40,45,25,6.5,800,20,Chickpea,DAP,0.41,0.408,0.46,1.32,2.802,0.53,0.374,6.746,861.6,81.33,0.8887,1.5994,1.7993,-0.0715,Medium,6,Rabi
Kolhapur,Black,40,30,15,6.5,700,25,Chickpea,18:46:00 NPK,0.88,0.14,2.88,6.35,17.636,3.25,0.72,50.72,1733.1,74.5,1.3329,2.6649,1.9987,-0.5961,High,7,Rabi
Solapur,Black,30,45,25,6.5,800,30,Chickpea,DAP,0.45,0.32,0.16,1.56,1.56,0.58,0.5,7.05,481.1,77.37,0.6665,1.1995,1.7993,0.6629,Medium,5,Rabi
Solapur,Black,30,50,25,7.0,700,35,Chickpea,DAP,0.45,0.32,0.16,1.56,1.56,0.58,0.5,7.05,481.1,73.42,0.5999,1.1995,1.9992,0.455,Medium,5,Rabi
Kolhapur,Black,50,25,15,6.0,600,20,Chickpea,Sulphur,0.88,0.14,2.88,6.35,17.636,3.25,0.72,50.72,1733.1,69.71,1.9992,3.3311,1.6656,-0.6538,High,7,Rabi
Pune,Black,40,40,25,7.5,700,20,Chickpea,MOP,0.41,0.408,0.46,1.32,2.802,0.53,0.374,6.746,861.6,76.42,0.9998,1.5994,1.5994,-0.1876,Medium,6,Rabi
Kolhapur,Black,40,25,15,6.0,600,20,Chickpea,Sulphur,0.88,0.14,2.88,6.35,17.636,3.25,0.72,50.72,1733.1,71.91,1.5994,2.6649,1.6656,-0.6538,High,7,Rabi
Solapur,Black,20,50,25,7.0,700,35,Chickpea,DAP,0.45,0.32,0.16,1.56,1.56,0.58,0.5,7.05,481.1,76.6,0.3999,0.7997,1.9992,0.455,Medium,5,Rabi
Pune,Black,30,50,25,6.0,900,15,Chickpea,DAP,0.41,0.408,0.46,1.32,2.802,0.53,0.374,6.746,861.6,87.99,0.5999,1.1995,1.9992,0.0446,Medium,5,Rabi
Pune,Black,35,45,30,6.0,800,15,Chickpea,MOP,0.41,0.408,0.46,1.32,2.802,0.53,0.374,6.746,861.6,82.47,0.7776,1.1663,1.4995,-0.0715,Medium,5,Rabi
Satara,Black,45,25,15,6.0,500,20,Chickpea,MOP,0.295,0.25,0.073,3.96,6.2,2.4,0.793,4.178,886.2,67.0,1.7993,2.998,1.6656,-0.4358,Low,5,Rabi
Pune,Black,35,50,25,6.0,900,15,Chickpea,DAP,0.41,0.408,0.46,1.32,2.802,0.53,0.374,6.746,861.6,87.58,0.6999,1.3994,1.9992,0.0446,Medium,5,Rabi
Solapur,Black,20,45,25,6.5,800,30,Chickpea,DAP,0.45,0.32,0.16,1.56,1.56,0.58,0.5,7.05,481.1,79.43,0.4443,0.7997,1.7993,0.6629,Medium,5,Rabi
Solapur,Black,20,50,20,7.0,800,35,Chickpea,MOP,0.45,0.32,0.16,1.56,1.56,0.58,0.5,7.05,481.1,73.99,0.3999,0.9995,2.4988,0.6629,Medium,5,Rabi
Satara,Black,50,25,10,6.0,500,20,Chickpea,DAP,0.295,0.25,0.073,3.96,6.2,2.4,0.793,4.178,886.2,65.36,1.9992,4.995,2.4975,-0.4358,Low,5,Rabi
Solapur,Black,30,45,30,6.5,700,30,Chickpea,MOP,0.45,0.32,0.16,1.56,1.56,0.58,0.5,7.05,481.1,73.47,0.6665,0.9997,1.4995,0.455,Medium,5,Rabi
Satara,Black,40,30,10,6.5,600,25,Chickpea,MOP,0.295,0.25,0.073,3.96,6.2,2.4,0.793,4.178,886.2,73.16,1.3329,3.996,2.997,-0.323,Low,5,Rabi
Solapur,Black,20,45,30,6.5,700,30,Chickpea,MOP,0.45,0.32,0.16,1.56,1.56,0.58,0.5,7.05,481.1,75.66,0.4443,0.6664,1.4995,0.455,Medium,5,Rabi
Satara,Black,45,30,15,6.5,600,25,Chickpea,DAP,0.295,0.25,0.073,3.96,6.2,2.4,0.793,4.178,886.2,71.12,1.4995,2.998,1.9987,-0.323,Low,5,Rabi
Pune,Black,35,40,30,7.0,700,15,Chickpea,DAP,0.41,0.408,0.46,1.32,2.802,0.53,0.374,6.746,861.6,79.0,0.8748,1.1663,1.3329,-0.1876,Medium,5,Rabi
Pune,Black,30,50,30,7.0,900,15,Chickpea,DAP,0.41,0.408,0.46,1.32,2.802,0.53,0.374,6.746,861.6,91.39,0.5999,0.9997,1.6661,0.0446,Medium,5,Rabi
Kolhapur,Black,50,30,10,6.5,700,25,Chickpea,Sulphur,0.88,0.14,2.88,6.35,17.636,3.25,0.72,50.72,1733.1,75.54,1.6661,4.995,2.997,-0.5961,High,7,Rabi
Solapur,Black,30,40,30,6.0,700,25,Chickpea,DAP,0.45,0.32,0.16,1.56,1.56,0.58,0.5,7.05,481.1,77.72,0.7498,0.9997,1.3329,0.455,Medium,5,Rabi
Sangli,Black,110,20,55,7.0,900,25,Cotton,DAP,0.583,0.24,0.973,3.16,6.06,2.88,0.62,10.75,514.5,82.44,5.4973,1.9996,0.3636,0.7493,Medium,6,Kharif
Kolhapur,Red,100,40,60,7.0,1000,35,Cotton,DAP,0.88,0.14,2.88,6.35,17.636,3.25,0.72,50.72,1733.1,89.38,2.4994,1.6664,0.6666,-0.423,High,8,Kharif
Kolhapur,Red,115,80,45,7.5,900,30,Cotton,DAP,0.88,0.14,2.88,6.35,17.636,3.25,0.72,50.72,1733.1,84.65,1.4373,2.555,1.7774,-0.4807,High,8,Kharif
Kolhapur,Red,135,60,75,7.5,1000,35,Cotton,Magnesium Sulphate,0.88,0.14,2.88,6.35,17.636,3.25,0.72,50.72,1733.1,87.45,2.2496,1.7998,0.7999,-0.423,High,8,Kharif
Kolhapur,Red,130,45,50,6.0,800,25,Cotton,Magnesium Sulphate,0.88,0.14,2.88,6.35,17.636,3.25,0.72,50.72,1733.1,78.45,2.8882,2.5995,0.8998,-0.5384,High,8,Kharif
Solapur,Black,105,70,75,8.0,600,20,Cotton,DAP,0.45,0.32,0.16,1.56,1.56,0.58,0.5,7.05,481.1,74.34,1.4998,1.3998,0.9332,0.2471,Medium,6,Kharif
Kolhapur,Red,125,45,70,7.0,900,30,Cotton,13:32:26 NPK,0.88,0.14,2.88,6.35,17.636,3.25,0.72,50.72,1733.1,81.57,2.7772,1.7855,0.6428,-0.4807,High,8,Kharif
Kolhapur,Red,150,45,75,6.5,1000,35,Cotton,Magnesium Sulphate,0.88,0.14,2.88,6.35,17.636,3.25,0.72,50.72,1733.1,88.92,3.3326,1.9997,0.5999,-0.423,High,8,Kharif
Kolhapur,Red,100,45,65,7.5,800,25,Cotton,DAP,0.88,0.14,2.88,6.35,17.636,3.25,0.72,50.72,1733.1,78.47,2.2217,1.5382,0.6922,-0.5384,High,8,Kharif
Kolhapur,Red,110,40,55,7.5,900,30,Cotton,Magnesium Sulphate,0.88,0.14,2.88,6.35,17.636,3.25,0.72,50.72,1733.1,87.51,2.7493,1.9996,0.7271,-0.4807,High,8,Kharif
Sangli,Black,110,20,45,6.0,700,25,Cotton,Magnesium Sulphate,0.583,0.24,0.973,3.16,6.06,2.88,0.62,10.75,514.5,74.88,5.4973,2.4439,0.4443,0.3605,Medium,6,Kharif
Kolhapur,Red,130,40,55,7.5,900,30,Cotton,Magnesium Sulphate,0.88,0.14,2.88,6.35,17.636,3.25,0.72,50.72,1733.1,86.74,3.2492,2.3632,0.7271,-0.4807,High,8,Kharif
Kolhapur,Red,135,50,70,6.0,900,30,Cotton,DAP,0.88,0.14,2.88,6.35,17.636,3.25,0.72,50.72,1733.1,87.66,2.6995,1.9283,0.7142,-0.4807,High,8,Kharif
Kolhapur,Red,120,50,55,6.5,900,30,Cotton,Magnesium Sulphate,0.88,0.14,2.88,6.35,17.636,3.25,0.72,50.72,1733.1,86.18,2.3995,2.1814,0.9089,-0.4807,High,8,Kharif
Sangli,Black,100,30,55,7.0,900,35,Cotton,Magnesium Sulphate,0.583,0.24,0.973,3.16,6.06,2.88,0.62,10.75,514.5,83.92,3.3322,1.8179,0.5454,0.7493,Medium,7,Kharif
Kolhapur,Red,125,50,70,6.0,900,30,Cotton,DAP,0.88,0.14,2.88,6.35,17.636,3.25,0.72,50.72,1733.1,84.98,2.4995,1.7855,0.7142,-0.4807,High,8,Kharif
Kolhapur,Red,115,65,40,7.0,800,25,Cotton,12:32:16 NPK,0.88,0.14,2.88,6.35,17.636,3.25,0.72,50.72,1733.1,78.27,1.769,2.8743,1.6246,-0.5384,High,8,Kharif
Sangli,Black,115,25,45,7.5,1000,30,Cotton,DAP,0.583,0.24,0.973,3.16,6.06,2.88,0.62,10.75,514.5,87.78,4.5982,2.555,0.5554,0.9436,Medium,7,Kharif
Kolhapur,Red,115,45,50,6.0,800,25,Cotton,Magnesium Sulphate,0.88,0.14,2.88,6.35,17.636,3.25,0.72,50.72,1733.1,81.3,2.555,2.2995,0.8998,-0.5384,High,8,Kharif
Kolhapur,Red,150,40,50,6.0,800,25,Cotton,DAP,0.88,0.14,2.88,6.35,17.636,3.25,0.72,50.72,1733.1,80.59,3.7491,2.9994,0.7998,-0.5384,High,8,Kharif
Kolhapur,Red,105,70,50,7.0,1000,35,Cotton,12:32:16 NPK,0.88,0.14,2.88,6.35,17.636,3.25,0.72,50.72,1733.1,85.16,1.4998,2.0996,1.3997,-0.423,High,8,Kharif
Kolhapur,Red,140,40,75,6.5,1000,35,Cotton,DAP,0.88,0.14,2.88,6.35,17.636,3.25,0.72,50.72,1733.1,89.03,3.4991,1.8664,0.5333,-0.423,High,8,Kharif
Kolhapur,Red,120,65,50,7.0,1000,35,Cotton,Magnesium Sulphate,0.88,0.14,2.88,6.35,17.636,3.25,0.72,50.72,1733.1,84.44,1.8459,2.3995,1.2997,-0.423,High,8,Kharif
Kolhapur,Red,150,60,70,6.0,900,30,Cotton,DAP,0.88,0.14,2.88,6.35,17.636,3.25,0.72,50.72,1733.1,84.12,2.4996,2.1426,0.857,-0.4807,High,8,Kharif
Solapur,Black,120,60,70,8.0,500,10,Cotton,12:32:16 NPK,0.45,0.32,0.16,1.56,1.56,0.58,0.5,7.05,481.1,68.45,1.9997,1.714,0.857,0.0393,Medium,6,Kharif
Solapur,Black,110,70,75,8.0,600,20,Cotton,DAP,0.45,0.32,0.16,1.56,1.56,0.58,0.5,7.05,481.1,71.79,1.5712,1.4665,0.9332,0.2471,Medium,6,Kharif
Kolhapur,Red,105,45,70,7.0,900,30,Cotton,13:32:26 NPK,0.88,0.14,2.88,6.35,17.636,3.25,0.72,50.72,1733.1,85.19,2.3328,1.4998,0.6428,-0.4807,High,8,Kharif
Kolhapur,Red,110,50,65,6.5,800,25,Cotton,Magnesium Sulphate,0.88,0.14,2.88,6.35,17.636,3.25,0.72,50.72,1733.1,79.82,2.1996,1.692,0.7691,-0.5384,High,8,Kharif
Solapur,Black,120,70,65,8.0,500,20,Cotton,DAP,0.45,0.32,0.16,1.56,1.56,0.58,0.5,7.05,481.1,64.8,1.714,1.8459,1.0768,0.0393,Medium,6,Kharif
Kolhapur,Red,145,50,60,7.0,1000,35,Cotton,DAP,0.88,0.14,2.88,6.35,17.636,3.25,0.72,50.72,1733.1,89.65,2.8994,2.4163,0.8332,-0.423,High,8,Kharif
Solapur,Black,100,70,70,8.5,500,20,Cotton,Magnesium Sulphate,0.45,0.32,0.16,1.56,1.56,0.58,0.5,7.05,481.1,67.33,1.4284,1.4284,0.9999,0.0393,Medium,5,Kharif
Kolhapur,Red,100,40,75,6.5,1000,35,Cotton,DAP,0.88,0.14,2.88,6.35,17.636,3.25,0.72,50.72,1733.1,85.71,2.4994,1.3332,0.5333,-0.423,High,8,Kharif
Kolhapur,Red,145,40,65,6.5,800,25,Cotton,13:32:26 NPK,0.88,0.14,2.88,6.35,17.636,3.25,0.72,50.72,1733.1,80.65,3.6241,2.2304,0.6153,-0.5384,High,8,Kharif
Kolhapur,Red,120,80,65,6.5,1000,35,Cotton,Magnesium Sulphate,0.88,0.14,2.88,6.35,17.636,3.25,0.72,50.72,1733.1,90.69,1.4998,1.8459,1.2306,-0.423,High,8,Kharif
Solapur,Black,100,80,65,8.5,500,30,Cotton,12:32:16 NPK,0.45,0.32,0.16,1.56,1.56,0.58,0.5,7.05,481.1,65.56,1.2498,1.5382,1.2306,0.0393,Medium,5,Kharif
Kolhapur,Red,100,60,55,6.5,900,30,Cotton,DAP,0.88,0.14,2.88,6.35,17.636,3.25,0.72,50.72,1733.1,83.68,1.6664,1.8179,1.0907,-0.4807,High,8,Kharif
Kolhapur,Red,100,40,70,6.0,900,30,Cotton,Magnesium Sulphate,0.88,0.14,2.88,6.35,17.636,3.25,0.72,50.72,1733.1,80.96,2.4994,1.4284,0.5713,-0.4807,High,8,Kharif
Solapur,Black,105,65,70,7.5,500,15,Cotton,DAP,0.45,0.32,0.16,1.56,1.56,0.58,0.5,7.05,481.1,64.55,1.6151,1.4998,0.9284,0.0393,Medium,7,Kharif
Kolhapur,Red,105,60,55,6.5,900,30,Cotton,DAP,0.88,0.14,2.88,6.35,17.636,3.25,0.72,50.72,1733.1,83.96,1.7497,1.9087,1.0907,-0.4807,High,8,Kharif
Kolhapur,Red,120,60,60,6.0,1000,35,Cotton,13:32:26 NPK,0.88,0.14,2.88,6.35,17.636,3.25,0.72,50.72,1733.1,89.49,1.9997,1.9997,0.9998,-0.423,High,8,Kharif
Kolhapur,Red,100,40,65,6.5,800,25,Cotton,13:32:26 NPK,0.88,0.14,2.88,6.35,17.636,3.25,0.72,50.72,1733.1,79.6,2.4994,1.5382,0.6153,-0.5384,High,8,Kharif
Kolhapur,Red,110,65,40,7.0,800,25,Cotton,12:32:16 NPK,0.88,0.14,2.88,6.35,17.636,3.25,0.72,50.72,1733.1,78.82,1.692,2.7493,1.6246,-0.5384,High,8,Kharif
Solapur,Black,115,75,80,8.5,500,25,Cotton,DAP,0.45,0.32,0.16,1.56,1.56,0.58,0.5,7.05,481.1,65.03,1.5331,1.4373,0.9374,0.0393,Medium,5,Kharif
Kolhapur,Red,150,45,50,6.0,800,25,Cotton,Magnesium Sulphate,0.88,0.14,2.88,6.35,17.636,3.25,0.72,50.72,1733.1,84.63,3.3326,2.9994,0.8998,-0.5384,High,8,Kharif
Kolhapur,Red,105,75,65,7.5,1000,35,Cotton,DAP,0.88,0.14,2.88,6.35,17.636,3.25,0.72,50.72,1733.1,88.14,1.3998,1.6151,1.1537,-0.423,High,8,Kharif
Kolhapur,Red,110,40,50,6.0,800,25,Cotton,DAP,0.88,0.14,2.88,6.35,17.636,3.25,0.72,50.72,1733.1,77.53,2.7493,2.1996,0.7998,-0.5384,High,8,Kharif
Kolhapur,Red,110,80,55,6.5,800,25,Cotton,12:32:16 NPK,0.88,0.14,2.88,6.35,17.636,3.25,0.72,50.72,1733.1,81.09,1.3748,1.9996,1.4543,-0.5384,High,8,Kharif
Kolhapur,Red,135,60,50,7.0,800,25,Cotton,Magnesium Sulphate,0.88,0.14,2.88,6.35,17.636,3.25,0.72,50.72,1733.1,78.5,2.2496,2.6995,1.1998,-0.5384,High,8,Kharif
Kolhapur,Red,130,45,60,6.0,1000,35,Cotton,Magnesium Sulphate,0.88,0.14,2.88,6.35,17.636,3.25,0.72,50.72,1733.1,91.26,2.8882,2.1663,0.7499,-0.423,High,8,Kharif
Kolhapur,Red,120,75,65,7.5,1000,35,Cotton,DAP,0.88,0.14,2.88,6.35,17.636,3.25,0.72,50.72,1733.1,88.67,1.5998,1.8459,1.1537,-0.423,High,8,Kharif
Sangli,Black,100,30,50,6.0,700,35,Cotton,DAP,0.583,0.24,0.973,3.16,6.06,2.88,0.62,10.75,514.5,72.52,3.3322,1.9996,0.5999,0.3605,Medium,7,Kharif
Kolhapur,Red,110,55,60,7.0,1000,35,Cotton,Magnesium Sulphate,0.88,0.14,2.88,6.35,17.636,3.25,0.72,50.72,1733.1,92.29,1.9996,1.833,0.9165,-0.423,High,8,Kharif
Solapur,Black,110,75,75,7.5,600,25,Cotton,Magnesium Sulphate,0.45,0.32,0.16,1.56,1.56,0.58,0.5,7.05,481.1,71.17,1.4665,1.4665,0.9999,0.2471,Medium,7,Kharif
Kolhapur,Red,150,55,70,7.0,900,30,Cotton,Magnesium Sulphate,0.88,0.14,2.88,6.35,17.636,3.25,0.72,50.72,1733.1,82.6,2.7268,2.1426,0.7856,-0.4807,High,8,Kharif
Kolhapur,Red,140,50,60,7.0,1000,35,Cotton,DAP,0.88,0.14,2.88,6.35,17.636,3.25,0.72,50.72,1733.1,88.55,2.7994,2.3329,0.8332,-0.423,High,8,Kharif
Kolhapur,Red,145,60,75,7.5,1000,35,Cotton,Magnesium Sulphate,0.88,0.14,2.88,6.35,17.636,3.25,0.72,50.72,1733.1,84.97,2.4163,1.9331,0.7999,-0.423,High,8,Kharif
Kolhapur,Red,100,45,70,7.0,900,30,Cotton,13:32:26 NPK,0.88,0.14,2.88,6.35,17.636,3.25,0.72,50.72,1733.1,84.19,2.2217,1.4284,0.6428,-0.4807,High,8,Kharif
Kolhapur,Red,105,60,50,6.0,1000,35,Cotton,DAP,0.88,0.14,2.88,6.35,17.636,3.25,0.72,50.72,1733.1,83.58,1.7497,2.0996,1.1998,-0.423,High,8,Kharif
Kolhapur,Red,100,60,70,6.0,900,30,Cotton,DAP,0.88,0.14,2.88,6.35,17.636,3.25,0.72,50.72,1733.1,82.31,1.6664,1.4284,0.857,-0.4807,High,8,Kharif
Kolhapur,Red,100,60,50,7.0,800,25,Cotton,Magnesium Sulphate,0.88,0.14,2.88,6.35,17.636,3.25,0.72,50.72,1733.1,80.24,1.6664,1.9996,1.1998,-0.5384,High,8,Kharif
Kolhapur,Red,105,50,55,6.5,900,30,Cotton,Magnesium Sulphate,0.88,0.14,2.88,6.35,17.636,3.25,0.72,50.72,1733.1,85.37,2.0996,1.9087,0.9089,-0.4807,High,8,Kharif
Kolhapur,Red,110,75,65,7.5,1000,35,Cotton,DAP,0.88,0.14,2.88,6.35,17.636,3.25,0.72,50.72,1733.1,87.04,1.4665,1.692,1.1537,-0.423,High,8,Kharif
Kolhapur,Red,110,60,65,7.5,800,25,Cotton,Magnesium Sulphate,0.88,0.14,2.88,6.35,17.636,3.25,0.72,50.72,1733.1,79.33,1.833,1.692,0.9229,-0.5384,High,8,Kharif
Kolhapur,Red,110,55,70,7.0,900,30,Cotton,Magnesium Sulphate,0.88,0.14,2.88,6.35,17.636,3.25,0.72,50.72,1733.1,82.94,1.9996,1.5712,0.7856,-0.4807,High,8,Kharif
Kolhapur,Red,100,70,60,7.0,900,30,Cotton,DAP,0.88,0.14,2.88,6.35,17.636,3.25,0.72,50.72,1733.1,84.36,1.4284,1.6664,1.1665,-0.4807,High,8,Kharif
Kolhapur,Red,100,80,40,6.0,800,25,Cotton,DAP,0.88,0.14,2.88,6.35,17.636,3.25,0.72,50.72,1733.1,82.08,1.2498,2.4994,1.9995,-0.5384,High,8,Kharif
Kolhapur,Red,100,75,40,7.0,800,25,Cotton,DAP,0.88,0.14,2.88,6.35,17.636,3.25,0.72,50.72,1733.1,82.4,1.3332,2.4994,1.8745,-0.5384,High,8,Kharif
Solapur,Black,115,60,75,7.5,600,10,Cotton,Magnesium Sulphate,0.45,0.32,0.16,1.56,1.56,0.58,0.5,7.05,481.1,73.18,1.9163,1.5331,0.7999,0.2471,Medium,7,Kharif
Kolhapur,Red,145,60,60,6.0,1000,35,Cotton,13:32:26 NPK,0.88,0.14,2.88,6.35,17.636,3.25,0.72,50.72,1733.1,86.82,2.4163,2.4163,0.9998,-0.423,High,8,Kharif
Solapur,Black,120,70,70,8.5,500,20,Cotton,Magnesium Sulphate,0.45,0.32,0.16,1.56,1.56,0.58,0.5,7.05,481.1,66.8,1.714,1.714,0.9999,0.0393,Medium,5,Kharif
Kolhapur,Red,150,40,75,6.5,1000,35,Cotton,DAP,0.88,0.14,2.88,6.35,17.636,3.25,0.72,50.72,1733.1,95.0,3.7491,1.9997,0.5333,-0.423,High,8,Kharif
Kolhapur,Red,105,75,55,7.5,800,25,Cotton,12:32:16 NPK,0.88,0.14,2.88,6.35,17.636,3.25,0.72,50.72,1733.1,79.98,1.3998,1.9087,1.3634,-0.5384,High,8,Kharif
Kolhapur,Red,125,60,70,6.0,900,30,Cotton,DAP,0.88,0.14,2.88,6.35,17.636,3.25,0.72,50.72,1733.1,81.51,2.083,1.7855,0.857,-0.4807,High,8,Kharif
Kolhapur,Red,105,65,60,6.0,900,30,Cotton,DAP,0.88,0.14,2.88,6.35,17.636,3.25,0.72,50.72,1733.1,83.18,1.6151,1.7497,1.0832,-0.4807,High,8,Kharif
Kolhapur,Red,145,60,55,6.5,900,30,Cotton,DAP,0.88,0.14,2.88,6.35,17.636,3.25,0.72,50.72,1733.1,83.78,2.4163,2.6359,1.0907,-0.4807,High,8,Kharif
Kolhapur,Red,130,55,65,7.5,800,25,Cotton,DAP,0.88,0.14,2.88,6.35,17.636,3.25,0.72,50.72,1733.1,80.96,2.3632,1.9997,0.846,-0.5384,High,8,Kharif
Kolhapur,Red,130,55,50,6.0,800,25,Cotton,DAP,0.88,0.14,2.88,6.35,17.636,3.25,0.72,50.72,1733.1,78.56,2.3632,2.5995,1.0998,-0.5384,High,8,Kharif
Kolhapur,Red,115,60,75,7.5,1000,35,Cotton,Magnesium Sulphate,0.88,0.14,2.88,6.35,17.636,3.25,0.72,50.72,1733.1,89.23,1.9163,1.5331,0.7999,-0.423,High,8,Kharif
Kolhapur,Red,130,40,50,6.0,800,25,Cotton,DAP,0.88,0.14,2.88,6.35,17.636,3.25,0.72,50.72,1733.1,80.5,3.2492,2.5995,0.7998,-0.5384,High,8,Kharif
Solapur,Black,120,65,60,7.5,600,15,Cotton,DAP,0.45,0.32,0.16,1.56,1.56,0.58,0.5,7.05,481.1,66.26,1.8459,1.9997,1.0832,0.2471,Medium,7,Kharif
Solapur,Black,120,80,60,7.5,600,30,Cotton,DAP,0.45,0.32,0.16,1.56,1.56,0.58,0.5,7.05,481.1,68.13,1.4998,1.9997,1.3331,0.2471,Medium,7,Kharif
Sangli,Black,115,20,45,6.0,700,25,Cotton,Magnesium Sulphate,0.583,0.24,0.973,3.16,6.06,2.88,0.62,10.75,514.5,78.71,5.7471,2.555,0.4443,0.3605,Medium,6,Kharif
Kolhapur,Red,105,75,40,7.0,800,25,Cotton,DAP,0.88,0.14,2.88,6.35,17.636,3.25,0.72,50.72,1733.1,79.18,1.3998,2.6243,1.8745,-0.5384,High,8,Kharif
Solapur,Black,105,75,65,7.5,500,25,Cotton,Magnesium Sulphate,0.45,0.32,0.16,1.56,1.56,0.58,0.5,7.05,481.1,66.16,1.3998,1.6151,1.1537,0.0393,Medium,7,Kharif
Kolhapur,Red,120,55,70,7.0,900,30,Cotton,Magnesium Sulphate,0.88,0.14,2.88,6.35,17.636,3.25,0.72,50.72,1733.1,83.79,2.1814,1.714,0.7856,-0.4807,High,8,Kharif
Kolhapur,Red,120,80,50,7.0,1000,35,Cotton,DAP,0.88,0.14,2.88,6.35,17.636,3.25,0.72,50.72,1733.1,88.74,1.4998,2.3995,1.5997,-0.423,High,8,Kharif
Kolhapur,Red,145,50,55,6.5,900,30,Cotton,Magnesium Sulphate,0.88,0.14,2.88,6.35,17.636,3.25,0.72,50.72,1733.1,82.54,2.8994,2.6359,0.9089,-0.4807,High,8,Kharif
Kolhapur,Red,120,55,75,6.5,1000,35,Cotton,DAP,0.88,0.14,2.88,6.35,17.636,3.25,0.72,50.72,1733.1,86.8,2.1814,1.5998,0.7332,-0.423,High,8,Kharif
Kolhapur,Red,105,60,50,7.0,800,25,Cotton,Magnesium Sulphate,0.88,0.14,2.88,6.35,17.636,3.25,0.72,50.72,1733.1,81.03,1.7497,2.0996,1.1998,-0.5384,High,8,Kharif
Solapur,Black,115,80,75,7.5,500,30,Cotton,DAP,0.45,0.32,0.16,1.56,1.56,0.58,0.5,7.05,481.1,62.35,1.4373,1.5331,1.0665,0.0393,Medium,7,Kharif
Kolhapur,Red,150,60,65,7.5,800,25,Cotton,Magnesium Sulphate,0.88,0.14,2.88,6.35,17.636,3.25,0.72,50.72,1733.1,82.06,2.4996,2.3073,0.9229,-0.5384,High,8,Kharif
Kolhapur,Red,125,55,55,7.5,900,30,Cotton,13:32:26 NPK,0.88,0.14,2.88,6.35,17.636,3.25,0.72,50.72,1733.1,82.82,2.2723,2.2723,0.9998,-0.4807,High,8,Kharif
Kolhapur,Red,140,55,65,7.5,800,25,Cotton,DAP,0.88,0.14,2.88,6.35,17.636,3.25,0.72,50.72,1733.1,81.43,2.545,2.1535,0.846,-0.5384,High,8,Kharif
Kolhapur,Red,100,80,60,6.0,900,30,Cotton,12:32:16 NPK,0.88,0.14,2.88,6.35,17.636,3.25,0.72,50.72,1733.1,87.05,1.2498,1.6664,1.3331,-0.4807,High,8,Kharif
Kolhapur,Red,115,75,65,7.5,1000,35,Cotton,DAP,0.88,0.14,2.88,6.35,17.636,3.25,0.72,50.72,1733.1,88.96,1.5331,1.769,1.1537,-0.423,High,8,Kharif
Kolhapur,Red,105,40,75,6.5,1000,35,Cotton,DAP,0.88,0.14,2.88,6.35,17.636,3.25,0.72,50.72,1733.1,88.72,2.6243,1.3998,0.5333,-0.423,High,8,Kharif
Sangli,Black,105,30,50,6.0,700,35,Cotton,DAP,0.583,0.24,0.973,3.16,6.06,2.88,0.62,10.75,514.5,75.23,3.4988,2.0996,0.5999,0.3605,Medium,7,Kharif
Kolhapur,Red,120,70,50,7.0,1000,35,Cotton,12:32:16 NPK,0.88,0.14,2.88,6.35,17.636,3.25,0.72,50.72,1733.1,91.37,1.714,2.3995,1.3997,-0.423,High,8,Kharif
Kolhapur,Red,120,60,50,7.0,800,25,Cotton,Magnesium Sulphate,0.88,0.14,2.88,6.35,17.636,3.25,0.72,50.72,1733.1,76.93,1.9997,2.3995,1.1998,-0.5384,High,8,Kharif
Kolhapur,Red,110,55,55,7.5,900,30,Cotton,13:32:26 NPK,0.88,0.14,2.88,6.35,17.636,3.25,0.72,50.72,1733.1,82.75,1.9996,1.9996,0.9998,-0.4807,High,8,Kharif
Solapur,Black,100,65,75,8.5,600,15,Cotton,12:32:16 NPK,0.45,0.32,0.16,1.56,1.56,0.58,0.5,7.05,481.1,73.87,1.5382,1.3332,0.8666,0.2471,Medium,5,Kharif
Kolhapur,Red,145,60,65,7.5,800,25,Cotton,Magnesium Sulphate,0.88,0.14,2.88,6.35,17.636,3.25,0.72,50.72,1733.1,84.24,2.4163,2.2304,0.9229,-0.5384,High,8,Kharif
Kolhapur,Red,110,50,60,7.0,1000,35,Cotton,DAP,0.88,0.14,2.88,6.35,17.636,3.25,0.72,50.72,1733.1,87.51,2.1996,1.833,0.8332,-0.423,High,8,Kharif
Kolhapur,Red,140,40,70,6.0,900,30,Cotton,Magnesium Sulphate,0.88,0.14,2.88,6.35,17.636,3.25,0.72,50.72,1733.1,77.52,3.4991,1.9997,0.5713,-0.4807,High,8,Kharif
Kolhapur,Red,105,50,50,7.0,800,25,Cotton,13:32:26 NPK,0.88,0.14,2.88,6.35,17.636,3.25,0.72,50.72,1733.1,78.8,2.0996,2.0996,0.9998,-0.5384,High,8,Kharif
Kolhapur,Red,100,60,75,7.5,1000,35,Cotton,Magnesium Sulphate,0.88,0.14,2.88,6.35,17.636,3.25,0.72,50.72,1733.1,88.43,1.6664,1.3332,0.7999,-0.423,High,8,Kharif
Sangli,Black,105,30,45,6.5,800,35,Cotton,12:32:16 NPK,0.583,0.24,0.973,3.16,6.06,2.88,0.62,10.75,514.5,73.22,3.4988,2.3328,0.6665,0.5549,Medium,7,Kharif
Kolhapur,Red,125,50,55,6.5,900,30,Cotton,Magnesium Sulphate,0.88,0.14,2.88,6.35,17.636,3.25,0.72,50.72,1733.1,84.13,2.4995,2.2723,0.9089,-0.4807,High,8,Kharif
Solapur,Black,100,60,60,7.5,500,10,Cotton,Magnesium Sulphate,0.45,0.32,0.16,1.56,1.56,0.58,0.5,7.05,481.1,68.61,1.6664,1.6664,0.9998,0.0393,Medium,7,Kharif
Kolhapur,Red,110,40,65,6.5,800,25,Cotton,13:32:26 NPK,0.88,0.14,2.88,6.35,17.636,3.25,0.72,50.72,1733.1,82.2,2.7493,1.692,0.6153,-0.5384,High,8,Kharif
Kolhapur,Red,100,50,55,6.5,900,30,Cotton,Magnesium Sulphate,0.88,0.14,2.88,6.35,17.636,3.25,0.72,50.72,1733.1,80.27,1.9996,1.8179,0.9089,-0.4807,High,8,Kharif
Solapur,Black,105,75,80,8.5,500,25,Cotton,DAP,0.45,0.32,0.16,1.56,1.56,0.58,0.5,7.05,481.1,63.78,1.3998,1.3123,0.9374,0.0393,Medium,5,Kharif
Kolhapur,Red,120,45,50,6.0,800,25,Cotton,Magnesium Sulphate,0.88,0.14,2.88,6.35,17.636,3.25,0.72,50.72,1733.1,79.37,2.6661,2.3995,0.8998,-0.5384,High,8,Kharif
Kolhapur,Red,115,70,40,6.0,800,25,Cotton,12:32:16 NPK,0.88,0.14,2.88,6.35,17.636,3.25,0.72,50.72,1733.1,79.23,1.6426,2.8743,1.7496,-0.5384,High,8,Kharif
Kolhapur,Red,105,60,40,6.0,800,25,Cotton,12:32:16 NPK,0.88,0.14,2.88,6.35,17.636,3.25,0.72,50.72,1733.1,79.5,1.7497,2.6243,1.4996,-0.5384,High,8,Kharif
Kolhapur,Red,115,80,60,6.0,900,30,Cotton,12:32:16 NPK,0.88,0.14,2.88,6.35,17.636,3.25,0.72,50.72,1733.1,83.62,1.4373,1.9163,1.3331,-0.4807,High,8,Kharif
Kolhapur,Red,100,50,50,7.0,800,25,Cotton,13:32:26 NPK,0.88,0.14,2.88,6.35,17.636,3.25,0.72,50.72,1733.1,80.4,1.9996,1.9996,0.9998,-0.5384,High,8,Kharif
Kolhapur,Red,125,40,75,6.5,1000,35,Cotton,DAP,0.88,0.14,2.88,6.35,17.636,3.25,0.72,50.72,1733.1,85.24,3.1242,1.6664,0.5333,-0.423,High,8,Kharif
Kolhapur,Red,115,60,55,6.5,900,30,Cotton,DAP,0.88,0.14,2.88,6.35,17.636,3.25,0.72,50.72,1733.1,83.96,1.9163,2.0905,1.0907,-0.4807,High,8,Kharif
Solapur,Black,120,80,70,8.0,600,30,Cotton,Magnesium Sulphate,0.45,0.32,0.16,1.56,1.56,0.58,0.5,7.05,481.1,66.76,1.4998,1.714,1.1427,0.2471,Medium,6,Kharif
Kolhapur,Red,120,60,40,6.0,800,25,Cotton,12:32:16 NPK,0.88,0.14,2.88,6.35,17.636,3.25,0.72,50.72,1733.1,86.16,1.9997,2.9993,1.4996,-0.5384,High,8,Kharif
Kolhapur,Red,100,70,50,7.0,1000,35,Cotton,12:32:16 NPK,0.88,0.14,2.88,6.35,17.636,3.25,0.72,50.72,1733.1,86.49,1.4284,1.9996,1.3997,-0.423,High,8,Kharif
Sangli,Black,120,30,55,7.0,900,35,Cotton,Magnesium Sulphate,0.583,0.24,0.973,3.16,6.06,2.88,0.62,10.75,514.5,86.06,3.9987,2.1814,0.5454,0.7493,Medium,7,Kharif
Kolhapur,Red,115,50,50,7.0,800,25,Cotton,13:32:26 NPK,0.88,0.14,2.88,6.35,17.636,3.25,0.72,50.72,1733.1,79.23,2.2995,2.2995,0.9998,-0.5384,High,8,Kharif
Kolhapur,Red,130,60,55,6.5,900,30,Cotton,DAP,0.88,0.14,2.88,6.35,17.636,3.25,0.72,50.72,1733.1,82.35,2.1663,2.3632,1.0907,-0.4807,High,8,Kharif
Solapur,Black,100,70,75,8.0,600,20,Cotton,DAP,0.45,0.32,0.16,1.56,1.56,0.58,0.5,7.05,481.1,72.18,1.4284,1.3332,0.9332,0.2471,Medium,6,Kharif
Kolhapur,Red,100,80,55,6.5,800,25,Cotton,12:32:16 NPK,0.88,0.14,2.88,6.35,17.636,3.25,0.72,50.72,1733.1,81.5,1.2498,1.8179,1.4543,-0.5384,High,8,Kharif
Kolhapur,Red,120,70,45,7.5,900,30,Cotton,12:32:16 NPK,0.88,0.14,2.88,6.35,17.636,3.25,0.72,50.72,1733.1,82.18,1.714,2.6661,1.5552,-0.4807,High,8,Kharif
Kolhapur,Red,110,50,70,6.0,900,30,Cotton,DAP,0.88,0.14,2.88,6.35,17.636,3.25,0.72,50.72,1733.1,85.9,2.1996,1.5712,0.7142,-0.4807,High,8,Kharif
Solapur,Black,110,80,75,7.5,500,30,Cotton,DAP,0.45,0.32,0.16,1.56,1.56,0.58,0.5,7.05,481.1,62.24,1.3748,1.4665,1.0665,0.0393,Medium,7,Kharif
Kolhapur,Red,115,60,40,6.0,800,25,Cotton,12:32:16 NPK,0.88,0.14,2.88,6.35,17.636,3.25,0.72,50.72,1733.1,80.62,1.9163,2.8743,1.4996,-0.5384,High,8,Kharif
Kolhapur,Red,135,50,60,7.0,1000,35,Cotton,DAP,0.88,0.14,2.88,6.35,17.636,3.25,0.72,50.72,1733.1,88.68,2.6995,2.2496,0.8332,-0.423,High,8,Kharif
Solapur,Black,115,80,65,8.5,500,30,Cotton,12:32:16 NPK,0.45,0.32,0.16,1.56,1.56,0.58,0.5,7.05,481.1,63.99,1.4373,1.769,1.2306,0.0393,Medium,5,Kharif
Kolhapur,Red,100,45,60,6.0,1000,35,Cotton,Magnesium Sulphate,0.88,0.14,2.88,6.35,17.636,3.25,0.72,50.72,1733.1,85.63,2.2217,1.6664,0.7499,-0.423,High,8,Kharif
Kolhapur,Red,100,80,45,7.5,900,30,Cotton,DAP,0.88,0.14,2.88,6.35,17.636,3.25,0.72,50.72,1733.1,83.3,1.2498,2.2217,1.7774,-0.4807,High,8,Kharif
Kolhapur,Red,125,45,60,6.0,1000,35,Cotton,Magnesium Sulphate,0.88,0.14,2.88,6.35,17.636,3.25,0.72,50.72,1733.1,88.15,2.7772,2.083,0.7499,-0.423,High,8,Kharif
Kolhapur,Red,100,60,60,7.0,900,30,Cotton,12:32:16 NPK,0.88,0.14,2.88,6.35,17.636,3.25,0.72,50.72,1733.1,82.47,1.6664,1.6664,0.9998,-0.4807,High,8,Kharif
Solapur,Black,105,60,80,8.5,500,10,Cotton,DAP,0.45,0.32,0.16,1.56,1.56,0.58,0.5,7.05,481.1,64.46,1.7497,1.3123,0.7499,0.0393,Medium,5,Kharif
Kolhapur,Red,100,60,50,6.0,1000,35,Cotton,DAP,0.88,0.14,2.88,6.35,17.636,3.25,0.72,50.72,1733.1,89.66,1.6664,1.9996,1.1998,-0.423,High,8,Kharif
Kolhapur,Red,150,55,50,6.0,800,25,Cotton,DAP,0.88,0.14,2.88,6.35,17.636,3.25,0.72,50.72,1733.1,81.72,2.7268,2.9994,1.0998,-0.5384,High,8,Kharif
Kolhapur,Red,120,45,60,6.0,1000,35,Cotton,Magnesium Sulphate,0.88,0.14,2.88,6.35,17.636,3.25,0.72,50.72,1733.1,91.0,2.6661,1.9997,0.7499,-0.423,High,8,Kharif
Kolhapur,Red,105,60,75,7.5,1000,35,Cotton,Magnesium Sulphate,0.88,0.14,2.88,6.35,17.636,3.25,0.72,50.72,1733.1,87.78,1.7497,1.3998,0.7999,-0.423,High,8,Kharif
Kolhapur,Red,110,60,40,6.0,800,25,Cotton,12:32:16 NPK,0.88,0.14,2.88,6.35,17.636,3.25,0.72,50.72,1733.1,81.15,1.833,2.7493,1.4996,-0.5384,High,8,Kharif
Kolhapur,Red,125,50,75,7.5,1000,35,Cotton,13:32:26 NPK,0.88,0.14,2.88,6.35,17.636,3.25,0.72,50.72,1733.1,86.35,2.4995,1.6664,0.6666,-0.423,High,8,Kharif
Sangli,Black,120,20,45,6.0,700,25,Cotton,Magnesium Sulphate,0.583,0.24,0.973,3.16,6.06,2.88,0.62,10.75,514.5,75.45,5.997,2.6661,0.4443,0.3605,Medium,6,Kharif
Kolhapur,Red,120,70,60,7.0,900,30,Cotton,DAP,0.88,0.14,2.88,6.35,17.636,3.25,0.72,50.72,1733.1,85.66,1.714,1.9997,1.1665,-0.4807,High,8,Kharif
Kolhapur,Red,105,60,60,7.0,900,30,Cotton,12:32:16 NPK,0.88,0.14,2.88,6.35,17.636,3.25,0.72,50.72,1733.1,80.39,1.7497,1.7497,0.9998,-0.4807,High,8,Kharif
Kolhapur,Red,140,50,65,6.5,800,25,Cotton,Magnesium Sulphate,0.88,0.14,2.88,6.35,17.636,3.25,0.72,50.72,1733.1,77.88,2.7994,2.1535,0.7691,-0.5384,High,8,Kharif
Kolhapur,Red,135,45,65,7.5,800,25,Cotton,DAP,0.88,0.14,2.88,6.35,17.636,3.25,0.72,50.72,1733.1,75.75,2.9993,2.0766,0.6922,-0.5384,High,8,Kharif
Sangli,Black,100,30,45,6.5,800,35,Cotton,12:32:16 NPK,0.583,0.24,0.973,3.16,6.06,2.88,0.62,10.75,514.5,76.81,3.3322,2.2217,0.6665,0.5549,Medium,7,Kharif
Kolhapur,Red,125,60,65,7.5,800,25,Cotton,Magnesium Sulphate,0.88,0.14,2.88,6.35,17.636,3.25,0.72,50.72,1733.1,83.53,2.083,1.9228,0.9229,-0.5384,High,8,Kharif
Kolhapur,Red,120,40,70,6.0,900,30,Cotton,Magnesium Sulphate,0.88,0.14,2.88,6.35,17.636,3.25,0.72,50.72,1733.1,84.89,2.9993,1.714,0.5713,-0.4807,High,8,Kharif
Kolhapur,Red,105,60,60,6.0,1000,35,Cotton,13:32:26 NPK,0.88,0.14,2.88,6.35,17.636,3.25,0.72,50.72,1733.1,89.26,1.7497,1.7497,0.9998,-0.423,High,8,Kharif
Kolhapur,Red,105,40,60,7.0,1000,35,Cotton,DAP,0.88,0.14,2.88,6.35,17.636,3.25,0.72,50.72,1733.1,87.2,2.6243,1.7497,0.6666,-0.423,High,8,Kharif
Kolhapur,Red,135,40,50,6.0,800,25,Cotton,DAP,0.88,0.14,2.88,6.35,17.636,3.25,0.72,50.72,1733.1,80.69,3.3742,2.6995,0.7998,-0.5384,High,8,Kharif
Kolhapur,Red,130,50,70,6.0,900,30,Cotton,DAP,0.88,0.14,2.88,6.35,17.636,3.25,0.72,50.72,1733.1,81.36,2.5995,1.8569,0.7142,-0.4807,High,8,Kharif
Solapur,Black,105,65,65,8.0,600,15,Cotton,Magnesium Sulphate,0.45,0.32,0.16,1.56,1.56,0.58,0.5,7.05,481.1,71.5,1.6151,1.6151,0.9998,0.2471,Medium,6,Kharif
Kolhapur,Red,105,65,45,6.5,900,30,Cotton,12:32:16 NPK,0.88,0.14,2.88,6.35,17.636,3.25,0.72,50.72,1733.1,83.74,1.6151,2.3328,1.4441,-0.4807,High,8,Kharif
Sangli,Black,115,20,55,7.0,900,25,Cotton,DAP,0.583,0.24,0.973,3.16,6.06,2.88,0.62,10.75,514.5,86.03,5.7471,2.0905,0.3636,0.7493,Medium,6,Kharif
Kolhapur,Red,150,60,75,7.5,1000,35,Cotton,Magnesium Sulphate,0.88,0.14,2.88,6.35,17.636,3.25,0.72,50.72,1733.1,90.73,2.4996,1.9997,0.7999,-0.423,High,8,Kharif
Kolhapur,Red,110,60,75,7.5,1000,35,Cotton,Magnesium Sulphate,0.88,0.14,2.88,6.35,17.636,3.25,0.72,50.72,1733.1,87.56,1.833,1.4665,0.7999,-0.423,High,8,Kharif
Kolhapur,Red,115,45,60,6.0,1000,35,Cotton,Magnesium Sulphate,0.88,0.14,2.88,6.35,17.636,3.25,0.72,50.72,1733.1,89.44,2.555,1.9163,0.7499,-0.423,High,8,Kharif
Kolhapur,Red,140,50,50,7.0,800,25,Cotton,13:32:26 NPK,0.88,0.14,2.88,6.35,17.636,3.25,0.72,50.72,1733.1,84.27,2.7994,2.7994,0.9998,-0.5384,High,8,Kharif
Kolhapur,Red,120,60,55,6.5,900,30,Cotton,DAP,0.88,0.14,2.88,6.35,17.636,3.25,0.72,50.72,1733.1,83.42,1.9997,2.1814,1.0907,-0.4807,High,8,Kharif
Kolhapur,Red,150,55,65,7.5,800,25,Cotton,DAP,0.88,0.14,2.88,6.35,17.636,3.25,0.72,50.72,1733.1,79.85,2.7268,2.3073,0.846,-0.5384,High,8,Kharif
Kolhapur,Red,145,55,65,7.5,800,25,Cotton,DAP,0.88,0.14,2.88,6.35,17.636,3.25,0.72,50.72,1733.1,80.95,2.6359,2.2304,0.846,-0.5384,High,8,Kharif
Kolhapur,Red,135,45,50,6.0,800,25,Cotton,Magnesium Sulphate,0.88,0.14,2.88,6.35,17.636,3.25,0.72,50.72,1733.1,79.53,2.9993,2.6995,0.8998,-0.5384,High,8,Kharif
Solapur,Black,110,60,80,8.5,500,10,Cotton,DAP,0.45,0.32,0.16,1.56,1.56,0.58,0.5,7.05,481.1,68.65,1.833,1.3748,0.7499,0.0393,Medium,5,Kharif
Sangli,Black,100,20,45,6.0,700,25,Cotton,Magnesium Sulphate,0.583,0.24,0.973,3.16,6.06,2.88,0.62,10.75,514.5,76.1,4.9975,2.2217,0.4443,0.3605,Medium,6,Kharif
Kolhapur,Red,100,45,50,6.0,800,25,Cotton,Magnesium Sulphate,0.88,0.14,2.88,6.35,17.636,3.25,0.72,50.72,1733.1,81.14,2.2217,1.9996,0.8998,-0.5384,High,8,Kharif
Kolhapur,Red,100,45,55,6.5,900,30,Cotton,DAP,0.88,0.14,2.88,6.35,17.636,3.25,0.72,50.72,1733.1,82.57,2.2217,1.8179,0.818,-0.4807,High,8,Kharif
Kolhapur,Red,105,55,50,6.0,800,25,Cotton,DAP,0.88,0.14,2.88,6.35,17.636,3.25,0.72,50.72,1733.1,78.99,1.9087,2.0996,1.0998,-0.5384,High,8,Kharif
Solapur,Black,110,80,60,7.5,600,30,Cotton,DAP,0.45,0.32,0.16,1.56,1.56,0.58,0.5,7.05,481.1,69.84,1.3748,1.833,1.3331,0.2471,Medium,7,Kharif
Solapur,Black,120,80,75,7.5,500,30,Cotton,DAP,0.45,0.32,0.16,1.56,1.56,0.58,0.5,7.05,481.1,63.55,1.4998,1.5998,1.0665,0.0393,Medium,7,Kharif
Kolhapur,Red,115,60,50,6.0,1000,35,Cotton,DAP,0.88,0.14,2.88,6.35,17.636,3.25,0.72,50.72,1733.1,89.54,1.9163,2.2995,1.1998,-0.423,High,8,Kharif
Kolhapur,Red,130,55,75,6.5,1000,35,Cotton,DAP,0.88,0.14,2.88,6.35,17.636,3.25,0.72,50.72,1733.1,88.09,2.3632,1.7331,0.7332,-0.423,High,8,Kharif
Kolhapur,Red,110,70,45,7.5,900,30,Cotton,12:32:16 NPK,0.88,0.14,2.88,6.35,17.636,3.25,0.72,50.72,1733.1,83.9,1.5712,2.4439,1.5552,-0.4807,High,8,Kharif
Solapur,Black,110,60,70,8.0,500,10,Cotton,12:32:16 NPK,0.45,0.32,0.16,1.56,1.56,0.58,0.5,7.05,481.1,71.45,1.833,1.5712,0.857,0.0393,Medium,6,Kharif
Solapur,Black,120,60,80,8.5,500,10,Cotton,DAP,0.45,0.32,0.16,1.56,1.56,0.58,0.5,7.05,481.1,67.07,1.9997,1.4998,0.7499,0.0393,Medium,5,Kharif
Kolhapur,Red,130,50,55,6.5,900,30,Cotton,Magnesium Sulphate,0.88,0.14,2.88,6.35,17.636,3.25,0.72,50.72,1733.1,81.84,2.5995,2.3632,0.9089,-0.4807,High,8,Kharif
Kolhapur,Red,110,65,55,6.5,800,25,Cotton,DAP,0.88,0.14,2.88,6.35,17.636,3.25,0.72,50.72,1733.1,79.17,1.692,1.9996,1.1816,-0.5384,High,8,Kharif
Sangli,Black,120,20,50,7.5,1000,25,Cotton,12:32:16 NPK,0.583,0.24,0.973,3.16,6.06,2.88,0.62,10.75,514.5,92.5,5.997,2.3995,0.3999,0.9436,Medium,6,Kharif
Solapur,Black,120,60,65,8.5,600,10,Cotton,DAP,0.45,0.32,0.16,1.56,1.56,0.58,0.5,7.05,481.1,74.35,1.9997,1.8459,0.9229,0.2471,Medium,5,Kharif
Kolhapur,Red,110,50,55,6.5,900,30,Cotton,Magnesium Sulphate,0.88,0.14,2.88,6.35,17.636,3.25,0.72,50.72,1733.1,80.77,2.1996,1.9996,0.9089,-0.4807,High,8,Kharif
Kolhapur,Red,105,50,60,7.0,1000,35,Cotton,DAP,0.88,0.14,2.88,6.35,17.636,3.25,0.72,50.72,1733.1,91.79,2.0996,1.7497,0.8332,-0.423,High,8,Kharif
Kolhapur,Red,135,40,60,7.0,1000,35,Cotton,DAP,0.88,0.14,2.88,6.35,17.636,3.25,0.72,50.72,1733.1,89.0,3.3742,2.2496,0.6666,-0.423,High,8,Kharif
Kolhapur,Red,100,75,50,6.0,1000,35,Cotton,12:32:16 NPK,0.88,0.14,2.88,6.35,17.636,3.25,0.72,50.72,1733.1,86.85,1.3332,1.9996,1.4997,-0.423,High,8,Kharif
Solapur,Black,110,75,70,8.5,600,25,Cotton,DAP,0.45,0.32,0.16,1.56,1.56,0.58,0.5,7.05,481.1,70.6,1.4665,1.5712,1.0713,0.2471,Medium,5,Kharif
Kolhapur,Red,125,45,65,7.5,800,25,Cotton,DAP,0.88,0.14,2.88,6.35,17.636,3.25,0.72,50.72,1733.1,78.32,2.7772,1.9228,0.6922,-0.5384,High,8,Kharif
Kolhapur,Red,115,45,65,7.5,800,25,Cotton,DAP,0.88,0.14,2.88,6.35,17.636,3.25,0.72,50.72,1733.1,84.38,2.555,1.769,0.6922,-0.5384,High,8,Kharif
Kolhapur,Red,115,55,70,7.0,900,30,Cotton,Magnesium Sulphate,0.88,0.14,2.88,6.35,17.636,3.25,0.72,50.72,1733.1,82.41,2.0905,1.6426,0.7856,-0.4807,High,8,Kharif
Kolhapur,Red,115,55,75,6.5,1000,35,Cotton,DAP,0.88,0.14,2.88,6.35,17.636,3.25,0.72,50.72,1733.1,84.81,2.0905,1.5331,0.7332,-0.423,High,8,Kharif
Kolhapur,Red,125,50,50,7.0,800,25,Cotton,13:32:26 NPK,0.88,0.14,2.88,6.35,17.636,3.25,0.72,50.72,1733.1,81.32,2.4995,2.4995,0.9998,-0.5384,High,8,Kharif
Kolhapur,Red,150,60,50,7.0,800,25,Cotton,Magnesium Sulphate,0.88,0.14,2.88,6.35,17.636,3.25,0.72,50.72,1733.1,82.36,2.4996,2.9994,1.1998,-0.5384,High,8,Kharif
Kolhapur,Red,120,45,65,7.5,800,25,Cotton,DAP,0.88,0.14,2.88,6.35,17.636,3.25,0.72,50.72,1733.1,78.38,2.6661,1.8459,0.6922,-0.5384,High,8,Kharif
Solapur,Black,100,60,80,8.5,500,10,Cotton,DAP,0.45,0.32,0.16,1.56,1.56,0.58,0.5,7.05,481.1,68.28,1.6664,1.2498,0.7499,0.0393,Medium,5,Kharif
Kolhapur,Red,110,60,55,6.5,900,30,Cotton,DAP,0.88,0.14,2.88,6.35,17.636,3.25,0.72,50.72,1733.1,81.99,1.833,1.9996,1.0907,-0.4807,High,8,Kharif
Kolhapur,Red,145,40,50,6.0,800,25,Cotton,DAP,0.88,0.14,2.88,6.35,17.636,3.25,0.72,50.72,1733.1,80.46,3.6241,2.8994,0.7998,-0.5384,High,8,Kharif
Sangli,Black,115,25,50,6.5,800,30,Cotton,Magnesium Sulphate,0.583,0.24,0.973,3.16,6.06,2.88,0.62,10.75,514.5,78.33,4.5982,2.2995,0.4999,0.5549,Medium,7,Kharif
Kolhapur,Red,115,50,65,6.5,800,25,Cotton,Magnesium Sulphate,0.88,0.14,2.88,6.35,17.636,3.25,0.72,50.72,1733.1,77.39,2.2995,1.769,0.7691,-0.5384,High,8,Kharif
Kolhapur,Red,105,60,65,6.5,1000,35,Cotton,12:32:16 NPK,0.88,0.14,2.88,6.35,17.636,3.25,0.72,50.72,1733.1,89.85,1.7497,1.6151,0.9229,-0.423,High,8,Kharif
Sangli,Black,100,20,55,7.0,900,25,Cotton,DAP,0.583,0.24,0.973,3.16,6.06,2.88,0.62,10.75,514.5,85.86,4.9975,1.8179,0.3636,0.7493,Medium,6,Kharif
Solapur,Black,120,75,65,7.5,500,25,Cotton,Magnesium Sulphate,0.45,0.32,0.16,1.56,1.56,0.58,0.5,7.05,481.1,64.26,1.5998,1.8459,1.1537,0.0393,Medium,7,Kharif
Kolhapur,Red,135,50,55,6.5,900,30,Cotton,Magnesium Sulphate,0.88,0.14,2.88,6.35,17.636,3.25,0.72,50.72,1733.1,82.57,2.6995,2.4541,0.9089,-0.4807,High,8,Kharif
Kolhapur,Red,150,45,60,6.0,1000,35,Cotton,Magnesium Sulphate,0.88,0.14,2.88,6.35,17.636,3.25,0.72,50.72,1733.1,88.77,3.3326,2.4996,0.7499,-0.423,High,8,Kharif
Kolhapur,Red,115,70,60,7.0,900,30,Cotton,DAP,0.88,0.14,2.88,6.35,17.636,3.25,0.72,50.72,1733.1,82.3,1.6426,1.9163,1.1665,-0.4807,High,8,Kharif
Kolhapur,Red,125,55,50,6.0,800,25,Cotton,DAP,0.88,0.14,2.88,6.35,17.636,3.25,0.72,50.72,1733.1,77.19,2.2723,2.4995,1.0998,-0.5384,High,8,Kharif
Kolhapur,Red,145,50,75,7.5,1000,35,Cotton,13:32:26 NPK,0.88,0.14,2.88,6.35,17.636,3.25,0.72,50.72,1733.1,86.36,2.8994,1.9331,0.6666,-0.423,High,8,Kharif
Kolhapur,Red,115,40,55,7.5,900,30,Cotton,Magnesium Sulphate,0.88,0.14,2.88,6.35,17.636,3.25,0.72,50.72,1733.1,83.5,2.8743,2.0905,0.7271,-0.4807,High,8,Kharif
Kolhapur,Red,125,55,60,7.0,1000,35,Cotton,Magnesium Sulphate,0.88,0.14,2.88,6.35,17.636,3.25,0.72,50.72,1733.1,88.37,2.2723,2.083,0.9165,-0.423,High,8,Kharif
Kolhapur,Red,110,60,55,7.5,800,25,Cotton,DAP,0.88,0.14,2.88,6.35,17.636,3.25,0.72,50.72,1733.1,79.69,1.833,1.9996,1.0907,-0.5384,High,8,Kharif
Kolhapur,Red,115,65,50,7.0,1000,35,Cotton,Magnesium Sulphate,0.88,0.14,2.88,6.35,17.636,3.25,0.72,50.72,1733.1,85.51,1.769,2.2995,1.2997,-0.423,High,8,Kharif
Solapur,Black,110,70,65,8.0,500,20,Cotton,DAP,0.45,0.32,0.16,1.56,1.56,0.58,0.5,7.05,481.1,69.32,1.5712,1.692,1.0768,0.0393,Medium,6,Kharif
Kolhapur,Red,130,50,60,7.0,1000,35,Cotton,DAP,0.88,0.14,2.88,6.35,17.636,3.25,0.72,50.72,1733.1,87.85,2.5995,2.1663,0.8332,-0.423,High,8,Kharif
Kolhapur,Red,140,45,70,7.0,900,30,Cotton,13:32:26 NPK,0.88,0.14,2.88,6.35,17.636,3.25,0.72,50.72,1733.1,85.25,3.1104,1.9997,0.6428,-0.4807,High,8,Kharif
Solapur,Black,110,75,80,8.5,500,25,Cotton,DAP,0.45,0.32,0.16,1.56,1.56,0.58,0.5,7.05,481.1,64.73,1.4665,1.3748,0.9374,0.0393,Medium,5,Kharif
Kolhapur,Red,110,45,70,7.0,900,30,Cotton,13:32:26 NPK,0.88,0.14,2.88,6.35,17.636,3.25,0.72,50.72,1733.1,82.36,2.4439,1.5712,0.6428,-0.4807,High,8,Kharif
Kolhapur,Red,135,55,75,6.5,1000,35,Cotton,DAP,0.88,0.14,2.88,6.35,17.636,3.25,0.72,50.72,1733.1,87.1,2.4541,1.7998,0.7332,-0.423,High,8,Kharif
Kolhapur,Red,150,55,55,7.5,900,30,Cotton,13:32:26 NPK,0.88,0.14,2.88,6.35,17.636,3.25,0.72,50.72,1733.1,84.61,2.7268,2.7268,0.9998,-0.4807,High,8,Kharif
Kolhapur,Red,145,45,50,6.0,800,25,Cotton,Magnesium Sulphate,0.88,0.14,2.88,6.35,17.636,3.25,0.72,50.72,1733.1,80.16,3.2215,2.8994,0.8998,-0.5384,High,8,Kharif
Solapur,Black,115,80,80,8.0,500,30,Cotton,Magnesium Sulphate,0.45,0.32,0.16,1.56,1.56,0.58,0.5,7.05,481.1,69.2,1.4373,1.4373,0.9999,0.0393,Medium,6,Kharif
Kolhapur,Red,120,55,60,7.0,1000,35,Cotton,Magnesium Sulphate,0.88,0.14,2.88,6.35,17.636,3.25,0.72,50.72,1733.1,83.95,2.1814,1.9997,0.9165,-0.423,High,8,Kharif
Kolhapur,Red,120,80,60,6.0,900,30,Cotton,12:32:16 NPK,0.88,0.14,2.88,6.35,17.636,3.25,0.72,50.72,1733.1,82.25,1.4998,1.9997,1.3331,-0.4807,High,8,Kharif
Kolhapur,Red,110,45,50,6.0,800,25,Cotton,Magnesium Sulphate,0.88,0.14,2.88,6.35,17.636,3.25,0.72,50.72,1733.1,81.91,2.4439,2.1996,0.8998,-0.5384,High,8,Kharif
Solapur,Black,110,60,60,7.5,500,10,Cotton,Magnesium Sulphate,0.45,0.32,0.16,1.56,1.56,0.58,0.5,7.05,481.1,69.72,1.833,1.833,0.9998,0.0393,Medium,7,Kharif
Kolhapur,Red,100,65,45,6.5,900,30,Cotton,12:32:16 NPK,0.88,0.14,2.88,6.35,17.636,3.25,0.72,50.72,1733.1,86.24,1.5382,2.2217,1.4441,-0.4807,High,8,Kharif
Kolhapur,Red,105,50,75,7.5,1000,35,Cotton,13:32:26 NPK,0.88,0.14,2.88,6.35,17.636,3.25,0.72,50.72,1733.1,88.15,2.0996,1.3998,0.6666,-0.423,High,8,Kharif
Kolhapur,Red,120,45,55,6.5,900,30,Cotton,DAP,0.88,0.14,2.88,6.35,17.636,3.25,0.72,50.72,1733.1,85.31,2.6661,2.1814,0.818,-0.4807,High,8,Kharif
Kolhapur,Red,105,65,55,6.5,800,25,Cotton,DAP,0.88,0.14,2.88,6.35,17.636,3.25,0.72,50.72,1733.1,80.68,1.6151,1.9087,1.1816,-0.5384,High,8,Kharif
Kolhapur,Red,120,60,55,7.5,800,25,Cotton,DAP,0.88,0.14,2.88,6.35,17.636,3.25,0.72,50.72,1733.1,80.51,1.9997,2.1814,1.0907,-0.5384,High,8,Kharif
Kolhapur,Red,100,55,60,7.0,1000,35,Cotton,Magnesium Sulphate,0.88,0.14,2.88,6.35,17.636,3.25,0.72,50.72,1733.1,88.09,1.8179,1.6664,0.9165,-0.423,High,8,Kharif
Solapur,Black,100,75,60,8.0,600,25,Cotton,12:32:16 NPK,0.45,0.32,0.16,1.56,1.56,0.58,0.5,7.05,481.1,74.01,1.3332,1.6664,1.2498,0.2471,Medium,6,Kharif
Kolhapur,Red,135,40,70,6.0,900,30,Cotton,Magnesium Sulphate,0.88,0.14,2.88,6.35,17.636,3.25,0.72,50.72,1733.1,83.88,3.3742,1.9283,0.5713,-0.4807,High,8,Kharif
Sangli,Black,100,25,55,6.0,700,30,Cotton,12:32:16 NPK,0.583,0.24,0.973,3.16,6.06,2.88,0.62,10.75,514.5,71.33,3.9984,1.8179,0.4545,0.3605,Medium,7,Kharif
Solapur,Black,110,65,65,8.0,600,15,Cotton,Magnesium Sulphate,0.45,0.32,0.16,1.56,1.56,0.58,0.5,7.05,481.1,75.21,1.692,1.692,0.9998,0.2471,Medium,6,Kharif
Kolhapur,Red,100,55,65,7.5,800,25,Cotton,DAP,0.88,0.14,2.88,6.35,17.636,3.25,0.72,50.72,1733.1,82.91,1.8179,1.5382,0.846,-0.5384,High,8,Kharif
Kolhapur,Red,100,40,50,6.0,800,25,Cotton,DAP,0.88,0.14,2.88,6.35,17.636,3.25,0.72,50.72,1733.1,80.52,2.4994,1.9996,0.7998,-0.5384,High,8,Kharif
Sangli,Black,110,25,45,7.5,1000,30,Cotton,DAP,0.583,0.24,0.973,3.16,6.06,2.88,0.62,10.75,514.5,87.84,4.3982,2.4439,0.5554,0.9436,Medium,7,Kharif
Kolhapur,Red,140,50,70,6.0,900,30,Cotton,DAP,0.88,0.14,2.88,6.35,17.636,3.25,0.72,50.72,1733.1,86.36,2.7994,1.9997,0.7142,-0.4807,High,8,Kharif
Kolhapur,Red,110,65,60,6.0,900,30,Cotton,DAP,0.88,0.14,2.88,6.35,17.636,3.25,0.72,50.72,1733.1,83.02,1.692,1.833,1.0832,-0.4807,High,8,Kharif
Kolhapur,Red,105,75,45,6.5,900,30,Cotton,DAP,0.88,0.14,2.88,6.35,17.636,3.25,0.72,50.72,1733.1,85.67,1.3998,2.3328,1.6663,-0.4807,High,8,Kharif
Solapur,Black,120,75,75,7.5,600,25,Cotton,Magnesium Sulphate,0.45,0.32,0.16,1.56,1.56,0.58,0.5,7.05,481.1,70.04,1.5998,1.5998,0.9999,0.2471,Medium,7,Kharif
Kolhapur,Red,125,50,65,6.5,800,25,Cotton,Magnesium Sulphate,0.88,0.14,2.88,6.35,17.636,3.25,0.72,50.72,1733.1,80.73,2.4995,1.9228,0.7691,-0.5384,High,8,Kharif
Kolhapur,Red,100,50,60,7.0,1000,35,Cotton,DAP,0.88,0.14,2.88,6.35,17.636,3.25,0.72,50.72,1733.1,89.64,1.9996,1.6664,0.8332,-0.423,High,8,Kharif
Kolhapur,Red,130,40,75,6.5,1000,35,Cotton,DAP,0.88,0.14,2.88,6.35,17.636,3.25,0.72,50.72,1733.1,86.12,3.2492,1.7331,0.5333,-0.423,High,8,Kharif
Kolhapur,Red,130,40,70,6.0,900,30,Cotton,Magnesium Sulphate,0.88,0.14,2.88,6.35,17.636,3.25,0.72,50.72,1733.1,82.15,3.2492,1.8569,0.5713,-0.4807,High,8,Kharif
Solapur,Black,105,80,80,8.0,500,30,Cotton,Magnesium Sulphate,0.45,0.32,0.16,1.56,1.56,0.58,0.5,7.05,481.1,67.4,1.3123,1.3123,0.9999,0.0393,Medium,6,Kharif
Kolhapur,Red,140,40,60,7.0,1000,35,Cotton,DAP,0.88,0.14,2.88,6.35,17.636,3.25,0.72,50.72,1733.1,90.9,3.4991,2.3329,0.6666,-0.423,High,8,Kharif
Kolhapur,Red,105,55,60,7.0,1000,35,Cotton,Magnesium Sulphate,0.88,0.14,2.88,6.35,17.636,3.25,0.72,50.72,1733.1,86.7,1.9087,1.7497,0.9165,-0.423,High,8,Kharif
Kolhapur,Red,130,45,70,7.0,900,30,Cotton,13:32:26 NPK,0.88,0.14,2.88,6.35,17.636,3.25,0.72,50.72,1733.1,86.32,2.8882,1.8569,0.6428,-0.4807,High,8,Kharif
Kolhapur,Red,100,40,55,7.5,900,30,Cotton,Magnesium Sulphate,0.88,0.14,2.88,6.35,17.636,3.25,0.72,50.72,1733.1,84.14,2.4994,1.8179,0.7271,-0.4807,High,8,Kharif
Kolhapur,Red,145,40,55,7.5,900,30,Cotton,Magnesium Sulphate,0.88,0.14,2.88,6.35,17.636,3.25,0.72,50.72,1733.1,86.12,3.6241,2.6359,0.7271,-0.4807,High,8,Kharif
Kolhapur,Red,135,45,55,6.5,900,30,Cotton,DAP,0.88,0.14,2.88,6.35,17.636,3.25,0.72,50.72,1733.1,86.32,2.9993,2.4541,0.818,-0.4807,High,8,Kharif
Solapur,Black,100,75,75,7.5,600,25,Cotton,Magnesium Sulphate,0.45,0.32,0.16,1.56,1.56,0.58,0.5,7.05,481.1,68.7,1.3332,1.3332,0.9999,0.2471,Medium,7,Kharif
Kolhapur,Red,120,75,45,6.5,900,30,Cotton,DAP,0.88,0.14,2.88,6.35,17.636,3.25,0.72,50.72,1733.1,86.88,1.5998,2.6661,1.6663,-0.4807,High,8,Kharif
Kolhapur,Red,105,55,55,7.5,900,30,Cotton,13:32:26 NPK,0.88,0.14,2.88,6.35,17.636,3.25,0.72,50.72,1733.1,84.56,1.9087,1.9087,0.9998,-0.4807,High,8,Kharif
Kolhapur,Red,115,65,45,6.5,900,30,Cotton,12:32:16 NPK,0.88,0.14,2.88,6.35,17.636,3.25,0.72,50.72,1733.1,80.79,1.769,2.555,1.4441,-0.4807,High,8,Kharif
Solapur,Black,120,70,75,8.0,600,20,Cotton,DAP,0.45,0.32,0.16,1.56,1.56,0.58,0.5,7.05,481.1,71.89,1.714,1.5998,0.9332,0.2471,Medium,6,Kharif
Solapur,Black,100,65,60,7.5,600,15,Cotton,DAP,0.45,0.32,0.16,1.56,1.56,0.58,0.5,7.05,481.1,68.81,1.5382,1.6664,1.0832,0.2471,Medium,7,Kharif
Kolhapur,Red,110,60,50,6.0,1000,35,Cotton,DAP,0.88,0.14,2.88,6.35,17.636,3.25,0.72,50.72,1733.1,88.47,1.833,2.1996,1.1998,-0.423,High,8,Kharif
Kolhapur,Red,100,60,55,7.5,800,25,Cotton,DAP,0.88,0.14,2.88,6.35,17.636,3.25,0.72,50.72,1733.1,78.79,1.6664,1.8179,1.0907,-0.5384,High,8,Kharif
Kolhapur,Red,110,60,70,6.0,900,30,Cotton,DAP,0.88,0.14,2.88,6.35,17.636,3.25,0.72,50.72,1733.1,83.11,1.833,1.5712,0.857,-0.4807,High,8,Kharif
Kolhapur,Red,140,55,75,6.5,1000,35,Cotton,DAP,0.88,0.14,2.88,6.35,17.636,3.25,0.72,50.72,1733.1,89.25,2.545,1.8664,0.7332,-0.423,High,8,Kharif
Kolhapur,Red,140,50,75,7.5,1000,35,Cotton,13:32:26 NPK,0.88,0.14,2.88,6.35,17.636,3.25,0.72,50.72,1733.1,86.87,2.7994,1.8664,0.6666,-0.423,High,8,Kharif
Sangli,Black,120,30,50,6.0,700,35,Cotton,DAP,0.583,0.24,0.973,3.16,6.06,2.88,0.62,10.75,514.5,76.78,3.9987,2.3995,0.5999,0.3605,Medium,7,Kharif
Solapur,Black,100,70,80,7.5,500,20,Cotton,12:32:16 NPK,0.45,0.32,0.16,1.56,1.56,0.58,0.5,7.05,481.1,64.9,1.4284,1.2498,0.8749,0.0393,Medium,7,Kharif
Kolhapur,Red,140,60,65,7.5,800,25,Cotton,Magnesium Sulphate,0.88,0.14,2.88,6.35,17.636,3.25,0.72,50.72,1733.1,81.84,2.3329,2.1535,0.9229,-0.5384,High,8,Kharif
Kolhapur,Red,120,75,40,7.0,800,25,Cotton,DAP,0.88,0.14,2.88,6.35,17.636,3.25,0.72,50.72,1733.1,76.26,1.5998,2.9993,1.8745,-0.5384,High,8,Kharif
Kolhapur,Red,110,60,45,6.5,900,30,Cotton,DAP,0.88,0.14,2.88,6.35,17.636,3.25,0.72,50.72,1733.1,82.16,1.833,2.4439,1.333,-0.4807,High,8,Kharif
Kolhapur,Red,135,50,65,6.5,800,25,Cotton,Magnesium Sulphate,0.88,0.14,2.88,6.35,17.636,3.25,0.72,50.72,1733.1,78.97,2.6995,2.0766,0.7691,-0.5384,High,8,Kharif
Sangli,Black,100,20,50,7.5,1000,25,Cotton,12:32:16 NPK,0.583,0.24,0.973,3.16,6.06,2.88,0.62,10.75,514.5,91.78,4.9975,1.9996,0.3999,0.9436,Medium,6,Kharif
Solapur,Black,115,60,80,8.5,500,10,Cotton,DAP,0.45,0.32,0.16,1.56,1.56,0.58,0.5,7.05,481.1,67.7,1.9163,1.4373,0.7499,0.0393,Medium,5,Kharif
Solapur,Black,115,80,70,8.0,600,30,Cotton,Magnesium Sulphate,0.45,0.32,0.16,1.56,1.56,0.58,0.5,7.05,481.1,68.02,1.4373,1.6426,1.1427,0.2471,Medium,6,Kharif
Kolhapur,Red,115,80,65,6.5,1000,35,Cotton,Magnesium Sulphate,0.88,0.14,2.88,6.35,17.636,3.25,0.72,50.72,1733.1,91.76,1.4373,1.769,1.2306,-0.423,High,8,Kharif
Solapur,Black,100,60,70,8.0,500,10,Cotton,12:32:16 NPK,0.45,0.32,0.16,1.56,1.56,0.58,0.5,7.05,481.1,69.44,1.6664,1.4284,0.857,0.0393,Medium,6,Kharif
Sangli,Black,115,30,45,6.5,800,35,Cotton,12:32:16 NPK,0.583,0.24,0.973,3.16,6.06,2.88,0.62,10.75,514.5,79.83,3.8321,2.555,0.6665,0.5549,Medium,7,Kharif
Kolhapur,Red,130,55,55,7.5,900,30,Cotton,13:32:26 NPK,0.88,0.14,2.88,6.35,17.636,3.25,0.72,50.72,1733.1,85.7,2.3632,2.3632,0.9998,-0.4807,High,8,Kharif
Kolhapur,Red,115,45,75,6.5,1000,35,Cotton,Magnesium Sulphate,0.88,0.14,2.88,6.35,17.636,3.25,0.72,50.72,1733.1,87.12,2.555,1.5331,0.5999,-0.423,High,8,Kharif
Solapur,Black,120,65,70,7.5,500,15,Cotton,DAP,0.45,0.32,0.16,1.56,1.56,0.58,0.5,7.05,481.1,65.84,1.8459,1.714,0.9284,0.0393,Medium,7,Kharif
Solapur,Black,120,60,75,7.5,600,10,Cotton,Magnesium Sulphate,0.45,0.32,0.16,1.56,1.56,0.58,0.5,7.05,481.1,75.96,1.9997,1.5998,0.7999,0.2471,Medium,7,Kharif
Kolhapur,Red,145,45,70,7.0,900,30,Cotton,13:32:26 NPK,0.88,0.14,2.88,6.35,17.636,3.25,0.72,50.72,1733.1,85.26,3.2215,2.0711,0.6428,-0.4807,High,8,Kharif
Solapur,Black,110,80,65,8.5,500,30,Cotton,12:32:16 NPK,0.45,0.32,0.16,1.56,1.56,0.58,0.5,7.05,481.1,62.36,1.3748,1.692,1.2306,0.0393,Medium,5,Kharif
Kolhapur,Red,120,75,55,7.5,800,25,Cotton,12:32:16 NPK,0.88,0.14,2.88,6.35,17.636,3.25,0.72,50.72,1733.1,78.28,1.5998,2.1814,1.3634,-0.5384,High,8,Kharif
Sangli,Black,100,25,45,7.5,1000,30,Cotton,DAP,0.583,0.24,0.973,3.16,6.06,2.88,0.62,10.75,514.5,93.37,3.9984,2.2217,0.5554,0.9436,Medium,7,Kharif
Solapur,Black,115,75,70,8.5,600,25,Cotton,DAP,0.45,0.32,0.16,1.56,1.56,0.58,0.5,7.05,481.1,71.53,1.5331,1.6426,1.0713,0.2471,Medium,5,Kharif
Kolhapur,Red,150,50,50,7.0,800,25,Cotton,13:32:26 NPK,0.88,0.14,2.88,6.35,17.636,3.25,0.72,50.72,1733.1,79.7,2.9994,2.9994,0.9998,-0.5384,High,8,Kharif
Kolhapur,Red,145,50,50,7.0,800,25,Cotton,13:32:26 NPK,0.88,0.14,2.88,6.35,17.636,3.25,0.72,50.72,1733.1,76.1,2.8994,2.8994,0.9998,-0.5384,High,8,Kharif
Sangli,Black,105,20,55,7.0,900,25,Cotton,DAP,0.583,0.24,0.973,3.16,6.06,2.88,0.62,10.75,514.5,84.44,5.2474,1.9087,0.3636,0.7493,Medium,6,Kharif
Kolhapur,Red,140,45,55,6.5,900,30,Cotton,DAP,0.88,0.14,2.88,6.35,17.636,3.25,0.72,50.72,1733.1,82.36,3.1104,2.545,0.818,-0.4807,High,8,Kharif
Kolhapur,Red,135,40,65,6.5,800,25,Cotton,13:32:26 NPK,0.88,0.14,2.88,6.35,17.636,3.25,0.72,50.72,1733.1,81.36,3.3742,2.0766,0.6153,-0.5384,High,8,Kharif
Solapur,Black,105,80,60,7.5,600,30,Cotton,DAP,0.45,0.32,0.16,1.56,1.56,0.58,0.5,7.05,481.1,68.76,1.3123,1.7497,1.3331,0.2471,Medium,7,Kharif
Kolhapur,Red,105,45,55,6.5,900,30,Cotton,DAP,0.88,0.14,2.88,6.35,17.636,3.25,0.72,50.72,1733.1,87.73,2.3328,1.9087,0.818,-0.4807,High,8,Kharif
Kolhapur,Red,115,50,60,7.0,1000,35,Cotton,DAP,0.88,0.14,2.88,6.35,17.636,3.25,0.72,50.72,1733.1,86.49,2.2995,1.9163,0.8332,-0.423,High,8,Kharif
Kolhapur,Red,105,80,40,6.0,800,25,Cotton,DAP,0.88,0.14,2.88,6.35,17.636,3.25,0.72,50.72,1733.1,78.98,1.3123,2.6243,1.9995,-0.5384,High,8,Kharif
Kolhapur,Red,120,40,65,6.5,800,25,Cotton,13:32:26 NPK,0.88,0.14,2.88,6.35,17.636,3.25,0.72,50.72,1733.1,81.63,2.9993,1.8459,0.6153,-0.5384,High,8,Kharif
Kolhapur,Red,110,80,40,6.0,800,25,Cotton,DAP,0.88,0.14,2.88,6.35,17.636,3.25,0.72,50.72,1733.1,79.46,1.3748,2.7493,1.9995,-0.5384,High,8,Kharif
Kolhapur,Red,100,60,65,6.5,1000,35,Cotton,12:32:16 NPK,0.88,0.14,2.88,6.35,17.636,3.25,0.72,50.72,1733.1,85.23,1.6664,1.5382,0.9229,-0.423,High,8,Kharif
Kolhapur,Red,115,50,70,6.0,900,30,Cotton,DAP,0.88,0.14,2.88,6.35,17.636,3.25,0.72,50.72,1733.1,82.85,2.2995,1.6426,0.7142,-0.4807,High,8,Kharif
Kolhapur,Red,105,50,65,6.5,800,25,Cotton,Magnesium Sulphate,0.88,0.14,2.88,6.35,17.636,3.25,0.72,50.72,1733.1,75.87,2.0996,1.6151,0.7691,-0.5384,High,8,Kharif
Solapur,Black,120,70,60,8.5,600,20,Cotton,Magnesium Sulphate,0.45,0.32,0.16,1.56,1.56,0.58,0.5,7.05,481.1,74.71,1.714,1.9997,1.1665,0.2471,Medium,5,Kharif
Kolhapur,Red,140,60,50,7.0,800,25,Cotton,Magnesium Sulphate,0.88,0.14,2.88,6.35,17.636,3.25,0.72,50.72,1733.1,83.1,2.3329,2.7994,1.1998,-0.5384,High,8,Kharif
Kolhapur,Red,100,60,60,6.0,1000,35,Cotton,13:32:26 NPK,0.88,0.14,2.88,6.35,17.636,3.25,0.72,50.72,1733.1,89.63,1.6664,1.6664,0.9998,-0.423,High,8,Kharif
Kolhapur,Red,125,45,75,6.5,1000,35,Cotton,Magnesium Sulphate,0.88,0.14,2.88,6.35,17.636,3.25,0.72,50.72,1733.1,90.88,2.7772,1.6664,0.5999,-0.423,High,8,Kharif
Solapur,Black,100,80,80,8.0,500,30,Cotton,Magnesium Sulphate,0.45,0.32,0.16,1.56,1.56,0.58,0.5,7.05,481.1,64.62,1.2498,1.2498,0.9999,0.0393,Medium,6,Kharif
Kolhapur,Red,105,45,60,6.0,1000,35,Cotton,Magnesium Sulphate,0.88,0.14,2.88,6.35,17.636,3.25,0.72,50.72,1733.1,83.92,2.3328,1.7497,0.7499,-0.423,High,8,Kharif
Kolhapur,Red,115,40,70,6.0,900,30,Cotton,Magnesium Sulphate,0.88,0.14,2.88,6.35,17.636,3.25,0.72,50.72,1733.1,82.58,2.8743,1.6426,0.5713,-0.4807,High,8,Kharif
Solapur,Black,105,60,60,7.5,500,10,Cotton,Magnesium Sulphate,0.45,0.32,0.16,1.56,1.56,0.58,0.5,7.05,481.1,69.63,1.7497,1.7497,0.9998,0.0393,Medium,7,Kharif
Kolhapur,Red,140,40,65,6.5,800,25,Cotton,13:32:26 NPK,0.88,0.14,2.88,6.35,17.636,3.25,0.72,50.72,1733.1,79.38,3.4991,2.1535,0.6153,-0.5384,High,8,Kharif
Kolhapur,Red,110,40,75,6.5,1000,35,Cotton,DAP,0.88,0.14,2.88,6.35,17.636,3.25,0.72,50.72,1733.1,89.12,2.7493,1.4665,0.5333,-0.423,High,8,Kharif
Kolhapur,Red,110,80,65,6.5,1000,35,Cotton,Magnesium Sulphate,0.88,0.14,2.88,6.35,17.636,3.25,0.72,50.72,1733.1,88.94,1.3748,1.692,1.2306,-0.423,High,8,Kharif
Kolhapur,Red,110,40,60,7.0,1000,35,Cotton,DAP,0.88,0.14,2.88,6.35,17.636,3.25,0.72,50.72,1733.1,88.45,2.7493,1.833,0.6666,-0.423,High,8,Kharif
Kolhapur,Red,125,40,55,7.5,900,30,Cotton,Magnesium Sulphate,0.88,0.14,2.88,6.35,17.636,3.25,0.72,50.72,1733.1,85.29,3.1242,2.2723,0.7271,-0.4807,High,8,Kharif
Kolhapur,Red,130,45,55,6.5,900,30,Cotton,DAP,0.88,0.14,2.88,6.35,17.636,3.25,0.72,50.72,1733.1,85.57,2.8882,2.3632,0.818,-0.4807,High,8,Kharif
Kolhapur,Red,110,60,65,6.5,1000,35,Cotton,12:32:16 NPK,0.88,0.14,2.88,6.35,17.636,3.25,0.72,50.72,1733.1,91.82,1.833,1.692,0.9229,-0.423,High,8,Kharif
Kolhapur,Red,110,55,75,6.5,1000,35,Cotton,DAP,0.88,0.14,2.88,6.35,17.636,3.25,0.72,50.72,1733.1,90.48,1.9996,1.4665,0.7332,-0.423,High,8,Kharif
Kolhapur,Red,120,65,40,7.0,800,25,Cotton,12:32:16 NPK,0.88,0.14,2.88,6.35,17.636,3.25,0.72,50.72,1733.1,80.1,1.8459,2.9993,1.6246,-0.5384,High,8,Kharif
Sangli,Black,110,20,50,7.5,1000,25,Cotton,12:32:16 NPK,0.583,0.24,0.973,3.16,6.06,2.88,0.62,10.75,514.5,90.12,5.4973,2.1996,0.3999,0.9436,Medium,6,Kharif
Kolhapur,Red,115,50,75,7.5,1000,35,Cotton,13:32:26 NPK,0.88,0.14,2.88,6.35,17.636,3.25,0.72,50.72,1733.1,89.95,2.2995,1.5331,0.6666,-0.423,High,8,Kharif
Kolhapur,Red,110,60,60,7.0,900,30,Cotton,12:32:16 NPK,0.88,0.14,2.88,6.35,17.636,3.25,0.72,50.72,1733.1,80.74,1.833,1.833,0.9998,-0.4807,High,8,Kharif
Solapur,Black,100,75,65,7.5,500,25,Cotton,Magnesium Sulphate,0.45,0.32,0.16,1.56,1.56,0.58,0.5,7.05,481.1,67.44,1.3332,1.5382,1.1537,0.0393,Medium,7,Kharif
Kolhapur,Red,140,60,75,7.5,1000,35,Cotton,Magnesium Sulphate,0.88,0.14,2.88,6.35,17.636,3.25,0.72,50.72,1733.1,83.4,2.3329,1.8664,0.7999,-0.423,High,8,Kharif
Kolhapur,Red,130,55,60,7.0,1000,35,Cotton,Magnesium Sulphate,0.88,0.14,2.88,6.35,17.636,3.25,0.72,50.72,1733.1,86.68,2.3632,2.1663,0.9165,-0.423,High,8,Kharif
Kolhapur,Red,120,45,70,7.0,900,30,Cotton,13:32:26 NPK,0.88,0.14,2.88,6.35,17.636,3.25,0.72,50.72,1733.1,81.99,2.6661,1.714,0.6428,-0.4807,High,8,Kharif
Kolhapur,Red,120,50,65,6.5,800,25,Cotton,Magnesium Sulphate,0.88,0.14,2.88,6.35,17.636,3.25,0.72,50.72,1733.1,81.34,2.3995,1.8459,0.7691,-0.5384,High,8,Kharif
Kolhapur,Red,110,70,60,7.0,900,30,Cotton,DAP,0.88,0.14,2.88,6.35,17.636,3.25,0.72,50.72,1733.1,83.08,1.5712,1.833,1.1665,-0.4807,High,8,Kharif
Kolhapur,Red,100,75,45,6.5,900,30,Cotton,12:32:16 NPK,0.88,0.14,2.88,6.35,17.636,3.25,0.72,50.72,1733.1,82.85,1.3332,2.2217,1.6663,-0.4807,High,8,Kharif
Solapur,Black,105,65,75,8.5,600,15,Cotton,12:32:16 NPK,0.45,0.32,0.16,1.56,1.56,0.58,0.5,7.05,481.1,69.16,1.6151,1.3998,0.8666,0.2471,Medium,5,Kharif
Kolhapur,Red,120,75,50,6.0,1000,35,Cotton,12:32:16 NPK,0.88,0.14,2.88,6.35,17.636,3.25,0.72,50.72,1733.1,88.2,1.5998,2.3995,1.4997,-0.423,High,8,Kharif
Kolhapur,Red,125,40,50,6.0,800,25,Cotton,DAP,0.88,0.14,2.88,6.35,17.636,3.25,0.72,50.72,1733.1,80.59,3.1242,2.4995,0.7998,-0.5384,High,8,Kharif
Kolhapur,Red,105,60,70,6.0,900,30,Cotton,DAP,0.88,0.14,2.88,6.35,17.636,3.25,0.72,50.72,1733.1,80.97,1.7497,1.4998,0.857,-0.4807,High,8,Kharif
Kolhapur,Red,110,80,60,6.0,900,30,Cotton,12:32:16 NPK,0.88,0.14,2.88,6.35,17.636,3.25,0.72,50.72,1733.1,81.93,1.3748,1.833,1.3331,-0.4807,High,8,Kharif
Sangli,Black,105,25,45,7.5,1000,30,Cotton,DAP,0.583,0.24,0.973,3.16,6.06,2.88,0.62,10.75,514.5,90.14,4.1983,2.3328,0.5554,0.9436,Medium,7,Kharif
Kolhapur,Red,105,60,45,6.5,900,30,Cotton,DAP,0.88,0.14,2.88,6.35,17.636,3.25,0.72,50.72,1733.1,85.51,1.7497,2.3328,1.333,-0.4807,High,8,Kharif
Kolhapur,Red,125,45,55,6.5,900,30,Cotton,DAP,0.88,0.14,2.88,6.35,17.636,3.25,0.72,50.72,1733.1,82.05,2.7772,2.2723,0.818,-0.4807,High,8,Kharif
Kolhapur,Red,120,60,70,6.0,900,30,Cotton,DAP,0.88,0.14,2.88,6.35,17.636,3.25,0.72,50.72,1733.1,84.43,1.9997,1.714,0.857,-0.4807,High,8,Kharif
Sangli,Black,115,25,55,6.0,700,30,Cotton,12:32:16 NPK,0.583,0.24,0.973,3.16,6.06,2.88,0.62,10.75,514.5,74.76,4.5982,2.0905,0.4545,0.3605,Medium,7,Kharif
Solapur,Black,115,70,65,8.0,500,20,Cotton,DAP,0.45,0.32,0.16,1.56,1.56,0.58,0.5,7.05,481.1,65.09,1.6426,1.769,1.0768,0.0393,Medium,6,Kharif
Kolhapur,Red,115,40,50,6.0,800,25,Cotton,DAP,0.88,0.14,2.88,6.35,17.636,3.25,0.72,50.72,1733.1,77.36,2.8743,2.2995,0.7998,-0.5384,High,8,Kharif
Kolhapur,Red,100,70,40,6.0,800,25,Cotton,12:32:16 NPK,0.88,0.14,2.88,6.35,17.636,3.25,0.72,50.72,1733.1,78.7,1.4284,2.4994,1.7496,-0.5384,High,8,Kharif
Kolhapur,Red,100,65,40,7.0,800,25,Cotton,12:32:16 NPK,0.88,0.14,2.88,6.35,17.636,3.25,0.72,50.72,1733.1,78.7,1.5382,2.4994,1.6246,-0.5384,High,8,Kharif
Kolhapur,Red,140,55,70,7.0,900,30,Cotton,Magnesium Sulphate,0.88,0.14,2.88,6.35,17.636,3.25,0.72,50.72,1733.1,87.93,2.545,1.9997,0.7856,-0.4807,High,8,Kharif
Kolhapur,Red,140,40,55,7.5,900,30,Cotton,Magnesium Sulphate,0.88,0.14,2.88,6.35,17.636,3.25,0.72,50.72,1733.1,85.37,3.4991,2.545,0.7271,-0.4807,High,8,Kharif
Kolhapur,Red,120,60,50,6.0,1000,35,Cotton,DAP,0.88,0.14,2.88,6.35,17.636,3.25,0.72,50.72,1733.1,85.04,1.9997,2.3995,1.1998,-0.423,High,8,Kharif
Kolhapur,Red,150,40,55,7.5,900,30,Cotton,Magnesium Sulphate,0.88,0.14,2.88,6.35,17.636,3.25,0.72,50.72,1733.1,80.48,3.7491,2.7268,0.7271,-0.4807,High,8,Kharif
Kolhapur,Red,105,65,40,7.0,800,25,Cotton,12:32:16 NPK,0.88,0.14,2.88,6.35,17.636,3.25,0.72,50.72,1733.1,79.03,1.6151,2.6243,1.6246,-0.5384,High,8,Kharif
Kolhapur,Red,125,40,60,7.0,1000,35,Cotton,DAP,0.88,0.14,2.88,6.35,17.636,3.25,0.72,50.72,1733.1,86.45,3.1242,2.083,0.6666,-0.423,High,8,Kharif
Kolhapur,Red,120,50,60,7.0,1000,35,Cotton,DAP,0.88,0.14,2.88,6.35,17.636,3.25,0.72,50.72,1733.1,86.22,2.3995,1.9997,0.8332,-0.423,High,8,Kharif
Sangli,Black,115,30,55,7.0,900,35,Cotton,Magnesium Sulphate,0.583,0.24,0.973,3.16,6.06,2.88,0.62,10.75,514.5,84.34,3.8321,2.0905,0.5454,0.7493,Medium,7,Kharif
Kolhapur,Red,150,55,75,6.5,1000,35,Cotton,DAP,0.88,0.14,2.88,6.35,17.636,3.25,0.72,50.72,1733.1,87.72,2.7268,1.9997,0.7332,-0.423,High,8,Kharif
Kolhapur,Red,130,60,70,6.0,900,30,Cotton,DAP,0.88,0.14,2.88,6.35,17.636,3.25,0.72,50.72,1733.1,84.35,2.1663,1.8569,0.857,-0.4807,High,8,Kharif
Kolhapur,Red,145,40,60,7.0,1000,35,Cotton,DAP,0.88,0.14,2.88,6.35,17.636,3.25,0.72,50.72,1733.1,89.92,3.6241,2.4163,0.6666,-0.423,High,8,Kharif
Kolhapur,Red,120,55,65,7.5,800,25,Cotton,DAP,0.88,0.14,2.88,6.35,17.636,3.25,0.72,50.72,1733.1,78.29,2.1814,1.8459,0.846,-0.5384,High,8,Kharif
Kolhapur,Red,115,60,60,6.0,1000,35,Cotton,13:32:26 NPK,0.88,0.14,2.88,6.35,17.636,3.25,0.72,50.72,1733.1,86.88,1.9163,1.9163,0.9998,-0.423,High,8,Kharif
Kolhapur,Red,130,45,65,7.5,800,25,Cotton,DAP,0.88,0.14,2.88,6.35,17.636,3.25,0.72,50.72,1733.1,78.8,2.8882,1.9997,0.6922,-0.5384,High,8,Kharif
Sangli,Black,115,20,50,7.5,1000,25,Cotton,12:32:16 NPK,0.583,0.24,0.973,3.16,6.06,2.88,0.62,10.75,514.5,90.78,5.7471,2.2995,0.3999,0.9436,Medium,6,Kharif
Kolhapur,Red,150,40,65,6.5,800,25,Cotton,13:32:26 NPK,0.88,0.14,2.88,6.35,17.636,3.25,0.72,50.72,1733.1,79.74,3.7491,2.3073,0.6153,-0.5384,High,8,Kharif
Solapur,Black,105,75,60,8.0,600,25,Cotton,12:32:16 NPK,0.45,0.32,0.16,1.56,1.56,0.58,0.5,7.05,481.1,74.12,1.3998,1.7497,1.2498,0.2471,Medium,6,Kharif
Kolhapur,Red,110,70,65,6.5,1000,35,Cotton,DAP,0.88,0.14,2.88,6.35,17.636,3.25,0.72,50.72,1733.1,92.15,1.5712,1.692,1.0768,-0.423,High,8,Kharif
Kolhapur,Red,135,50,75,7.5,1000,35,Cotton,13:32:26 NPK,0.88,0.14,2.88,6.35,17.636,3.25,0.72,50.72,1733.1,88.83,2.6995,1.7998,0.6666,-0.423,High,8,Kharif
Solapur,Black,115,75,60,8.0,600,25,Cotton,12:32:16 NPK,0.45,0.32,0.16,1.56,1.56,0.58,0.5,7.05,481.1,72.05,1.5331,1.9163,1.2498,0.2471,Medium,6,Kharif
Solapur,Black,110,65,60,7.5,600,15,Cotton,DAP,0.45,0.32,0.16,1.56,1.56,0.58,0.5,7.05,481.1,70.93,1.692,1.833,1.0832,0.2471,Medium,7,Kharif
Sangli,Black,110,25,55,6.0,700,30,Cotton,12:32:16 NPK,0.583,0.24,0.973,3.16,6.06,2.88,0.62,10.75,514.5,72.45,4.3982,1.9996,0.4545,0.3605,Medium,7,Kharif
Solapur,Black,120,80,65,8.5,500,30,Cotton,12:32:16 NPK,0.45,0.32,0.16,1.56,1.56,0.58,0.5,7.05,481.1,63.66,1.4998,1.8459,1.2306,0.0393,Medium,5,Kharif
Kolhapur,Red,105,45,50,6.0,800,25,Cotton,Magnesium Sulphate,0.88,0.14,2.88,6.35,17.636,3.25,0.72,50.72,1733.1,82.27,2.3328,2.0996,0.8998,-0.5384,High,8,Kharif
Kolhapur,Red,115,60,60,7.0,900,30,Cotton,12:32:16 NPK,0.88,0.14,2.88,6.35,17.636,3.25,0.72,50.72,1733.1,84.1,1.9163,1.9163,0.9998,-0.4807,High,8,Kharif
Kolhapur,Red,115,40,65,6.5,800,25,Cotton,13:32:26 NPK,0.88,0.14,2.88,6.35,17.636,3.25,0.72,50.72,1733.1,81.65,2.8743,1.769,0.6153,-0.5384,High,8,Kharif
Kolhapur,Red,115,65,65,7.5,1000,35,Cotton,12:32:16 NPK,0.88,0.14,2.88,6.35,17.636,3.25,0.72,50.72,1733.1,87.87,1.769,1.769,0.9998,-0.423,High,8,Kharif
Kolhapur,Red,140,60,60,6.0,1000,35,Cotton,13:32:26 NPK,0.88,0.14,2.88,6.35,17.636,3.25,0.72,50.72,1733.1,90.56,2.3329,2.3329,0.9998,-0.423,High,8,Kharif
Kolhapur,Red,105,55,70,7.0,900,30,Cotton,Magnesium Sulphate,0.88,0.14,2.88,6.35,17.636,3.25,0.72,50.72,1733.1,85.01,1.9087,1.4998,0.7856,-0.4807,High,8,Kharif
Kolhapur,Red,130,50,75,7.5,1000,35,Cotton,13:32:26 NPK,0.88,0.14,2.88,6.35,17.636,3.25,0.72,50.72,1733.1,87.36,2.5995,1.7331,0.6666,-0.423,High,8,Kharif
Kolhapur,Red,120,65,60,6.0,900,30,Cotton,DAP,0.88,0.14,2.88,6.35,17.636,3.25,0.72,50.72,1733.1,84.79,1.8459,1.9997,1.0832,-0.4807,High,8,Kharif
Kolhapur,Red,100,70,45,7.5,900,30,Cotton,12:32:16 NPK,0.88,0.14,2.88,6.35,17.636,3.25,0.72,50.72,1733.1,82.34,1.4284,2.2217,1.5552,-0.4807,High,8,Kharif
Kolhapur,Red,120,80,45,7.5,900,30,Cotton,DAP,0.88,0.14,2.88,6.35,17.636,3.25,0.72,50.72,1733.1,83.56,1.4998,2.6661,1.7774,-0.4807,High,8,Kharif
Kolhapur,Red,145,55,55,7.5,900,30,Cotton,13:32:26 NPK,0.88,0.14,2.88,6.35,17.636,3.25,0.72,50.72,1733.1,85.8,2.6359,2.6359,0.9998,-0.4807,High,8,Kharif
Solapur,Black,105,60,75,7.5,600,10,Cotton,Magnesium Sulphate,0.45,0.32,0.16,1.56,1.56,0.58,0.5,7.05,481.1,74.39,1.7497,1.3998,0.7999,0.2471,Medium,7,Kharif
Kolhapur,Red,115,80,50,7.0,1000,35,Cotton,DAP,0.88,0.14,2.88,6.35,17.636,3.25,0.72,50.72,1733.1,87.59,1.4373,2.2995,1.5997,-0.423,High,8,Kharif
Kolhapur,Red,130,40,60,7.0,1000,35,Cotton,DAP,0.88,0.14,2.88,6.35,17.636,3.25,0.72,50.72,1733.1,88.05,3.2492,2.1663,0.6666,-0.423,High,8,Kharif
Solapur,Black,110,65,75,8.5,600,15,Cotton,12:32:16 NPK,0.45,0.32,0.16,1.56,1.56,0.58,0.5,7.05,481.1,68.48,1.692,1.4665,0.8666,0.2471,Medium,5,Kharif
Solapur,Black,115,65,80,8.0,500,15,Cotton,Magnesium Sulphate,0.45,0.32,0.16,1.56,1.56,0.58,0.5,7.05,481.1,63.27,1.769,1.4373,0.8124,0.0393,Medium,6,Kharif
Kolhapur,Red,120,60,65,7.5,800,25,Cotton,Magnesium Sulphate,0.88,0.14,2.88,6.35,17.636,3.25,0.72,50.72,1733.1,78.69,1.9997,1.8459,0.9229,-0.5384,High,8,Kharif
Kolhapur,Red,120,70,55,7.5,800,25,Cotton,Magnesium Sulphate,0.88,0.14,2.88,6.35,17.636,3.25,0.72,50.72,1733.1,77.75,1.714,2.1814,1.2725,-0.5384,High,8,Kharif
Kolhapur,Red,140,45,50,6.0,800,25,Cotton,Magnesium Sulphate,0.88,0.14,2.88,6.35,17.636,3.25,0.72,50.72,1733.1,79.03,3.1104,2.7994,0.8998,-0.5384,High,8,Kharif
Solapur,Black,110,60,65,8.5,600,10,Cotton,DAP,0.45,0.32,0.16,1.56,1.56,0.58,0.5,7.05,481.1,73.76,1.833,1.692,0.9229,0.2471,Medium,5,Kharif
Sangli,Black,105,25,55,6.0,700,30,Cotton,12:32:16 NPK,0.583,0.24,0.973,3.16,6.06,2.88,0.62,10.75,514.5,73.3,4.1983,1.9087,0.4545,0.3605,Medium,7,Kharif
Kolhapur,Red,145,40,70,6.0,900,30,Cotton,Magnesium Sulphate,0.88,0.14,2.88,6.35,17.636,3.25,0.72,50.72,1733.1,81.95,3.6241,2.0711,0.5713,-0.4807,High,8,Kharif
Kolhapur,Red,100,70,55,7.5,800,25,Cotton,Magnesium Sulphate,0.88,0.14,2.88,6.35,17.636,3.25,0.72,50.72,1733.1,82.99,1.4284,1.8179,1.2725,-0.5384,High,8,Kharif
Solapur,Black,115,70,60,8.5,600,20,Cotton,Magnesium Sulphate,0.45,0.32,0.16,1.56,1.56,0.58,0.5,7.05,481.1,68.95,1.6426,1.9163,1.1665,0.2471,Medium,5,Kharif
Sangli,Black,105,25,50,6.5,800,30,Cotton,Magnesium Sulphate,0.583,0.24,0.973,3.16,6.06,2.88,0.62,10.75,514.5,75.78,4.1983,2.0996,0.4999,0.5549,Medium,7,Kharif
Kolhapur,Red,145,55,50,6.0,800,25,Cotton,DAP,0.88,0.14,2.88,6.35,17.636,3.25,0.72,50.72,1733.1,82.95,2.6359,2.8994,1.0998,-0.5384,High,8,Kharif
Kolhapur,Red,115,75,45,6.5,900,30,Cotton,DAP,0.88,0.14,2.88,6.35,17.636,3.25,0.72,50.72,1733.1,85.06,1.5331,2.555,1.6663,-0.4807,High,8,Kharif
Kolhapur,Red,110,75,40,7.0,800,25,Cotton,DAP,0.88,0.14,2.88,6.35,17.636,3.25,0.72,50.72,1733.1,75.92,1.4665,2.7493,1.8745,-0.5384,High,8,Kharif
Kolhapur,Red,115,60,55,7.5,800,25,Cotton,DAP,0.88,0.14,2.88,6.35,17.636,3.25,0.72,50.72,1733.1,82.34,1.9163,2.0905,1.0907,-0.5384,High,8,Kharif
Solapur,Black,100,65,65,8.0,600,15,Cotton,Magnesium Sulphate,0.45,0.32,0.16,1.56,1.56,0.58,0.5,7.05,481.1,72.57,1.5382,1.5382,0.9998,0.2471,Medium,6,Kharif
Kolhapur,Red,140,40,50,6.0,800,25,Cotton,DAP,0.88,0.14,2.88,6.35,17.636,3.25,0.72,50.72,1733.1,78.64,3.4991,2.7994,0.7998,-0.5384,High,8,Kharif
Solapur,Black,105,75,70,8.5,600,25,Cotton,DAP,0.45,0.32,0.16,1.56,1.56,0.58,0.5,7.05,481.1,68.0,1.3998,1.4998,1.0713,0.2471,Medium,5,Kharif
Kolhapur,Red,115,55,65,7.5,800,25,Cotton,DAP,0.88,0.14,2.88,6.35,17.636,3.25,0.72,50.72,1733.1,81.25,2.0905,1.769,0.846,-0.5384,High,8,Kharif
Kolhapur,Red,135,50,50,7.0,800,25,Cotton,13:32:26 NPK,0.88,0.14,2.88,6.35,17.636,3.25,0.72,50.72,1733.1,77.52,2.6995,2.6995,0.9998,-0.5384,High,8,Kharif
Kolhapur,Red,100,55,75,6.5,1000,35,Cotton,DAP,0.88,0.14,2.88,6.35,17.636,3.25,0.72,50.72,1733.1,90.71,1.8179,1.3332,0.7332,-0.423,High,8,Kharif
Kolhapur,Red,130,50,65,6.5,800,25,Cotton,Magnesium Sulphate,0.88,0.14,2.88,6.35,17.636,3.25,0.72,50.72,1733.1,78.12,2.5995,1.9997,0.7691,-0.5384,High,8,Kharif
Solapur,Black,105,70,80,7.5,500,20,Cotton,12:32:16 NPK,0.45,0.32,0.16,1.56,1.56,0.58,0.5,7.05,481.1,71.12,1.4998,1.3123,0.8749,0.0393,Medium,7,Kharif
Kolhapur,Red,115,70,55,7.5,800,25,Cotton,Magnesium Sulphate,0.88,0.14,2.88,6.35,17.636,3.25,0.72,50.72,1733.1,80.56,1.6426,2.0905,1.2725,-0.5384,High,8,Kharif
Kolhapur,Red,115,70,45,7.5,900,30,Cotton,12:32:16 NPK,0.88,0.14,2.88,6.35,17.636,3.25,0.72,50.72,1733.1,83.52,1.6426,2.555,1.5552,-0.4807,High,8,Kharif
Kolhapur,Red,120,40,75,6.5,1000,35,Cotton,DAP,0.88,0.14,2.88,6.35,17.636,3.25,0.72,50.72,1733.1,90.11,2.9993,1.5998,0.5333,-0.423,High,8,Kharif
Kolhapur,Red,105,40,70,6.0,900,30,Cotton,Magnesium Sulphate,0.88,0.14,2.88,6.35,17.636,3.25,0.72,50.72,1733.1,83.03,2.6243,1.4998,0.5713,-0.4807,High,8,Kharif
Kolhapur,Red,115,75,40,7.0,800,25,Cotton,DAP,0.88,0.14,2.88,6.35,17.636,3.25,0.72,50.72,1733.1,77.98,1.5331,2.8743,1.8745,-0.5384,High,8,Kharif
Sangli,Black,115,30,50,6.0,700,35,Cotton,DAP,0.583,0.24,0.973,3.16,6.06,2.88,0.62,10.75,514.5,71.54,3.8321,2.2995,0.5999,0.3605,Medium,7,Kharif
Kolhapur,Red,105,80,45,7.5,900,30,Cotton,DAP,0.88,0.14,2.88,6.35,17.636,3.25,0.72,50.72,1733.1,84.04,1.3123,2.3328,1.7774,-0.4807,High,8,Kharif
Kolhapur,Red,145,55,75,6.5,1000,35,Cotton,DAP,0.88,0.14,2.88,6.35,17.636,3.25,0.72,50.72,1733.1,85.86,2.6359,1.9331,0.7332,-0.423,High,8,Kharif
Solapur,Black,110,70,80,7.5,500,20,Cotton,12:32:16 NPK,0.45,0.32,0.16,1.56,1.56,0.58,0.5,7.05,481.1,64.87,1.5712,1.3748,0.8749,0.0393,Medium,7,Kharif
Kolhapur,Red,100,50,65,6.5,800,25,Cotton,Magnesium Sulphate,0.88,0.14,2.88,6.35,17.636,3.25,0.72,50.72,1733.1,79.93,1.9996,1.5382,0.7691,-0.5384,High,8,Kharif
Kolhapur,Red,135,55,55,7.5,900,30,Cotton,13:32:26 NPK,0.88,0.14,2.88,6.35,17.636,3.25,0.72,50.72,1733.1,84.71,2.4541,2.4541,0.9998,-0.4807,High,8,Kharif
Kolhapur,Red,110,60,50,7.0,800,25,Cotton,Magnesium Sulphate,0.88,0.14,2.88,6.35,17.636,3.25,0.72,50.72,1733.1,81.42,1.833,2.1996,1.1998,-0.5384,High,8,Kharif
Solapur,Black,100,70,65,8.0,500,20,Cotton,DAP,0.45,0.32,0.16,1.56,1.56,0.58,0.5,7.05,481.1,65.94,1.4284,1.5382,1.0768,0.0393,Medium,6,Kharif
Kolhapur,Red,120,60,65,6.5,1000,35,Cotton,12:32:16 NPK,0.88,0.14,2.88,6.35,17.636,3.25,0.72,50.72,1733.1,89.13,1.9997,1.8459,0.9229,-0.423,High,8,Kharif
Solapur,Black,115,75,65,7.5,500,25,Cotton,Magnesium Sulphate,0.45,0.32,0.16,1.56,1.56,0.58,0.5,7.05,481.1,63.08,1.5331,1.769,1.1537,0.0393,Medium,7,Kharif
Kolhapur,Red,125,55,65,7.5,800,25,Cotton,DAP,0.88,0.14,2.88,6.35,17.636,3.25,0.72,50.72,1733.1,77.86,2.2723,1.9228,0.846,-0.5384,High,8,Kharif
Kolhapur,Red,130,45,75,6.5,1000,35,Cotton,Magnesium Sulphate,0.88,0.14,2.88,6.35,17.636,3.25,0.72,50.72,1733.1,85.13,2.8882,1.7331,0.5999,-0.423,High,8,Kharif
Kolhapur,Red,105,70,65,6.5,1000,35,Cotton,DAP,0.88,0.14,2.88,6.35,17.636,3.25,0.72,50.72,1733.1,88.58,1.4998,1.6151,1.0768,-0.423,High,8,Kharif
Kolhapur,Red,150,50,65,6.5,800,25,Cotton,Magnesium Sulphate,0.88,0.14,2.88,6.35,17.636,3.25,0.72,50.72,1733.1,81.91,2.9994,2.3073,0.7691,-0.5384,High,8,Kharif
Kolhapur,Red,100,55,50,6.0,800,25,Cotton,DAP,0.88,0.14,2.88,6.35,17.636,3.25,0.72,50.72,1733.1,80.49,1.8179,1.9996,1.0998,-0.5384,High,8,Kharif
Kolhapur,Red,105,80,60,6.0,900,30,Cotton,12:32:16 NPK,0.88,0.14,2.88,6.35,17.636,3.25,0.72,50.72,1733.1,85.08,1.3123,1.7497,1.3331,-0.4807,High,8,Kharif
Solapur,Black,100,75,70,8.5,600,25,Cotton,DAP,0.45,0.32,0.16,1.56,1.56,0.58,0.5,7.05,481.1,70.94,1.3332,1.4284,1.0713,0.2471,Medium,5,Kharif
Kolhapur,Red,115,55,55,7.5,900,30,Cotton,13:32:26 NPK,0.88,0.14,2.88,6.35,17.636,3.25,0.72,50.72,1733.1,83.58,2.0905,2.0905,0.9998,-0.4807,High,8,Kharif
Solapur,Black,105,80,75,7.5,500,30,Cotton,DAP,0.45,0.32,0.16,1.56,1.56,0.58,0.5,7.05,481.1,63.59,1.3123,1.3998,1.0665,0.0393,Medium,7,Kharif
Solapur,Black,105,60,65,8.5,600,10,Cotton,DAP,0.45,0.32,0.16,1.56,1.56,0.58,0.5,7.05,481.1,74.51,1.7497,1.6151,0.9229,0.2471,Medium,5,Kharif
Kolhapur,Red,120,70,65,6.5,1000,35,Cotton,DAP,0.88,0.14,2.88,6.35,17.636,3.25,0.72,50.72,1733.1,87.35,1.714,1.8459,1.0768,-0.423,High,8,Kharif
Solapur,Black,100,80,70,8.0,600,30,Cotton,Magnesium Sulphate,0.45,0.32,0.16,1.56,1.56,0.58,0.5,7.05,481.1,71.18,1.2498,1.4284,1.1427,0.2471,Medium,6,Kharif
Kolhapur,Red,120,55,55,7.5,900,30,Cotton,13:32:26 NPK,0.88,0.14,2.88,6.35,17.636,3.25,0.72,50.72,1733.1,83.01,2.1814,2.1814,0.9998,-0.4807,High,8,Kharif
Sangli,Black,110,25,50,6.5,800,30,Cotton,Magnesium Sulphate,0.583,0.24,0.973,3.16,6.06,2.88,0.62,10.75,514.5,78.47,4.3982,2.1996,0.4999,0.5549,Medium,7,Kharif
Kolhapur,Red,115,75,55,7.5,800,25,Cotton,12:32:16 NPK,0.88,0.14,2.88,6.35,17.636,3.25,0.72,50.72,1733.1,80.15,1.5331,2.0905,1.3634,-0.5384,High,8,Kharif
Kolhapur,Red,130,60,75,7.5,1000,35,Cotton,Magnesium Sulphate,0.88,0.14,2.88,6.35,17.636,3.25,0.72,50.72,1733.1,86.85,2.1663,1.7331,0.7999,-0.423,High,8,Kharif
Kolhapur,Red,100,75,60,6.0,900,30,Cotton,Magnesium Sulphate,0.88,0.14,2.88,6.35,17.636,3.25,0.72,50.72,1733.1,88.89,1.3332,1.6664,1.2498,-0.4807,High,8,Kharif
Kolhapur,Red,110,45,75,6.5,1000,35,Cotton,Magnesium Sulphate,0.88,0.14,2.88,6.35,17.636,3.25,0.72,50.72,1733.1,85.14,2.4439,1.4665,0.5999,-0.423,High,8,Kharif
Solapur,Black,110,75,60,8.0,600,25,Cotton,12:32:16 NPK,0.45,0.32,0.16,1.56,1.56,0.58,0.5,7.05,481.1,72.42,1.4665,1.833,1.2498,0.2471,Medium,6,Kharif
Kolhapur,Red,140,55,60,7.0,1000,35,Cotton,Magnesium Sulphate,0.88,0.14,2.88,6.35,17.636,3.25,0.72,50.72,1733.1,86.41,2.545,2.3329,0.9165,-0.423,High,8,Kharif
Kolhapur,Red,100,55,55,7.5,900,30,Cotton,13:32:26 NPK,0.88,0.14,2.88,6.35,17.636,3.25,0.72,50.72,1733.1,85.18,1.8179,1.8179,0.9998,-0.4807,High,8,Kharif
Kolhapur,Red,140,45,65,7.5,800,25,Cotton,DAP,0.88,0.14,2.88,6.35,17.636,3.25,0.72,50.72,1733.1,78.95,3.1104,2.1535,0.6922,-0.5384,High,8,Kharif
Kolhapur,Red,120,70,40,6.0,800,25,Cotton,12:32:16 NPK,0.88,0.14,2.88,6.35,17.636,3.25,0.72,50.72,1733.1,82.01,1.714,2.9993,1.7496,-0.5384,High,8,Kharif
Kolhapur,Red,115,80,40,6.0,800,25,Cotton,DAP,0.88,0.14,2.88,6.35,17.636,3.25,0.72,50.72,1733.1,78.04,1.4373,2.8743,1.9995,-0.5384,High,8,Kharif
Kolhapur,Red,145,55,60,7.0,1000,35,Cotton,Magnesium Sulphate,0.88,0.14,2.88,6.35,17.636,3.25,0.72,50.72,1733.1,87.77,2.6359,2.4163,0.9165,-0.423,High,8,Kharif
Kolhapur,Red,105,75,50,6.0,1000,35,Cotton,12:32:16 NPK,0.88,0.14,2.88,6.35,17.636,3.25,0.72,50.72,1733.1,89.51,1.3998,2.0996,1.4997,-0.423,High,8,Kharif
Kolhapur,Red,125,60,75,7.5,1000,35,Cotton,Magnesium Sulphate,0.88,0.14,2.88,6.35,17.636,3.25,0.72,50.72,1733.1,86.94,2.083,1.6664,0.7999,-0.423,High,8,Kharif
Kolhapur,Red,120,40,55,7.5,900,30,Cotton,Magnesium Sulphate,0.88,0.14,2.88,6.35,17.636,3.25,0.72,50.72,1733.1,85.94,2.9993,2.1814,0.7271,-0.4807,High,8,Kharif
Kolhapur,Red,135,45,60,6.0,1000,35,Cotton,Magnesium Sulphate,0.88,0.14,2.88,6.35,17.636,3.25,0.72,50.72,1733.1,85.24,2.9993,2.2496,0.7499,-0.423,High,8,Kharif
Kolhapur,Red,105,55,75,6.5,1000,35,Cotton,DAP,0.88,0.14,2.88,6.35,17.636,3.25,0.72,50.72,1733.1,87.77,1.9087,1.3998,0.7332,-0.423,High,8,Kharif
Kolhapur,Red,100,80,50,7.0,1000,35,Cotton,DAP,0.88,0.14,2.88,6.35,17.636,3.25,0.72,50.72,1733.1,83.06,1.2498,1.9996,1.5997,-0.423,High,8,Kharif
Kolhapur,Red,105,45,75,6.5,1000,35,Cotton,Magnesium Sulphate,0.88,0.14,2.88,6.35,17.636,3.25,0.72,50.72,1733.1,91.26,2.3328,1.3998,0.5999,-0.423,High,8,Kharif
Kolhapur,Red,135,45,70,7.0,900,30,Cotton,13:32:26 NPK,0.88,0.14,2.88,6.35,17.636,3.25,0.72,50.72,1733.1,85.58,2.9993,1.9283,0.6428,-0.4807,High,8,Kharif
Kolhapur,Red,120,55,50,6.0,800,25,Cotton,DAP,0.88,0.14,2.88,6.35,17.636,3.25,0.72,50.72,1733.1,77.1,2.1814,2.3995,1.0998,-0.5384,High,8,Kharif
Kolhapur,Red,115,65,55,6.5,800,25,Cotton,DAP,0.88,0.14,2.88,6.35,17.636,3.25,0.72,50.72,1733.1,81.27,1.769,2.0905,1.1816,-0.5384,High,8,Kharif
Kolhapur,Red,120,60,75,7.5,1000,35,Cotton,Magnesium Sulphate,0.88,0.14,2.88,6.35,17.636,3.25,0.72,50.72,1733.1,89.52,1.9997,1.5998,0.7999,-0.423,High,8,Kharif
Kolhapur,Red,120,50,70,6.0,900,30,Cotton,DAP,0.88,0.14,2.88,6.35,17.636,3.25,0.72,50.72,1733.1,82.2,2.3995,1.714,0.7142,-0.4807,High,8,Kharif
Kolhapur,Red,100,70,65,6.5,1000,35,Cotton,DAP,0.88,0.14,2.88,6.35,17.636,3.25,0.72,50.72,1733.1,87.16,1.4284,1.5382,1.0768,-0.423,High,8,Kharif
Solapur,Black,115,65,75,8.5,600,15,Cotton,12:32:16 NPK,0.45,0.32,0.16,1.56,1.56,0.58,0.5,7.05,481.1,68.95,1.769,1.5331,0.8666,0.2471,Medium,5,Kharif
Solapur,Black,115,65,65,8.0,600,15,Cotton,Magnesium Sulphate,0.45,0.32,0.16,1.56,1.56,0.58,0.5,7.05,481.1,72.98,1.769,1.769,0.9998,0.2471,Medium,6,Kharif
Solapur,Black,120,65,75,8.5,600,15,Cotton,12:32:16 NPK,0.45,0.32,0.16,1.56,1.56,0.58,0.5,7.05,481.1,74.53,1.8459,1.5998,0.8666,0.2471,Medium,5,Kharif
Solapur,Black,115,70,70,8.5,500,20,Cotton,Magnesium Sulphate,0.45,0.32,0.16,1.56,1.56,0.58,0.5,7.05,481.1,63.41,1.6426,1.6426,0.9999,0.0393,Medium,5,Kharif
Solapur,Black,110,75,65,7.5,500,25,Cotton,Magnesium Sulphate,0.45,0.32,0.16,1.56,1.56,0.58,0.5,7.05,481.1,64.55,1.4665,1.692,1.1537,0.0393,Medium,7,Kharif
Kolhapur,Red,110,70,55,7.5,800,25,Cotton,Magnesium Sulphate,0.88,0.14,2.88,6.35,17.636,3.25,0.72,50.72,1733.1,79.89,1.5712,1.9996,1.2725,-0.5384,High,8,Kharif
Kolhapur,Red,120,45,75,6.5,1000,35,Cotton,Magnesium Sulphate,0.88,0.14,2.88,6.35,17.636,3.25,0.72,50.72,1733.1,88.26,2.6661,1.5998,0.5999,-0.423,High,8,Kharif
Kolhapur,Red,110,80,50,7.0,1000,35,Cotton,DAP,0.88,0.14,2.88,6.35,17.636,3.25,0.72,50.72,1733.1,89.15,1.3748,2.1996,1.5997,-0.423,High,8,Kharif
Solapur,Black,110,65,70,7.5,500,15,Cotton,DAP,0.45,0.32,0.16,1.56,1.56,0.58,0.5,7.05,481.1,66.58,1.692,1.5712,0.9284,0.0393,Medium,7,Kharif
Solapur,Black,105,75,75,7.5,600,25,Cotton,Magnesium Sulphate,0.45,0.32,0.16,1.56,1.56,0.58,0.5,7.05,481.1,68.94,1.3998,1.3998,0.9999,0.2471,Medium,7,Kharif
Kolhapur,Red,115,40,60,7.0,1000,35,Cotton,DAP,0.88,0.14,2.88,6.35,17.636,3.25,0.72,50.72,1733.1,88.03,2.8743,1.9163,0.6666,-0.423,High,8,Kharif
Kolhapur,Red,110,70,50,7.0,1000,35,Cotton,12:32:16 NPK,0.88,0.14,2.88,6.35,17.636,3.25,0.72,50.72,1733.1,86.71,1.5712,2.1996,1.3997,-0.423,High,8,Kharif
Kolhapur,Red,145,60,70,6.0,900,30,Cotton,DAP,0.88,0.14,2.88,6.35,17.636,3.25,0.72,50.72,1733.1,84.31,2.4163,2.0711,0.857,-0.4807,High,8,Kharif
Kolhapur,Red,150,60,55,6.5,900,30,Cotton,DAP,0.88,0.14,2.88,6.35,17.636,3.25,0.72,50.72,1733.1,84.8,2.4996,2.7268,1.0907,-0.4807,High,8,Kharif
Kolhapur,Red,140,45,75,6.5,1000,35,Cotton,Magnesium Sulphate,0.88,0.14,2.88,6.35,17.636,3.25,0.72,50.72,1733.1,88.02,3.1104,1.8664,0.5999,-0.423,High,8,Kharif
Solapur,Black,115,65,60,7.5,600,15,Cotton,DAP,0.45,0.32,0.16,1.56,1.56,0.58,0.5,7.05,481.1,69.66,1.769,1.9163,1.0832,0.2471,Medium,7,Kharif
Kolhapur,Red,115,75,60,6.0,900,30,Cotton,Magnesium Sulphate,0.88,0.14,2.88,6.35,17.636,3.25,0.72,50.72,1733.1,85.45,1.5331,1.9163,1.2498,-0.4807,High,8,Kharif
Kolhapur,Red,150,45,70,7.0,900,30,Cotton,13:32:26 NPK,0.88,0.14,2.88,6.35,17.636,3.25,0.72,50.72,1733.1,83.98,3.3326,2.1426,0.6428,-0.4807,High,8,Kharif
Solapur,Black,105,70,65,8.0,500,20,Cotton,DAP,0.45,0.32,0.16,1.56,1.56,0.58,0.5,7.05,481.1,69.54,1.4998,1.6151,1.0768,0.0393,Medium,6,Kharif
Kolhapur,Red,120,65,55,6.5,800,25,Cotton,DAP,0.88,0.14,2.88,6.35,17.636,3.25,0.72,50.72,1733.1,84.54,1.8459,2.1814,1.1816,-0.5384,High,8,Kharif
Sangli,Black,110,30,55,7.0,900,35,Cotton,Magnesium Sulphate,0.583,0.24,0.973,3.16,6.06,2.88,0.62,10.75,514.5,83.34,3.6654,1.9996,0.5454,0.7493,Medium,7,Kharif
Kolhapur,Red,105,60,65,7.5,800,25,Cotton,Magnesium Sulphate,0.88,0.14,2.88,6.35,17.636,3.25,0.72,50.72,1733.1,77.6,1.7497,1.6151,0.9229,-0.5384,High,8,Kharif
Solapur,Black,115,60,60,7.5,500,10,Cotton,Magnesium Sulphate,0.45,0.32,0.16,1.56,1.56,0.58,0.5,7.05,481.1,66.83,1.9163,1.9163,0.9998,0.0393,Medium,7,Kharif
Kolhapur,Red,105,65,65,7.5,1000,35,Cotton,12:32:16 NPK,0.88,0.14,2.88,6.35,17.636,3.25,0.72,50.72,1733.1,89.28,1.6151,1.6151,0.9998,-0.423,High,8,Kharif
Sangli,Black,120,25,55,6.0,700,30,Cotton,12:32:16 NPK,0.583,0.24,0.973,3.16,6.06,2.88,0.62,10.75,514.5,76.46,4.7981,2.1814,0.4545,0.3605,Medium,7,Kharif
Kolhapur,Red,140,45,60,6.0,1000,35,Cotton,Magnesium Sulphate,0.88,0.14,2.88,6.35,17.636,3.25,0.72,50.72,1733.1,84.59,3.1104,2.3329,0.7499,-0.423,High,8,Kharif
Kolhapur,Red,115,60,50,7.0,800,25,Cotton,Magnesium Sulphate,0.88,0.14,2.88,6.35,17.636,3.25,0.72,50.72,1733.1,77.75,1.9163,2.2995,1.1998,-0.5384,High,8,Kharif
Kolhapur,Red,135,60,70,6.0,900,30,Cotton,DAP,0.88,0.14,2.88,6.35,17.636,3.25,0.72,50.72,1733.1,84.77,2.2496,1.9283,0.857,-0.4807,High,8,Kharif
Kolhapur,Red,105,70,60,7.0,900,30,Cotton,DAP,0.88,0.14,2.88,6.35,17.636,3.25,0.72,50.72,1733.1,84.5,1.4998,1.7497,1.1665,-0.4807,High,8,Kharif
Solapur,Black,110,60,75,7.5,600,10,Cotton,Magnesium Sulphate,0.45,0.32,0.16,1.56,1.56,0.58,0.5,7.05,481.1,74.91,1.833,1.4665,0.7999,0.2471,Medium,7,Kharif
Kolhapur,Red,110,40,70,6.0,900,30,Cotton,Magnesium Sulphate,0.88,0.14,2.88,6.35,17.636,3.25,0.72,50.72,1733.1,86.53,2.7493,1.5712,0.5713,-0.4807,High,8,Kharif
Kolhapur,Red,115,45,70,7.0,900,30,Cotton,13:32:26 NPK,0.88,0.14,2.88,6.35,17.636,3.25,0.72,50.72,1733.1,88.18,2.555,1.6426,0.6428,-0.4807,High,8,Kharif
Solapur,Black,115,70,75,8.0,600,20,Cotton,DAP,0.45,0.32,0.16,1.56,1.56,0.58,0.5,7.05,481.1,68.61,1.6426,1.5331,0.9332,0.2471,Medium,6,Kharif
Sangli,Black,105,20,50,7.5,1000,25,Cotton,12:32:16 NPK,0.583,0.24,0.973,3.16,6.06,2.88,0.62,10.75,514.5,91.52,5.2474,2.0996,0.3999,0.9436,Medium,6,Kharif
Solapur,Black,105,60,70,8.0,500,10,Cotton,12:32:16 NPK,0.45,0.32,0.16,1.56,1.56,0.58,0.5,7.05,481.1,67.25,1.7497,1.4998,0.857,0.0393,Medium,6,Kharif
Solapur,Black,100,80,60,7.5,600,30,Cotton,DAP,0.45,0.32,0.16,1.56,1.56,0.58,0.5,7.05,481.1,70.3,1.2498,1.6664,1.3331,0.2471,Medium,7,Kharif
Kolhapur,Red,115,75,50,6.0,1000,35,Cotton,12:32:16 NPK,0.88,0.14,2.88,6.35,17.636,3.25,0.72,50.72,1733.1,86.04,1.5331,2.2995,1.4997,-0.423,High,8,Kharif
Kolhapur,Red,130,55,70,7.0,900,30,Cotton,Magnesium Sulphate,0.88,0.14,2.88,6.35,17.636,3.25,0.72,50.72,1733.1,82.89,2.3632,1.8569,0.7856,-0.4807,High,8,Kharif
Kolhapur,Red,110,65,50,7.0,1000,35,Cotton,Magnesium Sulphate,0.88,0.14,2.88,6.35,17.636,3.25,0.72,50.72,1733.1,86.45,1.692,2.1996,1.2997,-0.423,High,8,Kharif
Kolhapur,Red,140,55,55,7.5,900,30,Cotton,13:32:26 NPK,0.88,0.14,2.88,6.35,17.636,3.25,0.72,50.72,1733.1,82.61,2.545,2.545,0.9998,-0.4807,High,8,Kharif
Kolhapur,Red,130,40,65,6.5,800,25,Cotton,13:32:26 NPK,0.88,0.14,2.88,6.35,17.636,3.25,0.72,50.72,1733.1,80.04,3.2492,1.9997,0.6153,-0.5384,High,8,Kharif
Kolhapur,Red,110,45,65,7.5,800,25,Cotton,DAP,0.88,0.14,2.88,6.35,17.636,3.25,0.72,50.72,1733.1,80.37,2.4439,1.692,0.6922,-0.5384,High,8,Kharif
Kolhapur,Red,145,50,65,6.5,800,25,Cotton,Magnesium Sulphate,0.88,0.14,2.88,6.35,17.636,3.25,0.72,50.72,1733.1,79.87,2.8994,2.2304,0.7691,-0.5384,High,8,Kharif
Solapur,Black,115,65,70,7.5,500,15,Cotton,DAP,0.45,0.32,0.16,1.56,1.56,0.58,0.5,7.05,481.1,65.3,1.769,1.6426,0.9284,0.0393,Medium,7,Kharif
Kolhapur,Red,150,60,60,6.0,1000,35,Cotton,13:32:26 NPK,0.88,0.14,2.88,6.35,17.636,3.25,0.72,50.72,1733.1,89.09,2.4996,2.4996,0.9998,-0.423,High,8,Kharif
Kolhapur,Red,145,55,70,7.0,900,30,Cotton,Magnesium Sulphate,0.88,0.14,2.88,6.35,17.636,3.25,0.72,50.72,1733.1,84.07,2.6359,2.0711,0.7856,-0.4807,High,8,Kharif
Kolhapur,Red,120,50,50,7.0,800,25,Cotton,13:32:26 NPK,0.88,0.14,2.88,6.35,17.636,3.25,0.72,50.72,1733.1,80.23,2.3995,2.3995,0.9998,-0.5384,High,8,Kharif
Kolhapur,Red,100,65,60,6.0,900,30,Cotton,DAP,0.88,0.14,2.88,6.35,17.636,3.25,0.72,50.72,1733.1,84.68,1.5382,1.6664,1.0832,-0.4807,High,8,Kharif
Solapur,Black,110,80,70,8.0,600,30,Cotton,Magnesium Sulphate,0.45,0.32,0.16,1.56,1.56,0.58,0.5,7.05,481.1,72.09,1.3748,1.5712,1.1427,0.2471,Medium,6,Kharif
Kolhapur,Red,150,50,75,7.5,1000,35,Cotton,13:32:26 NPK,0.88,0.14,2.88,6.35,17.636,3.25,0.72,50.72,1733.1,88.49,2.9994,1.9997,0.6666,-0.423,High,8,Kharif
Kolhapur,Red,115,60,65,6.5,1000,35,Cotton,12:32:16 NPK,0.88,0.14,2.88,6.35,17.636,3.25,0.72,50.72,1733.1,85.2,1.9163,1.769,0.9229,-0.423,High,8,Kharif
Kolhapur,Red,125,55,75,6.5,1000,35,Cotton,DAP,0.88,0.14,2.88,6.35,17.636,3.25,0.72,50.72,1733.1,88.01,2.2723,1.6664,0.7332,-0.423,High,8,Kharif
Kolhapur,Red,105,45,65,7.5,800,25,Cotton,DAP,0.88,0.14,2.88,6.35,17.636,3.25,0.72,50.72,1733.1,81.74,2.3328,1.6151,0.6922,-0.5384,High,8,Kharif
Solapur,Black,115,60,70,8.0,500,10,Cotton,12:32:16 NPK,0.45,0.32,0.16,1.56,1.56,0.58,0.5,7.05,481.1,67.2,1.9163,1.6426,0.857,0.0393,Medium,6,Kharif
Kolhapur,Red,125,40,70,6.0,900,30,Cotton,Magnesium Sulphate,0.88,0.14,2.88,6.35,17.636,3.25,0.72,50.72,1733.1,85.55,3.1242,1.7855,0.5713,-0.4807,High,8,Kharif
Kolhapur,Red,150,40,70,6.0,900,30,Cotton,Magnesium Sulphate,0.88,0.14,2.88,6.35,17.636,3.25,0.72,50.72,1733.1,83.49,3.7491,2.1426,0.5713,-0.4807,High,8,Kharif
Kolhapur,Red,100,75,65,7.5,1000,35,Cotton,DAP,0.88,0.14,2.88,6.35,17.636,3.25,0.72,50.72,1733.1,86.29,1.3332,1.5382,1.1537,-0.423,High,8,Kharif
Kolhapur,Red,135,40,55,7.5,900,30,Cotton,Magnesium Sulphate,0.88,0.14,2.88,6.35,17.636,3.25,0.72,50.72,1733.1,82.07,3.3742,2.4541,0.7271,-0.4807,High,8,Kharif
Kolhapur,Red,105,80,55,6.5,800,25,Cotton,12:32:16 NPK,0.88,0.14,2.88,6.35,17.636,3.25,0.72,50.72,1733.1,76.66,1.3123,1.9087,1.4543,-0.5384,High,8,Kharif
Kolhapur,Red,120,60,60,7.0,900,30,Cotton,12:32:16 NPK,0.88,0.14,2.88,6.35,17.636,3.25,0.72,50.72,1733.1,84.52,1.9997,1.9997,0.9998,-0.4807,High,8,Kharif
Kolhapur,Red,120,40,60,7.0,1000,35,Cotton,DAP,0.88,0.14,2.88,6.35,17.636,3.25,0.72,50.72,1733.1,88.2,2.9993,1.9997,0.6666,-0.423,High,8,Kharif
Sangli,Black,105,30,55,7.0,900,35,Cotton,Magnesium Sulphate,0.583,0.24,0.973,3.16,6.06,2.88,0.62,10.75,514.5,80.64,3.4988,1.9087,0.5454,0.7493,Medium,7,Kharif
Solapur,Black,115,80,60,7.5,600,30,Cotton,DAP,0.45,0.32,0.16,1.56,1.56,0.58,0.5,7.05,481.1,67.23,1.4373,1.9163,1.3331,0.2471,Medium,7,Kharif
Kolhapur,Red,110,75,60,6.0,900,30,Cotton,Magnesium Sulphate,0.88,0.14,2.88,6.35,17.636,3.25,0.72,50.72,1733.1,84.22,1.4665,1.833,1.2498,-0.4807,High,8,Kharif
Kolhapur,Red,110,75,55,7.5,800,25,Cotton,12:32:16 NPK,0.88,0.14,2.88,6.35,17.636,3.25,0.72,50.72,1733.1,82.96,1.4665,1.9996,1.3634,-0.5384,High,8,Kharif
Solapur,Black,100,60,65,8.5,600,10,Cotton,DAP,0.45,0.32,0.16,1.56,1.56,0.58,0.5,7.05,481.1,69.48,1.6664,1.5382,0.9229,0.2471,Medium,5,Kharif
Sangli,Black,120,20,55,7.0,900,25,Cotton,DAP,0.583,0.24,0.973,3.16,6.06,2.88,0.62,10.75,514.5,83.33,5.997,2.1814,0.3636,0.7493,Medium,6,Kharif
Satara,Black,55,55,75,5.5,1000,35,Ginger,Urea,0.295,0.25,0.073,3.96,6.2,2.4,0.793,4.178,886.2,88.58,0.9998,0.7332,0.7332,0.1284,Low,4,Kharif
Satara,Black,50,55,80,6.5,900,20,Ginger,Ammonium Sulphate,0.295,0.25,0.073,3.96,6.2,2.4,0.793,4.178,886.2,84.86,0.9089,0.6249,0.6874,0.0156,Low,5,Kharif
Satara,Black,45,50,75,6.0,1000,35,Ginger,Ammonium Sulphate,0.295,0.25,0.073,3.96,6.2,2.4,0.793,4.178,886.2,83.83,0.8998,0.5999,0.6666,0.1284,Low,5,Kharif
Satara,Black,45,40,75,5.5,1000,35,Ginger,Urea,0.295,0.25,0.073,3.96,6.2,2.4,0.793,4.178,886.2,86.79,1.1247,0.5999,0.5333,0.1284,Low,4,Kharif
Satara,Black,55,40,70,6.0,900,30,Ginger,DAP,0.295,0.25,0.073,3.96,6.2,2.4,0.793,4.178,886.2,85.52,1.3747,0.7856,0.5713,0.0156,Low,5,Kharif
Satara,Black,45,55,65,5.5,900,30,Ginger,Urea,0.295,0.25,0.073,3.96,6.2,2.4,0.793,4.178,886.2,85.55,0.818,0.6922,0.846,0.0156,Low,4,Kharif
Satara,Black,45,45,75,6.5,1000,35,Ginger,DAP,0.295,0.25,0.073,3.96,6.2,2.4,0.793,4.178,886.2,87.65,0.9998,0.5999,0.5999,0.1284,Low,5,Kharif
Satara,Black,55,60,75,5.5,900,20,Ginger,Ammonium Sulphate,0.295,0.25,0.073,3.96,6.2,2.4,0.793,4.178,886.2,86.58,0.9165,0.7332,0.7999,0.0156,Low,4,Kharif
Satara,Black,55,55,65,5.5,900,30,Ginger,Urea,0.295,0.25,0.073,3.96,6.2,2.4,0.793,4.178,886.2,87.04,0.9998,0.846,0.846,0.0156,Low,4,Kharif
Satara,Black,60,40,60,5.5,900,20,Ginger,Urea,0.295,0.25,0.073,3.96,6.2,2.4,0.793,4.178,886.2,86.82,1.4996,0.9998,0.6666,0.0156,Low,4,Kharif
Satara,Black,50,40,65,6.5,1000,25,Ginger,Ammonium Sulphate,0.295,0.25,0.073,3.96,6.2,2.4,0.793,4.178,886.2,92.78,1.2497,0.7691,0.6153,0.1284,Low,5,Kharif
Satara,Black,45,55,70,6.5,1000,35,Ginger,Ammonium Sulphate,0.295,0.25,0.073,3.96,6.2,2.4,0.793,4.178,886.2,90.53,0.818,0.6428,0.7856,0.1284,Low,5,Kharif
Satara,Black,60,55,80,6.5,900,20,Ginger,Ammonium Sulphate,0.295,0.25,0.073,3.96,6.2,2.4,0.793,4.178,886.2,82.97,1.0907,0.7499,0.6874,0.0156,Low,5,Kharif
Satara,Black,45,60,70,6.0,1000,35,Ginger,Urea,0.295,0.25,0.073,3.96,6.2,2.4,0.793,4.178,886.2,89.86,0.7499,0.6428,0.857,0.1284,Low,5,Kharif
Satara,Black,60,55,75,5.5,1000,35,Ginger,Urea,0.295,0.25,0.073,3.96,6.2,2.4,0.793,4.178,886.2,87.63,1.0907,0.7999,0.7332,0.1284,Low,4,Kharif
Satara,Black,50,40,75,5.5,1000,35,Ginger,Urea,0.295,0.25,0.073,3.96,6.2,2.4,0.793,4.178,886.2,87.54,1.2497,0.6666,0.5333,0.1284,Low,4,Kharif
Satara,Black,40,50,70,6.5,900,30,Ginger,Urea,0.295,0.25,0.073,3.96,6.2,2.4,0.793,4.178,886.2,82.73,0.7998,0.5713,0.7142,0.0156,Low,5,Kharif
Satara,Black,45,40,80,6.5,900,20,Ginger,Ammonium Sulphate,0.295,0.25,0.073,3.96,6.2,2.4,0.793,4.178,886.2,84.78,1.1247,0.5624,0.4999,0.0156,Low,5,Kharif
Satara,Black,45,50,70,6.5,900,30,Ginger,Urea,0.295,0.25,0.073,3.96,6.2,2.4,0.793,4.178,886.2,84.92,0.8998,0.6428,0.7142,0.0156,Low,5,Kharif
Satara,Black,60,50,65,6.0,900,30,Ginger,Ammonium Sulphate,0.295,0.25,0.073,3.96,6.2,2.4,0.793,4.178,886.2,85.82,1.1998,0.9229,0.7691,0.0156,Low,5,Kharif
Satara,Black,50,60,60,5.5,1000,25,Ginger,Ammonium Sulphate,0.295,0.25,0.073,3.96,6.2,2.4,0.793,4.178,886.2,87.74,0.8332,0.8332,0.9998,0.1284,Low,4,Kharif
Satara,Black,55,40,75,5.5,1000,35,Ginger,Urea,0.295,0.25,0.073,3.96,6.2,2.4,0.793,4.178,886.2,84.72,1.3747,0.7332,0.5333,0.1284,Low,4,Kharif
Satara,Black,40,40,60,5.5,900,20,Ginger,Urea,0.295,0.25,0.073,3.96,6.2,2.4,0.793,4.178,886.2,84.94,0.9998,0.6666,0.6666,0.0156,Low,4,Kharif
Satara,Black,45,40,65,6.5,1000,25,Ginger,Ammonium Sulphate,0.295,0.25,0.073,3.96,6.2,2.4,0.793,4.178,886.2,88.95,1.1247,0.6922,0.6153,0.1284,Low,5,Kharif
Satara,Black,45,45,70,5.5,900,30,Ginger,Ammonium Sulphate,0.295,0.25,0.073,3.96,6.2,2.4,0.793,4.178,886.2,79.74,0.9998,0.6428,0.6428,0.0156,Low,4,Kharif
Satara,Black,50,55,60,6.0,1000,25,Ginger,DAP,0.295,0.25,0.073,3.96,6.2,2.4,0.793,4.178,886.2,90.43,0.9089,0.8332,0.9165,0.1284,Low,5,Kharif
Satara,Black,50,50,70,6.5,900,30,Ginger,Urea,0.295,0.25,0.073,3.96,6.2,2.4,0.793,4.178,886.2,79.83,0.9998,0.7142,0.7142,0.0156,Low,5,Kharif
Satara,Black,60,60,80,6.0,900,20,Ginger,Urea,0.295,0.25,0.073,3.96,6.2,2.4,0.793,4.178,886.2,80.5,0.9998,0.7499,0.7499,0.0156,Low,5,Kharif
Satara,Black,40,60,60,5.5,1000,25,Ginger,Ammonium Sulphate,0.295,0.25,0.073,3.96,6.2,2.4,0.793,4.178,886.2,91.5,0.6666,0.6666,0.9998,0.1284,Low,4,Kharif
Satara,Black,55,45,60,5.5,1000,25,Ginger,Ammonium Sulphate,0.295,0.25,0.073,3.96,6.2,2.4,0.793,4.178,886.2,86.36,1.222,0.9165,0.7499,0.1284,Low,4,Kharif
Satara,Black,60,50,60,6.5,1000,25,Ginger,Urea,0.295,0.25,0.073,3.96,6.2,2.4,0.793,4.178,886.2,86.74,1.1998,0.9998,0.8332,0.1284,Low,5,Kharif
Satara,Black,55,60,65,6.5,900,30,Ginger,DAP,0.295,0.25,0.073,3.96,6.2,2.4,0.793,4.178,886.2,85.91,0.9165,0.846,0.9229,0.0156,Low,5,Kharif
Satara,Black,60,50,80,5.5,900,20,Ginger,DAP,0.295,0.25,0.073,3.96,6.2,2.4,0.793,4.178,886.2,86.18,1.1998,0.7499,0.6249,0.0156,Low,4,Kharif
Satara,Black,40,55,75,5.5,1000,35,Ginger,Urea,0.295,0.25,0.073,3.96,6.2,2.4,0.793,4.178,886.2,86.18,0.7271,0.5333,0.7332,0.1284,Low,4,Kharif
Satara,Black,50,50,65,6.0,900,30,Ginger,Ammonium Sulphate,0.295,0.25,0.073,3.96,6.2,2.4,0.793,4.178,886.2,81.26,0.9998,0.7691,0.7691,0.0156,Low,5,Kharif
Satara,Black,50,60,80,6.0,900,20,Ginger,Urea,0.295,0.25,0.073,3.96,6.2,2.4,0.793,4.178,886.2,84.79,0.8332,0.6249,0.7499,0.0156,Low,5,Kharif
Satara,Black,40,55,80,6.5,900,20,Ginger,Ammonium Sulphate,0.295,0.25,0.073,3.96,6.2,2.4,0.793,4.178,886.2,85.91,0.7271,0.4999,0.6874,0.0156,Low,5,Kharif
Satara,Black,45,45,80,6.0,900,20,Ginger,Urea,0.295,0.25,0.073,3.96,6.2,2.4,0.793,4.178,886.2,85.07,0.9998,0.5624,0.5624,0.0156,Low,5,Kharif
Satara,Black,40,50,60,6.5,1000,25,Ginger,Urea,0.295,0.25,0.073,3.96,6.2,2.4,0.793,4.178,886.2,87.7,0.7998,0.6666,0.8332,0.1284,Low,5,Kharif
Satara,Black,40,45,70,5.5,900,30,Ginger,Ammonium Sulphate,0.295,0.25,0.073,3.96,6.2,2.4,0.793,4.178,886.2,84.28,0.8887,0.5713,0.6428,0.0156,Low,4,Kharif
Satara,Black,60,55,65,5.5,900,30,Ginger,Urea,0.295,0.25,0.073,3.96,6.2,2.4,0.793,4.178,886.2,82.1,1.0907,0.9229,0.846,0.0156,Low,4,Kharif
Satara,Black,40,45,75,6.5,1000,35,Ginger,DAP,0.295,0.25,0.073,3.96,6.2,2.4,0.793,4.178,886.2,91.7,0.8887,0.5333,0.5999,0.1284,Low,5,Kharif
Satara,Black,60,45,65,6.0,1000,25,Ginger,Urea,0.295,0.25,0.073,3.96,6.2,2.4,0.793,4.178,886.2,92.46,1.333,0.9229,0.6922,0.1284,Low,5,Kharif
Satara,Black,55,45,70,5.5,900,30,Ginger,Ammonium Sulphate,0.295,0.25,0.073,3.96,6.2,2.4,0.793,4.178,886.2,84.43,1.222,0.7856,0.6428,0.0156,Low,4,Kharif
Satara,Black,50,50,80,5.5,900,20,Ginger,DAP,0.295,0.25,0.073,3.96,6.2,2.4,0.793,4.178,886.2,85.61,0.9998,0.6249,0.6249,0.0156,Low,4,Kharif
Satara,Black,40,40,65,6.5,1000,25,Ginger,Ammonium Sulphate,0.295,0.25,0.073,3.96,6.2,2.4,0.793,4.178,886.2,89.0,0.9998,0.6153,0.6153,0.1284,Low,5,Kharif
Satara,Black,60,55,70,6.5,1000,35,Ginger,Ammonium Sulphate,0.295,0.25,0.073,3.96,6.2,2.4,0.793,4.178,886.2,88.4,1.0907,0.857,0.7856,0.1284,Low,5,Kharif
Satara,Black,55,40,65,6.5,1000,25,Ginger,Ammonium Sulphate,0.295,0.25,0.073,3.96,6.2,2.4,0.793,4.178,886.2,89.23,1.3747,0.846,0.6153,0.1284,Low,5,Kharif
Satara,Black,45,55,60,6.0,1000,25,Ginger,DAP,0.295,0.25,0.073,3.96,6.2,2.4,0.793,4.178,886.2,89.77,0.818,0.7499,0.9165,0.1284,Low,5,Kharif
Satara,Black,50,60,75,5.5,900,20,Ginger,Ammonium Sulphate,0.295,0.25,0.073,3.96,6.2,2.4,0.793,4.178,886.2,87.46,0.8332,0.6666,0.7999,0.0156,Low,4,Kharif
Satara,Black,40,45,65,6.0,1000,25,Ginger,Urea,0.295,0.25,0.073,3.96,6.2,2.4,0.793,4.178,886.2,89.38,0.8887,0.6153,0.6922,0.1284,Low,5,Kharif
Satara,Black,40,55,60,6.0,1000,25,Ginger,DAP,0.295,0.25,0.073,3.96,6.2,2.4,0.793,4.178,886.2,90.5,0.7271,0.6666,0.9165,0.1284,Low,5,Kharif
Satara,Black,40,60,65,6.5,900,30,Ginger,DAP,0.295,0.25,0.073,3.96,6.2,2.4,0.793,4.178,886.2,85.74,0.6666,0.6153,0.9229,0.0156,Low,5,Kharif
Satara,Black,60,50,75,6.0,1000,35,Ginger,Ammonium Sulphate,0.295,0.25,0.073,3.96,6.2,2.4,0.793,4.178,886.2,88.57,1.1998,0.7999,0.6666,0.1284,Low,5,Kharif
Satara,Black,60,60,60,5.5,1000,25,Ginger,Ammonium Sulphate,0.295,0.25,0.073,3.96,6.2,2.4,0.793,4.178,886.2,92.51,0.9998,0.9998,0.9998,0.1284,Low,4,Kharif
Satara,Black,40,50,75,6.0,1000,35,Ginger,Ammonium Sulphate,0.295,0.25,0.073,3.96,6.2,2.4,0.793,4.178,886.2,95.0,0.7998,0.5333,0.6666,0.1284,Low,5,Kharif
Satara,Black,45,55,75,5.5,1000,35,Ginger,Urea,0.295,0.25,0.073,3.96,6.2,2.4,0.793,4.178,886.2,86.13,0.818,0.5999,0.7332,0.1284,Low,4,Kharif
Satara,Black,55,55,60,6.0,1000,25,Ginger,DAP,0.295,0.25,0.073,3.96,6.2,2.4,0.793,4.178,886.2,93.16,0.9998,0.9165,0.9165,0.1284,Low,5,Kharif
Satara,Black,60,45,70,5.5,900,30,Ginger,Ammonium Sulphate,0.295,0.25,0.073,3.96,6.2,2.4,0.793,4.178,886.2,85.02,1.333,0.857,0.6428,0.0156,Low,4,Kharif
Satara,Black,40,55,70,6.5,1000,35,Ginger,Ammonium Sulphate,0.295,0.25,0.073,3.96,6.2,2.4,0.793,4.178,886.2,88.21,0.7271,0.5713,0.7856,0.1284,Low,5,Kharif
Satara,Black,50,45,65,6.0,1000,25,Ginger,Urea,0.295,0.25,0.073,3.96,6.2,2.4,0.793,4.178,886.2,88.23,1.1109,0.7691,0.6922,0.1284,Low,5,Kharif
Satara,Black,55,55,70,6.5,1000,35,Ginger,Ammonium Sulphate,0.295,0.25,0.073,3.96,6.2,2.4,0.793,4.178,886.2,89.09,0.9998,0.7856,0.7856,0.1284,Low,5,Kharif
Satara,Black,55,55,80,6.5,900,20,Ginger,Ammonium Sulphate,0.295,0.25,0.073,3.96,6.2,2.4,0.793,4.178,886.2,86.66,0.9998,0.6874,0.6874,0.0156,Low,5,Kharif
Satara,Black,40,60,70,6.0,1000,35,Ginger,Urea,0.295,0.25,0.073,3.96,6.2,2.4,0.793,4.178,886.2,91.49,0.6666,0.5713,0.857,0.1284,Low,5,Kharif
Satara,Black,60,55,60,6.0,1000,25,Ginger,DAP,0.295,0.25,0.073,3.96,6.2,2.4,0.793,4.178,886.2,91.97,1.0907,0.9998,0.9165,0.1284,Low,5,Kharif
Satara,Black,40,40,80,6.5,900,20,Ginger,Ammonium Sulphate,0.295,0.25,0.073,3.96,6.2,2.4,0.793,4.178,886.2,84.35,0.9998,0.4999,0.4999,0.0156,Low,5,Kharif
Satara,Black,40,45,60,5.5,1000,25,Ginger,Ammonium Sulphate,0.295,0.25,0.073,3.96,6.2,2.4,0.793,4.178,886.2,89.48,0.8887,0.6666,0.7499,0.1284,Low,4,Kharif
Satara,Black,55,45,65,6.0,1000,25,Ginger,Urea,0.295,0.25,0.073,3.96,6.2,2.4,0.793,4.178,886.2,91.07,1.222,0.846,0.6922,0.1284,Low,5,Kharif
Satara,Black,55,50,70,6.5,900,30,Ginger,Urea,0.295,0.25,0.073,3.96,6.2,2.4,0.793,4.178,886.2,82.83,1.0998,0.7856,0.7142,0.0156,Low,5,Kharif
Satara,Black,60,45,60,5.5,1000,25,Ginger,Ammonium Sulphate,0.295,0.25,0.073,3.96,6.2,2.4,0.793,4.178,886.2,90.54,1.333,0.9998,0.7499,0.1284,Low,4,Kharif
Satara,Black,55,40,60,5.5,900,20,Ginger,Urea,0.295,0.25,0.073,3.96,6.2,2.4,0.793,4.178,886.2,87.36,1.3747,0.9165,0.6666,0.0156,Low,4,Kharif
Satara,Black,50,55,75,5.5,1000,35,Ginger,Urea,0.295,0.25,0.073,3.96,6.2,2.4,0.793,4.178,886.2,86.66,0.9089,0.6666,0.7332,0.1284,Low,4,Kharif
Satara,Black,55,50,75,6.0,1000,35,Ginger,Ammonium Sulphate,0.295,0.25,0.073,3.96,6.2,2.4,0.793,4.178,886.2,87.43,1.0998,0.7332,0.6666,0.1284,Low,5,Kharif
Satara,Black,50,60,65,6.5,900,30,Ginger,DAP,0.295,0.25,0.073,3.96,6.2,2.4,0.793,4.178,886.2,82.22,0.8332,0.7691,0.9229,0.0156,Low,5,Kharif
Satara,Black,50,60,70,6.0,1000,35,Ginger,Urea,0.295,0.25,0.073,3.96,6.2,2.4,0.793,4.178,886.2,87.53,0.8332,0.7142,0.857,0.1284,Low,5,Kharif
Satara,Black,45,45,65,6.0,1000,25,Ginger,Urea,0.295,0.25,0.073,3.96,6.2,2.4,0.793,4.178,886.2,88.32,0.9998,0.6922,0.6922,0.1284,Low,5,Kharif
Satara,Black,40,45,80,6.0,900,20,Ginger,Urea,0.295,0.25,0.073,3.96,6.2,2.4,0.793,4.178,886.2,87.99,0.8887,0.4999,0.5624,0.0156,Low,5,Kharif
Satara,Black,50,45,60,5.5,1000,25,Ginger,Ammonium Sulphate,0.295,0.25,0.073,3.96,6.2,2.4,0.793,4.178,886.2,88.86,1.1109,0.8332,0.7499,0.1284,Low,4,Kharif
Satara,Black,40,50,65,6.0,900,30,Ginger,Ammonium Sulphate,0.295,0.25,0.073,3.96,6.2,2.4,0.793,4.178,886.2,80.18,0.7998,0.6153,0.7691,0.0156,Low,5,Kharif
Satara,Black,60,40,70,6.0,900,30,Ginger,DAP,0.295,0.25,0.073,3.96,6.2,2.4,0.793,4.178,886.2,85.37,1.4996,0.857,0.5713,0.0156,Low,5,Kharif
Satara,Black,40,40,70,6.0,900,30,Ginger,DAP,0.295,0.25,0.073,3.96,6.2,2.4,0.793,4.178,886.2,82.93,0.9998,0.5713,0.5713,0.0156,Low,5,Kharif
Satara,Black,55,45,80,6.0,900,20,Ginger,Urea,0.295,0.25,0.073,3.96,6.2,2.4,0.793,4.178,886.2,85.62,1.222,0.6874,0.5624,0.0156,Low,5,Kharif
Satara,Black,45,60,60,5.5,1000,25,Ginger,Ammonium Sulphate,0.295,0.25,0.073,3.96,6.2,2.4,0.793,4.178,886.2,89.17,0.7499,0.7499,0.9998,0.1284,Low,4,Kharif
Satara,Black,60,45,80,6.0,900,20,Ginger,Urea,0.295,0.25,0.073,3.96,6.2,2.4,0.793,4.178,886.2,86.65,1.333,0.7499,0.5624,0.0156,Low,5,Kharif
Satara,Black,45,50,80,5.5,900,20,Ginger,DAP,0.295,0.25,0.073,3.96,6.2,2.4,0.793,4.178,886.2,87.49,0.8998,0.5624,0.6249,0.0156,Low,4,Kharif
Satara,Black,45,60,75,5.5,900,20,Ginger,Ammonium Sulphate,0.295,0.25,0.073,3.96,6.2,2.4,0.793,4.178,886.2,88.54,0.7499,0.5999,0.7999,0.0156,Low,4,Kharif
Satara,Black,60,40,75,5.5,1000,35,Ginger,Urea,0.295,0.25,0.073,3.96,6.2,2.4,0.793,4.178,886.2,87.22,1.4996,0.7999,0.5333,0.1284,Low,4,Kharif
Satara,Black,55,60,70,6.0,1000,35,Ginger,Urea,0.295,0.25,0.073,3.96,6.2,2.4,0.793,4.178,886.2,90.27,0.9165,0.7856,0.857,0.1284,Low,5,Kharif
Satara,Black,45,55,80,6.5,900,20,Ginger,Ammonium Sulphate,0.295,0.25,0.073,3.96,6.2,2.4,0.793,4.178,886.2,85.15,0.818,0.5624,0.6874,0.0156,Low,5,Kharif
Satara,Black,55,45,75,6.5,1000,35,Ginger,DAP,0.295,0.25,0.073,3.96,6.2,2.4,0.793,4.178,886.2,88.2,1.222,0.7332,0.5999,0.1284,Low,5,Kharif
Satara,Black,40,55,65,5.5,900,30,Ginger,Urea,0.295,0.25,0.073,3.96,6.2,2.4,0.793,4.178,886.2,86.41,0.7271,0.6153,0.846,0.0156,Low,4,Kharif
Satara,Black,55,60,60,5.5,1000,25,Ginger,Ammonium Sulphate,0.295,0.25,0.073,3.96,6.2,2.4,0.793,4.178,886.2,89.1,0.9165,0.9165,0.9998,0.1284,Low,4,Kharif
Satara,Black,55,50,60,6.5,1000,25,Ginger,Urea,0.295,0.25,0.073,3.96,6.2,2.4,0.793,4.178,886.2,89.63,1.0998,0.9165,0.8332,0.1284,Low,5,Kharif
Satara,Black,40,60,75,5.5,900,20,Ginger,Ammonium Sulphate,0.295,0.25,0.073,3.96,6.2,2.4,0.793,4.178,886.2,86.53,0.6666,0.5333,0.7999,0.0156,Low,4,Kharif
Satara,Black,50,45,75,6.5,1000,35,Ginger,DAP,0.295,0.25,0.073,3.96,6.2,2.4,0.793,4.178,886.2,89.34,1.1109,0.6666,0.5999,0.1284,Low,5,Kharif
Satara,Black,40,40,75,5.5,1000,35,Ginger,Urea,0.295,0.25,0.073,3.96,6.2,2.4,0.793,4.178,886.2,90.95,0.9998,0.5333,0.5333,0.1284,Low,4,Kharif
Satara,Black,50,45,70,5.5,900,30,Ginger,Ammonium Sulphate,0.295,0.25,0.073,3.96,6.2,2.4,0.793,4.178,886.2,85.54,1.1109,0.7142,0.6428,0.0156,Low,4,Kharif
Satara,Black,50,55,70,6.5,1000,35,Ginger,Ammonium Sulphate,0.295,0.25,0.073,3.96,6.2,2.4,0.793,4.178,886.2,86.31,0.9089,0.7142,0.7856,0.1284,Low,5,Kharif
Satara,Black,60,45,75,6.5,1000,35,Ginger,DAP,0.295,0.25,0.073,3.96,6.2,2.4,0.793,4.178,886.2,90.59,1.333,0.7999,0.5999,0.1284,Low,5,Kharif
Satara,Black,55,50,80,5.5,900,20,Ginger,DAP,0.295,0.25,0.073,3.96,6.2,2.4,0.793,4.178,886.2,85.87,1.0998,0.6874,0.6249,0.0156,Low,4,Kharif
Satara,Black,60,40,80,6.5,900,20,Ginger,Ammonium Sulphate,0.295,0.25,0.073,3.96,6.2,2.4,0.793,4.178,886.2,88.45,1.4996,0.7499,0.4999,0.0156,Low,5,Kharif
Sangli,Red,95,55,135,7.5,800,20,Grapes,Ferrous Sulphate,0.583,0.24,0.973,3.16,6.06,2.88,0.62,10.75,514.5,82.83,1.727,0.7037,0.4074,0.5549,Medium,8,Kharif
Sangli,Red,90,55,140,6.0,700,30,Grapes,10:10:10 NPK,0.583,0.24,0.973,3.16,6.06,2.88,0.62,10.75,514.5,72.81,1.6361,0.6428,0.3928,0.3605,Medium,8,Kharif
Sangli,Red,85,50,135,7.5,800,25,Grapes,10:10:10 NPK,0.583,0.24,0.973,3.16,6.06,2.88,0.62,10.75,514.5,81.36,1.6997,0.6296,0.3703,0.5549,Medium,8,Kharif
Sangli,Red,85,40,135,7.5,800,20,Grapes,Ferrous Sulphate,0.583,0.24,0.973,3.16,6.06,2.88,0.62,10.75,514.5,82.72,2.1245,0.6296,0.2963,0.5549,Medium,8,Kharif
Sangli,Red,95,40,130,7.0,700,25,Grapes,Hydrated Lime,0.583,0.24,0.973,3.16,6.06,2.88,0.62,10.75,514.5,78.91,2.3744,0.7307,0.3077,0.3605,Medium,8,Kharif
Sangli,Red,85,55,125,7.0,700,20,Grapes,Ferrous Sulphate,0.583,0.24,0.973,3.16,6.06,2.88,0.62,10.75,514.5,75.8,1.5452,0.6799,0.44,0.3605,Medium,8,Kharif
Sangli,Red,85,45,135,7.5,800,30,Grapes,Hydrated Lime,0.583,0.24,0.973,3.16,6.06,2.88,0.62,10.75,514.5,79.8,1.8885,0.6296,0.3333,0.5549,Medium,8,Kharif
Sangli,Red,95,60,135,6.0,700,20,Grapes,10:10:10 NPK,0.583,0.24,0.973,3.16,6.06,2.88,0.62,10.75,514.5,77.78,1.5831,0.7037,0.4444,0.3605,Medium,8,Kharif
Sangli,Red,95,55,125,7.0,700,20,Grapes,Ferrous Sulphate,0.583,0.24,0.973,3.16,6.06,2.88,0.62,10.75,514.5,70.94,1.727,0.7599,0.44,0.3605,Medium,8,Kharif
Sangli,Red,100,40,120,6.0,700,20,Grapes,Ferrous Sulphate,0.583,0.24,0.973,3.16,6.06,2.88,0.62,10.75,514.5,75.89,2.4994,0.8333,0.3333,0.3605,Medium,8,Kharif
Sangli,Red,90,40,125,6.5,800,30,Grapes,10:10:10 NPK,0.583,0.24,0.973,3.16,6.06,2.88,0.62,10.75,514.5,82.59,2.2494,0.7199,0.32,0.5549,Medium,8,Kharif
Sangli,Red,85,55,130,7.5,800,30,Grapes,10:10:10 NPK,0.583,0.24,0.973,3.16,6.06,2.88,0.62,10.75,514.5,79.89,1.5452,0.6538,0.423,0.5549,Medium,8,Kharif
Sangli,Red,100,55,140,6.0,700,30,Grapes,10:10:10 NPK,0.583,0.24,0.973,3.16,6.06,2.88,0.62,10.75,514.5,74.16,1.8179,0.7142,0.3928,0.3605,Medium,8,Kharif
Sangli,Red,85,60,130,7.5,800,25,Grapes,Ferrous Sulphate,0.583,0.24,0.973,3.16,6.06,2.88,0.62,10.75,514.5,79.56,1.4164,0.6538,0.4615,0.5549,Medium,8,Kharif
Sangli,Red,100,55,135,7.5,800,20,Grapes,Ferrous Sulphate,0.583,0.24,0.973,3.16,6.06,2.88,0.62,10.75,514.5,77.91,1.8179,0.7407,0.4074,0.5549,Medium,8,Kharif
Sangli,Red,90,40,135,7.5,800,20,Grapes,Ferrous Sulphate,0.583,0.24,0.973,3.16,6.06,2.88,0.62,10.75,514.5,81.28,2.2494,0.6666,0.2963,0.5549,Medium,8,Kharif
Sangli,Red,80,50,130,7.0,700,30,Grapes,Ferrous Sulphate,0.583,0.24,0.973,3.16,6.06,2.88,0.62,10.75,514.5,70.9,1.5997,0.6153,0.3846,0.3605,Medium,8,Kharif
Sangli,Red,85,40,140,6.0,700,30,Grapes,10:10:10 NPK,0.583,0.24,0.973,3.16,6.06,2.88,0.62,10.75,514.5,72.34,2.1245,0.6071,0.2857,0.3605,Medium,8,Kharif
Sangli,Red,85,50,130,7.0,700,30,Grapes,Ferrous Sulphate,0.583,0.24,0.973,3.16,6.06,2.88,0.62,10.75,514.5,74.52,1.6997,0.6538,0.3846,0.3605,Medium,8,Kharif
Sangli,Red,100,50,125,7.0,700,25,Grapes,10:10:10 NPK,0.583,0.24,0.973,3.16,6.06,2.88,0.62,10.75,514.5,75.51,1.9996,0.7999,0.4,0.3605,Medium,8,Kharif
Sangli,Red,90,60,120,6.5,800,20,Grapes,10:10:10 NPK,0.583,0.24,0.973,3.16,6.06,2.88,0.62,10.75,514.5,79.04,1.4998,0.7499,0.5,0.5549,Medium,8,Kharif
Sangli,Red,95,40,135,7.5,800,20,Grapes,Ferrous Sulphate,0.583,0.24,0.973,3.16,6.06,2.88,0.62,10.75,514.5,77.85,2.3744,0.7037,0.2963,0.5549,Medium,8,Kharif
Sangli,Red,80,40,120,6.0,700,20,Grapes,Ferrous Sulphate,0.583,0.24,0.973,3.16,6.06,2.88,0.62,10.75,514.5,80.17,1.9995,0.6666,0.3333,0.3605,Medium,8,Kharif
Sangli,Red,85,40,125,6.5,800,30,Grapes,10:10:10 NPK,0.583,0.24,0.973,3.16,6.06,2.88,0.62,10.75,514.5,80.01,2.1245,0.6799,0.32,0.5549,Medium,8,Kharif
Sangli,Red,85,45,130,7.0,700,20,Grapes,10:10:10 NPK,0.583,0.24,0.973,3.16,6.06,2.88,0.62,10.75,514.5,78.46,1.8885,0.6538,0.3461,0.3605,Medium,8,Kharif
Sangli,Red,90,55,120,6.5,800,25,Grapes,Hydrated Lime,0.583,0.24,0.973,3.16,6.06,2.88,0.62,10.75,514.5,78.54,1.6361,0.7499,0.4583,0.5549,Medium,8,Kharif
Sangli,Red,90,50,130,7.0,700,30,Grapes,Ferrous Sulphate,0.583,0.24,0.973,3.16,6.06,2.88,0.62,10.75,514.5,76.21,1.7996,0.6923,0.3846,0.3605,Medium,8,Kharif
Sangli,Red,100,60,140,6.0,700,25,Grapes,Ferrous Sulphate,0.583,0.24,0.973,3.16,6.06,2.88,0.62,10.75,514.5,72.27,1.6664,0.7142,0.4285,0.3605,Medium,8,Kharif
Sangli,Red,80,60,120,6.5,800,20,Grapes,10:10:10 NPK,0.583,0.24,0.973,3.16,6.06,2.88,0.62,10.75,514.5,76.74,1.3331,0.6666,0.5,0.5549,Medium,8,Kharif
Sangli,Red,95,45,120,6.5,800,20,Grapes,10:10:10 NPK,0.583,0.24,0.973,3.16,6.06,2.88,0.62,10.75,514.5,79.79,2.1106,0.7916,0.375,0.5549,Medium,8,Kharif
Sangli,Red,100,50,120,6.5,800,30,Grapes,Ferrous Sulphate,0.583,0.24,0.973,3.16,6.06,2.88,0.62,10.75,514.5,80.14,1.9996,0.8333,0.4166,0.5549,Medium,8,Kharif
Sangli,Red,95,60,125,7.0,700,30,Grapes,Hydrated Lime,0.583,0.24,0.973,3.16,6.06,2.88,0.62,10.75,514.5,72.87,1.5831,0.7599,0.48,0.3605,Medium,8,Kharif
Sangli,Red,100,50,140,6.0,700,20,Grapes,Hydrated Lime,0.583,0.24,0.973,3.16,6.06,2.88,0.62,10.75,514.5,75.44,1.9996,0.7142,0.3571,0.3605,Medium,8,Kharif
Sangli,Red,80,55,135,7.5,800,20,Grapes,Ferrous Sulphate,0.583,0.24,0.973,3.16,6.06,2.88,0.62,10.75,514.5,79.82,1.4543,0.5925,0.4074,0.5549,Medium,8,Kharif
Sangli,Red,90,50,125,7.0,700,25,Grapes,10:10:10 NPK,0.583,0.24,0.973,3.16,6.06,2.88,0.62,10.75,514.5,71.45,1.7996,0.7199,0.4,0.3605,Medium,8,Kharif
Sangli,Red,90,60,140,6.0,700,25,Grapes,Ferrous Sulphate,0.583,0.24,0.973,3.16,6.06,2.88,0.62,10.75,514.5,77.8,1.4998,0.6428,0.4285,0.3605,Medium,8,Kharif
Sangli,Red,80,55,140,6.0,700,30,Grapes,10:10:10 NPK,0.583,0.24,0.973,3.16,6.06,2.88,0.62,10.75,514.5,74.86,1.4543,0.5714,0.3928,0.3605,Medium,8,Kharif
Sangli,Red,85,45,140,6.0,700,25,Grapes,Ferrous Sulphate,0.583,0.24,0.973,3.16,6.06,2.88,0.62,10.75,514.5,74.85,1.8885,0.6071,0.3214,0.3605,Medium,8,Kharif
Sangli,Red,80,50,120,6.5,800,30,Grapes,Ferrous Sulphate,0.583,0.24,0.973,3.16,6.06,2.88,0.62,10.75,514.5,81.98,1.5997,0.6666,0.4166,0.5549,Medium,8,Kharif
Sangli,Red,80,45,130,7.0,700,20,Grapes,10:10:10 NPK,0.583,0.24,0.973,3.16,6.06,2.88,0.62,10.75,514.5,73.95,1.7774,0.6153,0.3461,0.3605,Medium,8,Kharif
Sangli,Red,100,55,125,7.0,700,20,Grapes,Ferrous Sulphate,0.583,0.24,0.973,3.16,6.06,2.88,0.62,10.75,514.5,77.36,1.8179,0.7999,0.44,0.3605,Medium,8,Kharif
Sangli,Red,80,45,135,7.5,800,30,Grapes,Hydrated Lime,0.583,0.24,0.973,3.16,6.06,2.88,0.62,10.75,514.5,79.36,1.7774,0.5925,0.3333,0.5549,Medium,8,Kharif
Sangli,Red,100,45,125,6.5,800,25,Grapes,Ferrous Sulphate,0.583,0.24,0.973,3.16,6.06,2.88,0.62,10.75,514.5,78.19,2.2217,0.7999,0.36,0.5549,Medium,8,Kharif
Sangli,Red,95,45,130,7.0,700,20,Grapes,10:10:10 NPK,0.583,0.24,0.973,3.16,6.06,2.88,0.62,10.75,514.5,79.26,2.1106,0.7307,0.3461,0.3605,Medium,8,Kharif
Sangli,Red,90,50,140,6.0,700,20,Grapes,Hydrated Lime,0.583,0.24,0.973,3.16,6.06,2.88,0.62,10.75,514.5,72.63,1.7996,0.6428,0.3571,0.3605,Medium,8,Kharif
Sangli,Red,80,40,125,6.5,800,30,Grapes,10:10:10 NPK,0.583,0.24,0.973,3.16,6.06,2.88,0.62,10.75,514.5,78.7,1.9995,0.6399,0.32,0.5549,Medium,8,Kharif
Sangli,Red,100,55,130,7.5,800,30,Grapes,10:10:10 NPK,0.583,0.24,0.973,3.16,6.06,2.88,0.62,10.75,514.5,81.69,1.8179,0.7692,0.423,0.5549,Medium,8,Kharif
Sangli,Red,95,40,125,6.5,800,30,Grapes,10:10:10 NPK,0.583,0.24,0.973,3.16,6.06,2.88,0.62,10.75,514.5,80.41,2.3744,0.7599,0.32,0.5549,Medium,8,Kharif
Sangli,Red,85,55,120,6.5,800,25,Grapes,Hydrated Lime,0.583,0.24,0.973,3.16,6.06,2.88,0.62,10.75,514.5,81.01,1.5452,0.7083,0.4583,0.5549,Medium,8,Kharif
Sangli,Red,90,60,135,6.0,700,20,Grapes,10:10:10 NPK,0.583,0.24,0.973,3.16,6.06,2.88,0.62,10.75,514.5,80.54,1.4998,0.6666,0.4444,0.3605,Medium,8,Kharif
Sangli,Red,80,45,125,6.5,800,25,Grapes,Ferrous Sulphate,0.583,0.24,0.973,3.16,6.06,2.88,0.62,10.75,514.5,78.04,1.7774,0.6399,0.36,0.5549,Medium,8,Kharif
Sangli,Red,80,55,120,6.5,800,25,Grapes,Hydrated Lime,0.583,0.24,0.973,3.16,6.06,2.88,0.62,10.75,514.5,78.07,1.4543,0.6666,0.4583,0.5549,Medium,8,Kharif
Sangli,Red,80,60,125,7.0,700,30,Grapes,Hydrated Lime,0.583,0.24,0.973,3.16,6.06,2.88,0.62,10.75,514.5,74.43,1.3331,0.6399,0.48,0.3605,Medium,8,Kharif
Sangli,Red,100,50,135,7.5,800,25,Grapes,10:10:10 NPK,0.583,0.24,0.973,3.16,6.06,2.88,0.62,10.75,514.5,79.32,1.9996,0.7407,0.3703,0.5549,Medium,8,Kharif
Sangli,Red,100,60,120,6.5,800,20,Grapes,10:10:10 NPK,0.583,0.24,0.973,3.16,6.06,2.88,0.62,10.75,514.5,77.63,1.6664,0.8333,0.5,0.5549,Medium,8,Kharif
Sangli,Red,80,50,135,7.5,800,25,Grapes,10:10:10 NPK,0.583,0.24,0.973,3.16,6.06,2.88,0.62,10.75,514.5,83.18,1.5997,0.5925,0.3703,0.5549,Medium,8,Kharif
Sangli,Red,85,55,135,7.5,800,20,Grapes,Ferrous Sulphate,0.583,0.24,0.973,3.16,6.06,2.88,0.62,10.75,514.5,78.82,1.5452,0.6296,0.4074,0.5549,Medium,8,Kharif
Sangli,Red,95,55,120,6.5,800,25,Grapes,Hydrated Lime,0.583,0.24,0.973,3.16,6.06,2.88,0.62,10.75,514.5,84.33,1.727,0.7916,0.4583,0.5549,Medium,8,Kharif
Sangli,Red,100,45,130,7.0,700,20,Grapes,10:10:10 NPK,0.583,0.24,0.973,3.16,6.06,2.88,0.62,10.75,514.5,75.43,2.2217,0.7692,0.3461,0.3605,Medium,8,Kharif
Sangli,Red,80,55,130,7.5,800,30,Grapes,10:10:10 NPK,0.583,0.24,0.973,3.16,6.06,2.88,0.62,10.75,514.5,81.77,1.4543,0.6153,0.423,0.5549,Medium,8,Kharif
Sangli,Red,90,45,125,6.5,800,25,Grapes,Ferrous Sulphate,0.583,0.24,0.973,3.16,6.06,2.88,0.62,10.75,514.5,84.64,1.9996,0.7199,0.36,0.5549,Medium,8,Kharif
Sangli,Red,95,55,130,7.5,800,30,Grapes,10:10:10 NPK,0.583,0.24,0.973,3.16,6.06,2.88,0.62,10.75,514.5,79.93,1.727,0.7307,0.423,0.5549,Medium,8,Kharif
Sangli,Red,95,55,140,6.0,700,30,Grapes,10:10:10 NPK,0.583,0.24,0.973,3.16,6.06,2.88,0.62,10.75,514.5,73.67,1.727,0.6785,0.3928,0.3605,Medium,8,Kharif
Sangli,Red,80,60,130,7.5,800,25,Grapes,Ferrous Sulphate,0.583,0.24,0.973,3.16,6.06,2.88,0.62,10.75,514.5,80.25,1.3331,0.6153,0.4615,0.5549,Medium,8,Kharif
Sangli,Red,100,55,120,6.5,800,25,Grapes,Hydrated Lime,0.583,0.24,0.973,3.16,6.06,2.88,0.62,10.75,514.5,82.38,1.8179,0.8333,0.4583,0.5549,Medium,8,Kharif
Sangli,Red,80,40,140,6.0,700,30,Grapes,10:10:10 NPK,0.583,0.24,0.973,3.16,6.06,2.88,0.62,10.75,514.5,77.98,1.9995,0.5714,0.2857,0.3605,Medium,8,Kharif
Sangli,Red,80,45,120,6.5,800,20,Grapes,10:10:10 NPK,0.583,0.24,0.973,3.16,6.06,2.88,0.62,10.75,514.5,81.42,1.7774,0.6666,0.375,0.5549,Medium,8,Kharif
Sangli,Red,95,45,125,6.5,800,25,Grapes,Ferrous Sulphate,0.583,0.24,0.973,3.16,6.06,2.88,0.62,10.75,514.5,80.39,2.1106,0.7599,0.36,0.5549,Medium,8,Kharif
Sangli,Red,95,50,130,7.0,700,30,Grapes,Ferrous Sulphate,0.583,0.24,0.973,3.16,6.06,2.88,0.62,10.75,514.5,74.95,1.8996,0.7307,0.3846,0.3605,Medium,8,Kharif
Sangli,Red,100,45,120,6.5,800,20,Grapes,10:10:10 NPK,0.583,0.24,0.973,3.16,6.06,2.88,0.62,10.75,514.5,80.85,2.2217,0.8333,0.375,0.5549,Medium,8,Kharif
Sangli,Red,95,40,120,6.0,700,20,Grapes,Ferrous Sulphate,0.583,0.24,0.973,3.16,6.06,2.88,0.62,10.75,514.5,76.83,2.3744,0.7916,0.3333,0.3605,Medium,8,Kharif
Sangli,Red,90,55,135,7.5,800,20,Grapes,Ferrous Sulphate,0.583,0.24,0.973,3.16,6.06,2.88,0.62,10.75,514.5,82.67,1.6361,0.6666,0.4074,0.5549,Medium,8,Kharif
Sangli,Red,95,50,135,7.5,800,25,Grapes,10:10:10 NPK,0.583,0.24,0.973,3.16,6.06,2.88,0.62,10.75,514.5,78.96,1.8996,0.7037,0.3703,0.5549,Medium,8,Kharif
Sangli,Red,90,60,125,7.0,700,30,Grapes,Hydrated Lime,0.583,0.24,0.973,3.16,6.06,2.88,0.62,10.75,514.5,76.21,1.4998,0.7199,0.48,0.3605,Medium,8,Kharif
Sangli,Red,90,60,130,7.5,800,25,Grapes,Ferrous Sulphate,0.583,0.24,0.973,3.16,6.06,2.88,0.62,10.75,514.5,84.09,1.4998,0.6923,0.4615,0.5549,Medium,8,Kharif
Sangli,Red,85,45,125,6.5,800,25,Grapes,Ferrous Sulphate,0.583,0.24,0.973,3.16,6.06,2.88,0.62,10.75,514.5,82.24,1.8885,0.6799,0.36,0.5549,Medium,8,Kharif
Sangli,Red,80,45,140,6.0,700,25,Grapes,Ferrous Sulphate,0.583,0.24,0.973,3.16,6.06,2.88,0.62,10.75,514.5,74.85,1.7774,0.5714,0.3214,0.3605,Medium,8,Kharif
Sangli,Red,90,45,120,6.5,800,20,Grapes,10:10:10 NPK,0.583,0.24,0.973,3.16,6.06,2.88,0.62,10.75,514.5,79.94,1.9996,0.7499,0.375,0.5549,Medium,8,Kharif
Sangli,Red,80,50,125,7.0,700,25,Grapes,10:10:10 NPK,0.583,0.24,0.973,3.16,6.06,2.88,0.62,10.75,514.5,75.85,1.5997,0.6399,0.4,0.3605,Medium,8,Kharif
Sangli,Red,100,40,130,7.0,700,25,Grapes,Hydrated Lime,0.583,0.24,0.973,3.16,6.06,2.88,0.62,10.75,514.5,73.95,2.4994,0.7692,0.3077,0.3605,Medium,8,Kharif
Sangli,Red,80,40,130,7.0,700,25,Grapes,Hydrated Lime,0.583,0.24,0.973,3.16,6.06,2.88,0.62,10.75,514.5,71.41,1.9995,0.6153,0.3077,0.3605,Medium,8,Kharif
Sangli,Red,95,45,140,6.0,700,25,Grapes,Ferrous Sulphate,0.583,0.24,0.973,3.16,6.06,2.88,0.62,10.75,514.5,72.23,2.1106,0.6785,0.3214,0.3605,Medium,8,Kharif
Sangli,Red,85,60,120,6.5,800,20,Grapes,10:10:10 NPK,0.583,0.24,0.973,3.16,6.06,2.88,0.62,10.75,514.5,81.92,1.4164,0.7083,0.5,0.5549,Medium,8,Kharif
Sangli,Red,100,45,140,6.0,700,25,Grapes,Ferrous Sulphate,0.583,0.24,0.973,3.16,6.06,2.88,0.62,10.75,514.5,76.01,2.2217,0.7142,0.3214,0.3605,Medium,8,Kharif
Sangli,Red,85,50,140,6.0,700,20,Grapes,Hydrated Lime,0.583,0.24,0.973,3.16,6.06,2.88,0.62,10.75,514.5,79.61,1.6997,0.6071,0.3571,0.3605,Medium,8,Kharif
Sangli,Red,85,60,135,6.0,700,20,Grapes,10:10:10 NPK,0.583,0.24,0.973,3.16,6.06,2.88,0.62,10.75,514.5,75.8,1.4164,0.6296,0.4444,0.3605,Medium,8,Kharif
Sangli,Red,100,40,135,7.5,800,20,Grapes,Ferrous Sulphate,0.583,0.24,0.973,3.16,6.06,2.88,0.62,10.75,514.5,79.39,2.4994,0.7407,0.2963,0.5549,Medium,8,Kharif
Sangli,Red,95,60,130,7.5,800,25,Grapes,Ferrous Sulphate,0.583,0.24,0.973,3.16,6.06,2.88,0.62,10.75,514.5,78.65,1.5831,0.7307,0.4615,0.5549,Medium,8,Kharif
Sangli,Red,85,55,140,6.0,700,30,Grapes,10:10:10 NPK,0.583,0.24,0.973,3.16,6.06,2.88,0.62,10.75,514.5,74.15,1.5452,0.6071,0.3928,0.3605,Medium,8,Kharif
Sangli,Red,95,45,135,7.5,800,30,Grapes,Hydrated Lime,0.583,0.24,0.973,3.16,6.06,2.88,0.62,10.75,514.5,78.85,2.1106,0.7037,0.3333,0.5549,Medium,8,Kharif
Sangli,Red,80,55,125,7.0,700,20,Grapes,Ferrous Sulphate,0.583,0.24,0.973,3.16,6.06,2.88,0.62,10.75,514.5,76.39,1.4543,0.6399,0.44,0.3605,Medium,8,Kharif
Sangli,Red,95,60,120,6.5,800,20,Grapes,10:10:10 NPK,0.583,0.24,0.973,3.16,6.06,2.88,0.62,10.75,514.5,78.69,1.5831,0.7916,0.5,0.5549,Medium,8,Kharif
Sangli,Red,95,50,120,6.5,800,30,Grapes,Ferrous Sulphate,0.583,0.24,0.973,3.16,6.06,2.88,0.62,10.75,514.5,79.98,1.8996,0.7916,0.4166,0.5549,Medium,8,Kharif
Sangli,Red,80,60,135,6.0,700,20,Grapes,10:10:10 NPK,0.583,0.24,0.973,3.16,6.06,2.88,0.62,10.75,514.5,77.04,1.3331,0.5925,0.4444,0.3605,Medium,8,Kharif
Sangli,Red,90,45,135,7.5,800,30,Grapes,Hydrated Lime,0.583,0.24,0.973,3.16,6.06,2.88,0.62,10.75,514.5,79.26,1.9996,0.6666,0.3333,0.5549,Medium,8,Kharif
Sangli,Red,80,40,135,7.5,800,20,Grapes,Ferrous Sulphate,0.583,0.24,0.973,3.16,6.06,2.88,0.62,10.75,514.5,81.16,1.9995,0.5925,0.2963,0.5549,Medium,8,Kharif
Sangli,Red,90,45,130,7.0,700,20,Grapes,10:10:10 NPK,0.583,0.24,0.973,3.16,6.06,2.88,0.62,10.75,514.5,74.07,1.9996,0.6923,0.3461,0.3605,Medium,8,Kharif
Sangli,Red,90,55,130,7.5,800,30,Grapes,10:10:10 NPK,0.583,0.24,0.973,3.16,6.06,2.88,0.62,10.75,514.5,81.2,1.6361,0.6923,0.423,0.5549,Medium,8,Kharif
Sangli,Red,100,45,135,7.5,800,30,Grapes,Hydrated Lime,0.583,0.24,0.973,3.16,6.06,2.88,0.62,10.75,514.5,76.61,2.2217,0.7407,0.3333,0.5549,Medium,8,Kharif
Sangli,Red,95,50,140,6.0,700,20,Grapes,Hydrated Lime,0.583,0.24,0.973,3.16,6.06,2.88,0.62,10.75,514.5,73.95,1.8996,0.6785,0.3571,0.3605,Medium,8,Kharif
Sangli,Red,100,40,140,6.0,700,30,Grapes,10:10:10 NPK,0.583,0.24,0.973,3.16,6.06,2.88,0.62,10.75,514.5,75.68,2.4994,0.7142,0.2857,0.3605,Medium,8,Kharif
Kolhapur,Black,55,25,30,6.0,500,25,Groundnut,Chilated Micronutrient,0.88,0.14,2.88,6.35,17.636,3.25,0.72,50.72,1733.1,67.37,2.1991,1.8327,0.8331,-0.7115,High,7,Kharif
Kolhapur,Black,40,30,20,7.0,600,30,Groundnut,SSP,0.88,0.14,2.88,6.35,17.636,3.25,0.72,50.72,1733.1,66.12,1.3329,1.999,1.4993,-0.6538,High,7,Kharif
Sangli,Light Brown,25,50,20,7.0,900,30,Groundnut,SSP,0.583,0.24,0.973,3.16,6.06,2.88,0.62,10.75,514.5,80.93,0.4999,1.2494,2.4988,0.7493,Medium,5,Kharif
Kolhapur,Black,50,25,35,6.0,500,25,Groundnut,SSP,0.88,0.14,2.88,6.35,17.636,3.25,0.72,50.72,1733.1,68.23,1.9992,1.4282,0.7141,-0.7115,High,7,Kharif
Solapur,Black,25,45,30,7.0,600,25,Groundnut,SSP,0.45,0.32,0.16,1.56,1.56,0.58,0.5,7.05,481.1,69.33,0.5554,0.8331,1.4995,0.2471,Medium,5,Kharif
Kolhapur,Black,25,40,25,6.5,600,30,Groundnut,SSP,0.88,0.14,2.88,6.35,17.636,3.25,0.72,50.72,1733.1,69.4,0.6248,0.9996,1.5994,-0.6538,High,6,Kharif
Solapur,Black,30,55,30,6.0,800,30,Groundnut,Chilated Micronutrient,0.45,0.32,0.16,1.56,1.56,0.58,0.5,7.05,481.1,77.69,0.5454,0.9997,1.8327,0.6629,Medium,5,Kharif
Pune,Red,30,35,20,6.0,800,30,Groundnut,Chilated Micronutrient,0.41,0.408,0.46,1.32,2.802,0.53,0.374,6.746,861.6,78.49,0.8569,1.4993,1.7491,-0.0715,Medium,5,Kharif
Solapur,Black,25,40,40,6.0,800,25,Groundnut,Chilated Micronutrient,0.45,0.32,0.16,1.56,1.56,0.58,0.5,7.05,481.1,79.31,0.6248,0.6248,0.9998,0.6629,Medium,5,Kharif
Sangli,Light Brown,30,50,20,7.0,900,30,Groundnut,SSP,0.583,0.24,0.973,3.16,6.06,2.88,0.62,10.75,514.5,83.61,0.5999,1.4993,2.4988,0.7493,Medium,5,Kharif
Kolhapur,Black,50,25,40,7.0,500,25,Groundnut,Chilated Micronutrient,0.88,0.14,2.88,6.35,17.636,3.25,0.72,50.72,1733.1,65.61,1.9992,1.2497,0.6248,-0.7115,High,7,Kharif
Pune,Red,30,30,25,5.5,700,25,Groundnut,SSP,0.41,0.408,0.46,1.32,2.802,0.53,0.374,6.746,861.6,68.98,0.9997,1.1995,1.1995,-0.1876,Medium,4,Kharif
Kolhapur,Black,50,30,30,6.0,600,30,Groundnut,Chilated Micronutrient,0.88,0.14,2.88,6.35,17.636,3.25,0.72,50.72,1733.1,69.25,1.6661,1.6661,0.9997,-0.6538,High,7,Kharif
Solapur,Black,25,55,30,6.0,800,30,Groundnut,Chilated Micronutrient,0.45,0.32,0.16,1.56,1.56,0.58,0.5,7.05,481.1,77.19,0.4545,0.8331,1.8327,0.6629,Medium,5,Kharif
Kolhapur,Black,20,40,25,6.5,600,30,Groundnut,SSP,0.88,0.14,2.88,6.35,17.636,3.25,0.72,50.72,1733.1,68.88,0.4999,0.7997,1.5994,-0.6538,High,6,Kharif
Solapur,Black,20,45,20,6.5,600,30,Groundnut,Chilated Micronutrient,0.45,0.32,0.16,1.56,1.56,0.58,0.5,7.05,481.1,68.26,0.4443,0.9995,2.2489,0.2471,Medium,5,Kharif
Solapur,Black,30,45,20,6.5,600,30,Groundnut,Chilated Micronutrient,0.45,0.32,0.16,1.56,1.56,0.58,0.5,7.05,481.1,68.94,0.6665,1.4993,2.2489,0.2471,Medium,5,Kharif
Solapur,Black,25,45,35,6.0,800,30,Groundnut,Chilated Micronutrient,0.45,0.32,0.16,1.56,1.56,0.58,0.5,7.05,481.1,77.42,0.5554,0.7141,1.2853,0.6629,Medium,5,Kharif
Kolhapur,Black,20,30,25,7.5,600,30,Groundnut,SSP,0.88,0.14,2.88,6.35,17.636,3.25,0.72,50.72,1733.1,69.43,0.6664,0.7997,1.1995,-0.6538,High,6,Kharif
Solapur,Black,20,50,25,7.5,700,25,Groundnut,Chilated Micronutrient,0.45,0.32,0.16,1.56,1.56,0.58,0.5,7.05,481.1,77.25,0.3999,0.7997,1.9992,0.455,Medium,5,Kharif
Kolhapur,Black,50,25,30,6.0,500,25,Groundnut,Chilated Micronutrient,0.88,0.14,2.88,6.35,17.636,3.25,0.72,50.72,1733.1,67.21,1.9992,1.6661,0.8331,-0.7115,High,7,Kharif
Solapur,Black,20,45,30,7.0,600,25,Groundnut,SSP,0.45,0.32,0.16,1.56,1.56,0.58,0.5,7.05,481.1,71.39,0.4443,0.6664,1.4995,0.2471,Medium,5,Kharif
Solapur,Black,20,60,40,6.0,700,25,Groundnut,Chilated Micronutrient,0.45,0.32,0.16,1.56,1.56,0.58,0.5,7.05,481.1,74.82,0.3333,0.4999,1.4996,0.455,Medium,5,Kharif
Pune,Red,20,30,30,5.5,700,25,Groundnut,Chilated Micronutrient,0.41,0.408,0.46,1.32,2.802,0.53,0.374,6.746,861.6,73.75,0.6664,0.6664,0.9997,-0.1876,Medium,4,Kharif
Pune,Red,30,30,30,5.5,700,25,Groundnut,Chilated Micronutrient,0.41,0.408,0.46,1.32,2.802,0.53,0.374,6.746,861.6,69.29,0.9997,0.9997,0.9997,-0.1876,Medium,4,Kharif
Pune,Red,20,30,20,5.5,700,25,Groundnut,Chilated Micronutrient,0.41,0.408,0.46,1.32,2.802,0.53,0.374,6.746,861.6,73.57,0.6664,0.9995,1.4993,-0.1876,Medium,4,Kharif
Solapur,Black,20,55,30,6.0,800,30,Groundnut,Chilated Micronutrient,0.45,0.32,0.16,1.56,1.56,0.58,0.5,7.05,481.1,81.52,0.3636,0.6664,1.8327,0.6629,Medium,5,Kharif
Solapur,Black,30,40,25,6.5,800,30,Groundnut,SSP,0.45,0.32,0.16,1.56,1.56,0.58,0.5,7.05,481.1,78.41,0.7498,1.1995,1.5994,0.6629,Medium,5,Kharif
Solapur,Black,20,60,25,6.0,800,25,Groundnut,Chilated Micronutrient,0.45,0.32,0.16,1.56,1.56,0.58,0.5,7.05,481.1,84.15,0.3333,0.7997,2.399,0.6629,Medium,5,Kharif
Solapur,Black,25,50,30,7.0,800,25,Groundnut,Chilated Micronutrient,0.45,0.32,0.16,1.56,1.56,0.58,0.5,7.05,481.1,79.97,0.4999,0.8331,1.6661,0.6629,Medium,5,Kharif
Kolhapur,Black,60,30,30,7.5,600,30,Groundnut,SSP,0.88,0.14,2.88,6.35,17.636,3.25,0.72,50.72,1733.1,69.84,1.9993,1.9993,0.9997,-0.6538,High,7,Kharif
Sangli,Light Brown,25,45,25,6.5,900,30,Groundnut,Chilated Micronutrient,0.583,0.24,0.973,3.16,6.06,2.88,0.62,10.75,514.5,84.64,0.5554,0.9996,1.7993,0.7493,Medium,5,Kharif
Sangli,Light Brown,20,45,20,6.5,900,30,Groundnut,Chilated Micronutrient,0.583,0.24,0.973,3.16,6.06,2.88,0.62,10.75,514.5,82.22,0.4443,0.9995,2.2489,0.7493,Medium,5,Kharif
Kolhapur,Black,55,25,35,6.0,500,25,Groundnut,SSP,0.88,0.14,2.88,6.35,17.636,3.25,0.72,50.72,1733.1,65.91,2.1991,1.571,0.7141,-0.7115,High,7,Kharif
Kolhapur,Black,20,35,20,6.0,500,25,Groundnut,SSP,0.88,0.14,2.88,6.35,17.636,3.25,0.72,50.72,1733.1,65.3,0.5713,0.9995,1.7491,-0.7115,High,6,Kharif
Kolhapur,Black,40,20,30,6.5,500,25,Groundnut,Chilated Micronutrient,0.88,0.14,2.88,6.35,17.636,3.25,0.72,50.72,1733.1,64.65,1.999,1.3329,0.6664,-0.7115,High,6,Kharif
Pune,Red,20,40,30,6.5,900,35,Groundnut,Chilated Micronutrient,0.41,0.408,0.46,1.32,2.802,0.53,0.374,6.746,861.6,78.15,0.4999,0.6664,1.3329,0.0446,Medium,5,Kharif
Sangli,Light Brown,25,45,30,6.5,800,25,Groundnut,SSP,0.583,0.24,0.973,3.16,6.06,2.88,0.62,10.75,514.5,82.38,0.5554,0.8331,1.4995,0.5549,Medium,5,Kharif
Solapur,Black,30,45,40,7.5,700,25,Groundnut,SSP,0.45,0.32,0.16,1.56,1.56,0.58,0.5,7.05,481.1,74.07,0.6665,0.7498,1.1247,0.455,Medium,5,Kharif
Pune,Red,30,40,30,6.5,900,35,Groundnut,Chilated Micronutrient,0.41,0.408,0.46,1.32,2.802,0.53,0.374,6.746,861.6,82.01,0.7498,0.9997,1.3329,0.0446,Medium,5,Kharif
Kolhapur,Black,50,20,20,5.5,500,25,Groundnut,Chilated Micronutrient,0.88,0.14,2.88,6.35,17.636,3.25,0.72,50.72,1733.1,64.4,2.4988,2.4988,0.9995,-0.7115,High,5,Kharif
Solapur,Black,20,40,40,6.0,800,25,Groundnut,Chilated Micronutrient,0.45,0.32,0.16,1.56,1.56,0.58,0.5,7.05,481.1,80.54,0.4999,0.4999,0.9998,0.6629,Medium,5,Kharif
Solapur,Black,25,50,40,7.0,600,25,Groundnut,Chilated Micronutrient,0.45,0.32,0.16,1.56,1.56,0.58,0.5,7.05,481.1,69.06,0.4999,0.6248,1.2497,0.2471,Medium,5,Kharif
Solapur,Black,30,45,30,7.0,600,25,Groundnut,SSP,0.45,0.32,0.16,1.56,1.56,0.58,0.5,7.05,481.1,72.35,0.6665,0.9997,1.4995,0.2471,Medium,5,Kharif
Sangli,Light Brown,25,40,30,6.0,800,25,Groundnut,Chilated Micronutrient,0.583,0.24,0.973,3.16,6.06,2.88,0.62,10.75,514.5,80.35,0.6248,0.8331,1.3329,0.5549,Medium,5,Kharif
Kolhapur,Black,30,30,20,6.0,500,25,Groundnut,Chilated Micronutrient,0.88,0.14,2.88,6.35,17.636,3.25,0.72,50.72,1733.1,67.22,0.9997,1.4993,1.4993,-0.7115,High,6,Kharif
Solapur,Black,25,50,20,6.0,800,30,Groundnut,SSP,0.45,0.32,0.16,1.56,1.56,0.58,0.5,7.05,481.1,84.29,0.4999,1.2494,2.4988,0.6629,Medium,5,Kharif
Solapur,Black,30,60,35,6.5,600,20,Groundnut,Chilated Micronutrient,0.45,0.32,0.16,1.56,1.56,0.58,0.5,7.05,481.1,66.73,0.4999,0.8569,1.7138,0.2471,Medium,5,Kharif
Pune,Red,20,35,25,6.0,800,30,Groundnut,Chilated Micronutrient,0.41,0.408,0.46,1.32,2.802,0.53,0.374,6.746,861.6,79.79,0.5713,0.7997,1.3994,-0.0715,Medium,5,Kharif
Solapur,Black,20,45,25,6.5,700,30,Groundnut,Chilated Micronutrient,0.45,0.32,0.16,1.56,1.56,0.58,0.5,7.05,481.1,74.56,0.4443,0.7997,1.7993,0.455,Medium,5,Kharif
Solapur,Black,25,60,20,7.0,600,30,Groundnut,SSP,0.45,0.32,0.16,1.56,1.56,0.58,0.5,7.05,481.1,72.47,0.4166,1.2494,2.9985,0.2471,Medium,5,Kharif
Solapur,Black,30,50,30,7.0,800,25,Groundnut,Chilated Micronutrient,0.45,0.32,0.16,1.56,1.56,0.58,0.5,7.05,481.1,81.09,0.5999,0.9997,1.6661,0.6629,Medium,5,Kharif
Kolhapur,Black,60,25,40,7.0,500,25,Groundnut,Chilated Micronutrient,0.88,0.14,2.88,6.35,17.636,3.25,0.72,50.72,1733.1,64.87,2.399,1.4996,0.6248,-0.7115,High,7,Kharif
Pune,Red,30,30,20,5.5,700,25,Groundnut,Chilated Micronutrient,0.41,0.408,0.46,1.32,2.802,0.53,0.374,6.746,861.6,74.87,0.9997,1.4993,1.4993,-0.1876,Medium,4,Kharif
Sangli,Light Brown,30,45,25,6.5,900,30,Groundnut,Chilated Micronutrient,0.583,0.24,0.973,3.16,6.06,2.88,0.62,10.75,514.5,87.31,0.6665,1.1995,1.7993,0.7493,Medium,5,Kharif
Solapur,Black,30,55,25,6.5,600,25,Groundnut,SSP,0.45,0.32,0.16,1.56,1.56,0.58,0.5,7.05,481.1,72.17,0.5454,1.1995,2.1991,0.2471,Medium,5,Kharif
Solapur,Black,20,40,30,7.5,700,25,Groundnut,Chilated Micronutrient,0.45,0.32,0.16,1.56,1.56,0.58,0.5,7.05,481.1,76.28,0.4999,0.6664,1.3329,0.455,Medium,5,Kharif
Kolhapur,Black,40,20,20,5.5,500,25,Groundnut,Chilated Micronutrient,0.88,0.14,2.88,6.35,17.636,3.25,0.72,50.72,1733.1,66.19,1.999,1.999,0.9995,-0.7115,High,5,Kharif
Solapur,Black,20,40,35,6.5,600,30,Groundnut,SSP,0.45,0.32,0.16,1.56,1.56,0.58,0.5,7.05,481.1,68.43,0.4999,0.5713,1.1425,0.2471,Medium,5,Kharif
Kolhapur,Black,55,30,35,6.5,600,30,Groundnut,Chilated Micronutrient,0.88,0.14,2.88,6.35,17.636,3.25,0.72,50.72,1733.1,72.27,1.8327,1.571,0.8569,-0.6538,High,7,Kharif
Sangli,Light Brown,25,45,20,6.5,900,30,Groundnut,Chilated Micronutrient,0.583,0.24,0.973,3.16,6.06,2.88,0.62,10.75,514.5,83.87,0.5554,1.2494,2.2489,0.7493,Medium,5,Kharif
Solapur,Black,25,45,40,7.5,700,25,Groundnut,SSP,0.45,0.32,0.16,1.56,1.56,0.58,0.5,7.05,481.1,75.99,0.5554,0.6248,1.1247,0.455,Medium,5,Kharif
Solapur,Black,20,50,35,7.5,700,30,Groundnut,SSP,0.45,0.32,0.16,1.56,1.56,0.58,0.5,7.05,481.1,74.74,0.3999,0.5713,1.4282,0.455,Medium,5,Kharif
Pune,Red,25,40,20,6.5,900,35,Groundnut,SSP,0.41,0.408,0.46,1.32,2.802,0.53,0.374,6.746,861.6,81.06,0.6248,1.2494,1.999,0.0446,Medium,5,Kharif
Kolhapur,Black,30,30,25,7.5,600,30,Groundnut,SSP,0.88,0.14,2.88,6.35,17.636,3.25,0.72,50.72,1733.1,69.99,0.9997,1.1995,1.1995,-0.6538,High,6,Kharif
Kolhapur,Black,20,40,20,7.0,500,25,Groundnut,Chilated Micronutrient,0.88,0.14,2.88,6.35,17.636,3.25,0.72,50.72,1733.1,63.75,0.4999,0.9995,1.999,-0.7115,High,6,Kharif
Kolhapur,Black,50,30,30,7.5,600,30,Groundnut,SSP,0.88,0.14,2.88,6.35,17.636,3.25,0.72,50.72,1733.1,69.66,1.6661,1.6661,0.9997,-0.6538,High,7,Kharif
Sangli,Light Brown,30,40,30,6.0,800,25,Groundnut,Chilated Micronutrient,0.583,0.24,0.973,3.16,6.06,2.88,0.62,10.75,514.5,76.31,0.7498,0.9997,1.3329,0.5549,Medium,5,Kharif
Kolhapur,Black,25,35,25,6.5,600,30,Groundnut,Chilated Micronutrient,0.88,0.14,2.88,6.35,17.636,3.25,0.72,50.72,1733.1,70.23,0.7141,0.9996,1.3994,-0.6538,High,6,Kharif
Kolhapur,Black,60,25,35,6.0,500,25,Groundnut,SSP,0.88,0.14,2.88,6.35,17.636,3.25,0.72,50.72,1733.1,64.51,2.399,1.7138,0.7141,-0.7115,High,7,Kharif
Solapur,Black,30,40,35,6.5,600,30,Groundnut,SSP,0.45,0.32,0.16,1.56,1.56,0.58,0.5,7.05,481.1,72.92,0.7498,0.8569,1.1425,0.2471,Medium,5,Kharif
Pune,Red,25,30,30,5.5,700,25,Groundnut,Chilated Micronutrient,0.41,0.408,0.46,1.32,2.802,0.53,0.374,6.746,861.6,75.99,0.8331,0.8331,0.9997,-0.1876,Medium,4,Kharif
Solapur,Black,20,60,20,7.0,600,30,Groundnut,SSP,0.45,0.32,0.16,1.56,1.56,0.58,0.5,7.05,481.1,69.29,0.3333,0.9995,2.9985,0.2471,Medium,5,Kharif
Kolhapur,Black,25,30,25,7.5,600,30,Groundnut,SSP,0.88,0.14,2.88,6.35,17.636,3.25,0.72,50.72,1733.1,70.74,0.8331,0.9996,1.1995,-0.6538,High,6,Kharif
Sangli,Light Brown,30,45,20,6.5,900,30,Groundnut,Chilated Micronutrient,0.583,0.24,0.973,3.16,6.06,2.88,0.62,10.75,514.5,85.07,0.6665,1.4993,2.2489,0.7493,Medium,5,Kharif
Sangli,Light Brown,20,40,20,6.0,800,25,Groundnut,Chilated Micronutrient,0.583,0.24,0.973,3.16,6.06,2.88,0.62,10.75,514.5,79.99,0.4999,0.9995,1.999,0.5549,Medium,5,Kharif
Kolhapur,Black,20,30,20,6.0,500,25,Groundnut,Chilated Micronutrient,0.88,0.14,2.88,6.35,17.636,3.25,0.72,50.72,1733.1,69.18,0.6664,0.9995,1.4993,-0.7115,High,6,Kharif
Sangli,Light Brown,25,40,25,6.0,900,30,Groundnut,SSP,0.583,0.24,0.973,3.16,6.06,2.88,0.62,10.75,514.5,81.81,0.6248,0.9996,1.5994,0.7493,Medium,5,Kharif
Sangli,Light Brown,30,40,20,6.0,800,25,Groundnut,Chilated Micronutrient,0.583,0.24,0.973,3.16,6.06,2.88,0.62,10.75,514.5,79.26,0.7498,1.4993,1.999,0.5549,Medium,5,Kharif
Solapur,Black,25,40,25,6.5,800,30,Groundnut,SSP,0.45,0.32,0.16,1.56,1.56,0.58,0.5,7.05,481.1,80.12,0.6248,0.9996,1.5994,0.6629,Medium,5,Kharif
Kolhapur,Black,50,20,30,6.5,500,25,Groundnut,Chilated Micronutrient,0.88,0.14,2.88,6.35,17.636,3.25,0.72,50.72,1733.1,62.81,2.4988,1.6661,0.6664,-0.7115,High,6,Kharif
Solapur,Black,20,45,40,7.5,700,25,Groundnut,SSP,0.45,0.32,0.16,1.56,1.56,0.58,0.5,7.05,481.1,72.54,0.4443,0.4999,1.1247,0.455,Medium,5,Kharif
Kolhapur,Black,55,30,30,7.5,600,30,Groundnut,SSP,0.88,0.14,2.88,6.35,17.636,3.25,0.72,50.72,1733.1,69.64,1.8327,1.8327,0.9997,-0.6538,High,7,Kharif
Kolhapur,Black,45,30,30,6.0,600,30,Groundnut,Chilated Micronutrient,0.88,0.14,2.88,6.35,17.636,3.25,0.72,50.72,1733.1,68.7,1.4995,1.4995,0.9997,-0.6538,High,7,Kharif
Sangli,Light Brown,20,45,25,6.5,900,30,Groundnut,Chilated Micronutrient,0.583,0.24,0.973,3.16,6.06,2.88,0.62,10.75,514.5,82.54,0.4443,0.7997,1.7993,0.7493,Medium,5,Kharif
Kolhapur,Black,55,25,40,7.0,500,25,Groundnut,Chilated Micronutrient,0.88,0.14,2.88,6.35,17.636,3.25,0.72,50.72,1733.1,63.49,2.1991,1.3747,0.6248,-0.7115,High,7,Kharif
Kolhapur,Black,60,30,35,6.5,600,30,Groundnut,Chilated Micronutrient,0.88,0.14,2.88,6.35,17.636,3.25,0.72,50.72,1733.1,66.71,1.9993,1.7138,0.8569,-0.6538,High,7,Kharif
Sangli,Light Brown,30,45,30,6.5,800,25,Groundnut,SSP,0.583,0.24,0.973,3.16,6.06,2.88,0.62,10.75,514.5,81.9,0.6665,0.9997,1.4995,0.5549,Medium,5,Kharif
Solapur,Black,20,45,35,6.0,800,30,Groundnut,Chilated Micronutrient,0.45,0.32,0.16,1.56,1.56,0.58,0.5,7.05,481.1,77.91,0.4443,0.5713,1.2853,0.6629,Medium,5,Kharif
Solapur,Black,25,40,30,7.5,700,25,Groundnut,Chilated Micronutrient,0.45,0.32,0.16,1.56,1.56,0.58,0.5,7.05,481.1,76.0,0.6248,0.8331,1.3329,0.455,Medium,5,Kharif
Solapur,Black,20,50,40,7.0,600,25,Groundnut,Chilated Micronutrient,0.45,0.32,0.16,1.56,1.56,0.58,0.5,7.05,481.1,69.66,0.3999,0.4999,1.2497,0.2471,Medium,5,Kharif
Kolhapur,Black,40,30,30,6.0,600,30,Groundnut,Chilated Micronutrient,0.88,0.14,2.88,6.35,17.636,3.25,0.72,50.72,1733.1,71.75,1.3329,1.3329,0.9997,-0.6538,High,7,Kharif
Solapur,Black,30,50,20,6.0,800,30,Groundnut,SSP,0.45,0.32,0.16,1.56,1.56,0.58,0.5,7.05,481.1,75.99,0.5999,1.4993,2.4988,0.6629,Medium,5,Kharif
Solapur,Black,30,50,40,7.0,600,25,Groundnut,Chilated Micronutrient,0.45,0.32,0.16,1.56,1.56,0.58,0.5,7.05,481.1,66.04,0.5999,0.7498,1.2497,0.2471,Medium,5,Kharif
Solapur,Black,20,60,35,6.5,600,20,Groundnut,Chilated Micronutrient,0.45,0.32,0.16,1.56,1.56,0.58,0.5,7.05,481.1,69.81,0.3333,0.5713,1.7138,0.2471,Medium,5,Kharif
Pune,Red,25,35,20,6.0,800,30,Groundnut,Chilated Micronutrient,0.41,0.408,0.46,1.32,2.802,0.53,0.374,6.746,861.6,76.75,0.7141,1.2494,1.7491,-0.0715,Medium,5,Kharif
Sangli,Light Brown,25,50,25,7.0,800,25,Groundnut,Chilated Micronutrient,0.583,0.24,0.973,3.16,6.06,2.88,0.62,10.75,514.5,79.68,0.4999,0.9996,1.9992,0.5549,Medium,5,Kharif
Kolhapur,Black,50,30,20,7.0,600,30,Groundnut,SSP,0.88,0.14,2.88,6.35,17.636,3.25,0.72,50.72,1733.1,67.31,1.6661,2.4988,1.4993,-0.6538,High,7,Kharif
Solapur,Black,25,40,35,6.5,600,30,Groundnut,SSP,0.45,0.32,0.16,1.56,1.56,0.58,0.5,7.05,481.1,71.2,0.6248,0.7141,1.1425,0.2471,Medium,5,Kharif
Sangli,Light Brown,20,40,30,6.0,800,25,Groundnut,Chilated Micronutrient,0.583,0.24,0.973,3.16,6.06,2.88,0.62,10.75,514.5,80.6,0.4999,0.6664,1.3329,0.5549,Medium,5,Kharif
Pune,Red,20,40,20,6.5,900,35,Groundnut,SSP,0.41,0.408,0.46,1.32,2.802,0.53,0.374,6.746,861.6,81.03,0.4999,0.9995,1.999,0.0446,Medium,5,Kharif
Solapur,Black,25,60,40,6.0,700,25,Groundnut,Chilated Micronutrient,0.45,0.32,0.16,1.56,1.56,0.58,0.5,7.05,481.1,74.26,0.4166,0.6248,1.4996,0.455,Medium,5,Kharif
Solapur,Black,25,55,40,6.5,800,25,Groundnut,SSP,0.45,0.32,0.16,1.56,1.56,0.58,0.5,7.05,481.1,77.75,0.4545,0.6248,1.3747,0.6629,Medium,5,Kharif
Kolhapur,Black,50,30,40,6.5,600,30,Groundnut,SSP,0.88,0.14,2.88,6.35,17.636,3.25,0.72,50.72,1733.1,70.93,1.6661,1.2497,0.7498,-0.6538,High,7,Kharif
Sangli,Light Brown,25,40,20,6.0,800,25,Groundnut,Chilated Micronutrient,0.583,0.24,0.973,3.16,6.06,2.88,0.62,10.75,514.5,79.57,0.6248,1.2494,1.999,0.5549,Medium,5,Kharif
Sangli,Light Brown,20,40,25,6.0,900,30,Groundnut,SSP,0.583,0.24,0.973,3.16,6.06,2.88,0.62,10.75,514.5,84.32,0.4999,0.7997,1.5994,0.7493,Medium,5,Kharif
Sangli,Light Brown,20,50,20,7.0,900,30,Groundnut,SSP,0.583,0.24,0.973,3.16,6.06,2.88,0.62,10.75,514.5,84.49,0.3999,0.9995,2.4988,0.7493,Medium,5,Kharif
Solapur,Black,30,60,40,6.0,700,25,Groundnut,Chilated Micronutrient,0.45,0.32,0.16,1.56,1.56,0.58,0.5,7.05,481.1,74.48,0.4999,0.7498,1.4996,0.455,Medium,5,Kharif
Pune,Red,25,40,25,6.5,900,35,Groundnut,Chilated Micronutrient,0.41,0.408,0.46,1.32,2.802,0.53,0.374,6.746,861.6,84.6,0.6248,0.9996,1.5994,0.0446,Medium,5,Kharif
Solapur,Black,25,45,20,6.5,600,30,Groundnut,Chilated Micronutrient,0.45,0.32,0.16,1.56,1.56,0.58,0.5,7.05,481.1,69.75,0.5554,1.2494,2.2489,0.2471,Medium,5,Kharif
Solapur,Black,25,50,25,7.5,700,25,Groundnut,Chilated Micronutrient,0.45,0.32,0.16,1.56,1.56,0.58,0.5,7.05,481.1,74.9,0.4999,0.9996,1.9992,0.455,Medium,5,Kharif
Solapur,Black,20,60,30,7.0,700,30,Groundnut,SSP,0.45,0.32,0.16,1.56,1.56,0.58,0.5,7.05,481.1,74.2,0.3333,0.6664,1.9993,0.455,Medium,5,Kharif
Solapur,Black,30,45,25,6.5,700,30,Groundnut,Chilated Micronutrient,0.45,0.32,0.16,1.56,1.56,0.58,0.5,7.05,481.1,74.85,0.6665,1.1995,1.7993,0.455,Medium,5,Kharif
Kolhapur,Black,30,35,25,6.5,600,30,Groundnut,Chilated Micronutrient,0.88,0.14,2.88,6.35,17.636,3.25,0.72,50.72,1733.1,66.89,0.8569,1.1995,1.3994,-0.6538,High,6,Kharif
Pune,Red,20,30,25,5.5,700,25,Groundnut,SSP,0.41,0.408,0.46,1.32,2.802,0.53,0.374,6.746,861.6,77.19,0.6664,0.7997,1.1995,-0.1876,Medium,4,Kharif
Kolhapur,Black,20,35,25,6.5,600,30,Groundnut,Chilated Micronutrient,0.88,0.14,2.88,6.35,17.636,3.25,0.72,50.72,1733.1,66.92,0.5713,0.7997,1.3994,-0.6538,High,6,Kharif
Pune,Red,30,35,30,6.0,800,30,Groundnut,SSP,0.41,0.408,0.46,1.32,2.802,0.53,0.374,6.746,861.6,76.82,0.8569,0.9997,1.1663,-0.0715,Medium,5,Kharif
Solapur,Black,25,40,20,6.0,600,25,Groundnut,Chilated Micronutrient,0.45,0.32,0.16,1.56,1.56,0.58,0.5,7.05,481.1,68.82,0.6248,1.2494,1.999,0.2471,Medium,5,Kharif
Kolhapur,Black,60,30,40,6.5,600,30,Groundnut,SSP,0.88,0.14,2.88,6.35,17.636,3.25,0.72,50.72,1733.1,66.54,1.9993,1.4996,0.7498,-0.6538,High,7,Kharif
Solapur,Black,30,40,30,7.5,700,25,Groundnut,Chilated Micronutrient,0.45,0.32,0.16,1.56,1.56,0.58,0.5,7.05,481.1,71.4,0.7498,0.9997,1.3329,0.455,Medium,5,Kharif
Solapur,Black,30,60,20,7.0,600,30,Groundnut,SSP,0.45,0.32,0.16,1.56,1.56,0.58,0.5,7.05,481.1,73.46,0.4999,1.4993,2.9985,0.2471,Medium,5,Kharif
Kolhapur,Black,55,30,40,6.5,600,30,Groundnut,SSP,0.88,0.14,2.88,6.35,17.636,3.25,0.72,50.72,1733.1,71.38,1.8327,1.3747,0.7498,-0.6538,High,7,Kharif
Kolhapur,Black,45,30,20,7.0,600,30,Groundnut,SSP,0.88,0.14,2.88,6.35,17.636,3.25,0.72,50.72,1733.1,72.19,1.4995,2.2489,1.4993,-0.6538,High,7,Kharif
Kolhapur,Black,25,40,20,7.0,500,25,Groundnut,Chilated Micronutrient,0.88,0.14,2.88,6.35,17.636,3.25,0.72,50.72,1733.1,68.83,0.6248,1.2494,1.999,-0.7115,High,6,Kharif
Kolhapur,Black,45,20,30,6.5,500,25,Groundnut,Chilated Micronutrient,0.88,0.14,2.88,6.35,17.636,3.25,0.72,50.72,1733.1,65.03,2.2489,1.4995,0.6664,-0.7115,High,6,Kharif
Solapur,Black,25,50,35,7.5,700,30,Groundnut,SSP,0.45,0.32,0.16,1.56,1.56,0.58,0.5,7.05,481.1,73.79,0.4999,0.7141,1.4282,0.455,Medium,5,Kharif
Sangli,Light Brown,20,45,30,6.5,800,25,Groundnut,SSP,0.583,0.24,0.973,3.16,6.06,2.88,0.62,10.75,514.5,78.52,0.4443,0.6664,1.4995,0.5549,Medium,5,Kharif
Solapur,Black,30,40,40,6.0,800,25,Groundnut,Chilated Micronutrient,0.45,0.32,0.16,1.56,1.56,0.58,0.5,7.05,481.1,81.24,0.7498,0.7498,0.9998,0.6629,Medium,5,Kharif
Solapur,Black,25,60,25,6.0,800,25,Groundnut,Chilated Micronutrient,0.45,0.32,0.16,1.56,1.56,0.58,0.5,7.05,481.1,78.16,0.4166,0.9996,2.399,0.6629,Medium,5,Kharif
Solapur,Black,30,45,35,6.0,800,30,Groundnut,Chilated Micronutrient,0.45,0.32,0.16,1.56,1.56,0.58,0.5,7.05,481.1,77.76,0.6665,0.8569,1.2853,0.6629,Medium,5,Kharif
Pune,Red,30,35,25,6.0,800,30,Groundnut,Chilated Micronutrient,0.41,0.408,0.46,1.32,2.802,0.53,0.374,6.746,861.6,81.57,0.8569,1.1995,1.3994,-0.0715,Medium,5,Kharif
Pune,Red,25,30,25,5.5,700,25,Groundnut,SSP,0.41,0.408,0.46,1.32,2.802,0.53,0.374,6.746,861.6,71.87,0.8331,0.9996,1.1995,-0.1876,Medium,4,Kharif
Solapur,Black,30,55,20,7.5,700,30,Groundnut,Chilated Micronutrient,0.45,0.32,0.16,1.56,1.56,0.58,0.5,7.05,481.1,74.48,0.5454,1.4993,2.7486,0.455,Medium,5,Kharif
Kolhapur,Black,30,40,20,7.0,500,25,Groundnut,Chilated Micronutrient,0.88,0.14,2.88,6.35,17.636,3.25,0.72,50.72,1733.1,64.62,0.7498,1.4993,1.999,-0.7115,High,6,Kharif
Kolhapur,Black,25,35,20,6.0,500,25,Groundnut,SSP,0.88,0.14,2.88,6.35,17.636,3.25,0.72,50.72,1733.1,65.73,0.7141,1.2494,1.7491,-0.7115,High,6,Kharif
Solapur,Black,30,55,35,7.5,600,30,Groundnut,Chilated Micronutrient,0.45,0.32,0.16,1.56,1.56,0.58,0.5,7.05,481.1,68.78,0.5454,0.8569,1.571,0.2471,Medium,5,Kharif
Pune,Red,25,35,30,6.0,800,30,Groundnut,SSP,0.41,0.408,0.46,1.32,2.802,0.53,0.374,6.746,861.6,79.49,0.7141,0.8331,1.1663,-0.0715,Medium,5,Kharif
Sangli,Light Brown,30,50,30,7.0,800,25,Groundnut,Chilated Micronutrient,0.583,0.24,0.973,3.16,6.06,2.88,0.62,10.75,514.5,77.22,0.5999,0.9997,1.6661,0.5549,Medium,5,Kharif
Kolhapur,Black,30,40,25,6.5,600,30,Groundnut,SSP,0.88,0.14,2.88,6.35,17.636,3.25,0.72,50.72,1733.1,71.1,0.7498,1.1995,1.5994,-0.6538,High,6,Kharif
Solapur,Black,20,55,40,6.5,800,25,Groundnut,SSP,0.45,0.32,0.16,1.56,1.56,0.58,0.5,7.05,481.1,76.86,0.3636,0.4999,1.3747,0.6629,Medium,5,Kharif
Pune,Red,25,35,25,6.0,800,30,Groundnut,Chilated Micronutrient,0.41,0.408,0.46,1.32,2.802,0.53,0.374,6.746,861.6,79.53,0.7141,0.9996,1.3994,-0.0715,Medium,5,Kharif
Kolhapur,Dark Brown,135,70,45,7.0,600,25,Maize,SSP,0.88,0.14,2.88,6.35,17.636,3.25,0.72,50.72,1733.1,69.98,1.9283,2.9993,1.5552,-0.6538,High,8,Kharif
Sangli,Black,145,75,50,7.0,600,30,Maize,SSP,0.583,0.24,0.973,3.16,6.06,2.88,0.62,10.75,514.5,69.0,1.9331,2.8994,1.4997,0.1662,Medium,7,Kharif
Sangli,Black,120,60,60,5.5,500,30,Maize,SSP,0.583,0.24,0.973,3.16,6.06,2.88,0.62,10.75,514.5,62.72,1.9997,1.9997,0.9998,-0.0282,Medium,6,Kharif
Sangli,Black,135,75,60,7.0,500,30,Maize,SSP,0.583,0.24,0.973,3.16,6.06,2.88,0.62,10.75,514.5,65.63,1.7998,2.2496,1.2498,-0.0282,Medium,7,Kharif
Kolhapur,Dark Brown,125,70,45,7.0,600,25,Maize,SSP,0.88,0.14,2.88,6.35,17.636,3.25,0.72,50.72,1733.1,68.2,1.7855,2.7772,1.5552,-0.6538,High,8,Kharif
Sangli,Black,125,80,45,7.5,500,30,Maize,Urea,0.583,0.24,0.973,3.16,6.06,2.88,0.62,10.75,514.5,65.36,1.5623,2.7772,1.7774,-0.0282,Medium,7,Kharif
Sangli,Black,135,75,45,7.0,500,20,Maize,MOP,0.583,0.24,0.973,3.16,6.06,2.88,0.62,10.75,514.5,66.46,1.7998,2.9993,1.6663,-0.0282,Medium,7,Kharif
Sangli,Black,135,70,55,6.5,600,25,Maize,SSP,0.583,0.24,0.973,3.16,6.06,2.88,0.62,10.75,514.5,66.8,1.9283,2.4541,1.2725,0.1662,Medium,7,Kharif
Sangli,Black,145,80,45,7.5,500,30,Maize,Urea,0.583,0.24,0.973,3.16,6.06,2.88,0.62,10.75,514.5,64.66,1.8123,3.2215,1.7774,-0.0282,Medium,7,Kharif
Sangli,Black,135,65,45,6.0,600,25,Maize,MOP,0.583,0.24,0.973,3.16,6.06,2.88,0.62,10.75,514.5,68.39,2.0766,2.9993,1.4441,0.1662,Medium,7,Kharif
Kolhapur,Dark Brown,145,60,50,7.0,600,25,Maize,MOP,0.88,0.14,2.88,6.35,17.636,3.25,0.72,50.72,1733.1,69.74,2.4163,2.8994,1.1998,-0.6538,High,8,Kharif
Kolhapur,Dark Brown,145,70,40,6.5,700,30,Maize,Urea,0.88,0.14,2.88,6.35,17.636,3.25,0.72,50.72,1733.1,76.43,2.0711,3.6241,1.7496,-0.5961,High,8,Kharif
Kolhapur,Dark Brown,120,80,55,6.0,500,20,Maize,SSP,0.88,0.14,2.88,6.35,17.636,3.25,0.72,50.72,1733.1,64.78,1.4998,2.1814,1.4543,-0.7115,High,8,Kharif
Kolhapur,Dark Brown,120,75,45,7.0,500,20,Maize,Urea,0.88,0.14,2.88,6.35,17.636,3.25,0.72,50.72,1733.1,70.64,1.5998,2.6661,1.6663,-0.7115,High,8,Kharif
Kolhapur,Dark Brown,145,80,55,6.0,500,20,Maize,SSP,0.88,0.14,2.88,6.35,17.636,3.25,0.72,50.72,1733.1,66.97,1.8123,2.6359,1.4543,-0.7115,High,8,Kharif
Kolhapur,Dark Brown,140,60,45,6.5,700,30,Maize,SSP,0.88,0.14,2.88,6.35,17.636,3.25,0.72,50.72,1733.1,72.06,2.3329,3.1104,1.333,-0.5961,High,8,Kharif
Sangli,Black,135,70,40,6.5,600,30,Maize,MOP,0.583,0.24,0.973,3.16,6.06,2.88,0.62,10.75,514.5,66.4,1.9283,3.3742,1.7496,0.1662,Medium,7,Kharif
Kolhapur,Dark Brown,120,65,55,7.5,700,30,Maize,MOP,0.88,0.14,2.88,6.35,17.636,3.25,0.72,50.72,1733.1,73.71,1.8459,2.1814,1.1816,-0.5961,High,8,Kharif
Kolhapur,Dark Brown,120,75,60,6.0,700,30,Maize,SSP,0.88,0.14,2.88,6.35,17.636,3.25,0.72,50.72,1733.1,72.6,1.5998,1.9997,1.2498,-0.5961,High,8,Kharif
Kolhapur,Dark Brown,150,65,60,6.0,600,25,Maize,Urea,0.88,0.14,2.88,6.35,17.636,3.25,0.72,50.72,1733.1,68.53,2.3073,2.4996,1.0832,-0.6538,High,8,Kharif
Sangli,Black,130,75,60,7.0,500,30,Maize,SSP,0.583,0.24,0.973,3.16,6.06,2.88,0.62,10.75,514.5,67.87,1.7331,2.1663,1.2498,-0.0282,Medium,7,Kharif
Kolhapur,Dark Brown,135,65,50,7.0,500,20,Maize,SSP,0.88,0.14,2.88,6.35,17.636,3.25,0.72,50.72,1733.1,66.88,2.0766,2.6995,1.2997,-0.7115,High,8,Kharif
Sangli,Black,120,65,45,6.0,600,25,Maize,MOP,0.583,0.24,0.973,3.16,6.06,2.88,0.62,10.75,514.5,71.39,1.8459,2.6661,1.4441,0.1662,Medium,7,Kharif
Sangli,Black,150,75,40,7.0,600,25,Maize,Urea,0.583,0.24,0.973,3.16,6.06,2.88,0.62,10.75,514.5,74.19,1.9997,3.7491,1.8745,0.1662,Medium,7,Kharif
Kolhapur,Dark Brown,145,65,55,7.5,700,30,Maize,MOP,0.88,0.14,2.88,6.35,17.636,3.25,0.72,50.72,1733.1,73.82,2.2304,2.6359,1.1816,-0.5961,High,8,Kharif
Kolhapur,Dark Brown,140,75,55,7.5,500,20,Maize,Urea,0.88,0.14,2.88,6.35,17.636,3.25,0.72,50.72,1733.1,65.44,1.8664,2.545,1.3634,-0.7115,High,8,Kharif
Sangli,Black,120,80,40,7.5,600,20,Maize,SSP,0.583,0.24,0.973,3.16,6.06,2.88,0.62,10.75,514.5,73.36,1.4998,2.9993,1.9995,0.1662,Medium,7,Kharif
Kolhapur,Dark Brown,130,65,45,6.5,600,25,Maize,Urea,0.88,0.14,2.88,6.35,17.636,3.25,0.72,50.72,1733.1,69.35,1.9997,2.8882,1.4441,-0.6538,High,8,Kharif
Kolhapur,Dark Brown,130,75,40,6.5,600,25,Maize,MOP,0.88,0.14,2.88,6.35,17.636,3.25,0.72,50.72,1733.1,67.97,1.7331,3.2492,1.8745,-0.6538,High,8,Kharif
Sangli,Black,150,70,50,6.5,500,30,Maize,MOP,0.583,0.24,0.973,3.16,6.06,2.88,0.62,10.75,514.5,63.25,2.1426,2.9994,1.3997,-0.0282,Medium,7,Kharif
Sangli,Black,120,70,40,6.5,600,30,Maize,MOP,0.583,0.24,0.973,3.16,6.06,2.88,0.62,10.75,514.5,70.28,1.714,2.9993,1.7496,0.1662,Medium,7,Kharif
Sangli,Black,130,60,40,5.5,500,20,Maize,MOP,0.583,0.24,0.973,3.16,6.06,2.88,0.62,10.75,514.5,66.59,2.1663,3.2492,1.4996,-0.0282,Medium,6,Kharif
Kolhapur,Dark Brown,125,75,55,7.5,500,20,Maize,Urea,0.88,0.14,2.88,6.35,17.636,3.25,0.72,50.72,1733.1,66.21,1.6664,2.2723,1.3634,-0.7115,High,8,Kharif
Kolhapur,Dark Brown,120,70,40,6.5,700,30,Maize,Urea,0.88,0.14,2.88,6.35,17.636,3.25,0.72,50.72,1733.1,76.47,1.714,2.9993,1.7496,-0.5961,High,8,Kharif
Sangli,Black,130,60,55,5.5,600,20,Maize,MOP,0.583,0.24,0.973,3.16,6.06,2.88,0.62,10.75,514.5,73.75,2.1663,2.3632,1.0907,0.1662,Medium,6,Kharif
Kolhapur,Dark Brown,150,70,55,7.5,600,25,Maize,SSP,0.88,0.14,2.88,6.35,17.636,3.25,0.72,50.72,1733.1,70.08,2.1426,2.7268,1.2725,-0.6538,High,8,Kharif
Kolhapur,Dark Brown,120,65,50,7.0,500,20,Maize,SSP,0.88,0.14,2.88,6.35,17.636,3.25,0.72,50.72,1733.1,64.8,1.8459,2.3995,1.2997,-0.7115,High,8,Kharif
Kolhapur,Dark Brown,130,80,60,6.0,600,25,Maize,Urea,0.88,0.14,2.88,6.35,17.636,3.25,0.72,50.72,1733.1,70.36,1.6248,2.1663,1.3331,-0.6538,High,8,Kharif
Sangli,Black,145,80,60,7.5,500,25,Maize,MOP,0.583,0.24,0.973,3.16,6.06,2.88,0.62,10.75,514.5,64.82,1.8123,2.4163,1.3331,-0.0282,Medium,7,Kharif
Sangli,Black,125,80,50,7.5,600,25,Maize,MOP,0.583,0.24,0.973,3.16,6.06,2.88,0.62,10.75,514.5,72.62,1.5623,2.4995,1.5997,0.1662,Medium,7,Kharif
Kolhapur,Dark Brown,125,65,60,6.0,600,25,Maize,Urea,0.88,0.14,2.88,6.35,17.636,3.25,0.72,50.72,1733.1,68.16,1.9228,2.083,1.0832,-0.6538,High,8,Kharif
Kolhapur,Dark Brown,120,70,60,6.0,500,20,Maize,MOP,0.88,0.14,2.88,6.35,17.636,3.25,0.72,50.72,1733.1,64.39,1.714,1.9997,1.1665,-0.7115,High,8,Kharif
Sangli,Black,125,75,50,7.0,600,30,Maize,SSP,0.583,0.24,0.973,3.16,6.06,2.88,0.62,10.75,514.5,68.55,1.6664,2.4995,1.4997,0.1662,Medium,7,Kharif
Kolhapur,Dark Brown,145,60,40,6.0,500,20,Maize,Urea,0.88,0.14,2.88,6.35,17.636,3.25,0.72,50.72,1733.1,68.02,2.4163,3.6241,1.4996,-0.7115,High,8,Kharif
Sangli,Black,140,60,50,5.5,500,25,Maize,Urea,0.583,0.24,0.973,3.16,6.06,2.88,0.62,10.75,514.5,63.25,2.3329,2.7994,1.1998,-0.0282,Medium,6,Kharif
Kolhapur,Dark Brown,145,65,40,6.5,500,20,Maize,SSP,0.88,0.14,2.88,6.35,17.636,3.25,0.72,50.72,1733.1,65.65,2.2304,3.6241,1.6246,-0.7115,High,8,Kharif
Kolhapur,Dark Brown,125,75,60,6.0,700,30,Maize,SSP,0.88,0.14,2.88,6.35,17.636,3.25,0.72,50.72,1733.1,72.67,1.6664,2.083,1.2498,-0.5961,High,8,Kharif
Sangli,Black,125,65,60,6.0,500,25,Maize,MOP,0.583,0.24,0.973,3.16,6.06,2.88,0.62,10.75,514.5,63.94,1.9228,2.083,1.0832,-0.0282,Medium,7,Kharif
Kolhapur,Dark Brown,135,60,50,7.0,600,25,Maize,MOP,0.88,0.14,2.88,6.35,17.636,3.25,0.72,50.72,1733.1,70.83,2.2496,2.6995,1.1998,-0.6538,High,8,Kharif
Sangli,Black,125,65,40,6.0,600,20,Maize,SSP,0.583,0.24,0.973,3.16,6.06,2.88,0.62,10.75,514.5,68.41,1.9228,3.1242,1.6246,0.1662,Medium,7,Kharif
Sangli,Black,130,75,50,7.0,600,30,Maize,SSP,0.583,0.24,0.973,3.16,6.06,2.88,0.62,10.75,514.5,67.35,1.7331,2.5995,1.4997,0.1662,Medium,7,Kharif
Kolhapur,Dark Brown,135,60,40,6.0,500,20,Maize,Urea,0.88,0.14,2.88,6.35,17.636,3.25,0.72,50.72,1733.1,63.35,2.2496,3.3742,1.4996,-0.7115,High,8,Kharif
Kolhapur,Dark Brown,135,60,55,7.5,500,20,Maize,Urea,0.88,0.14,2.88,6.35,17.636,3.25,0.72,50.72,1733.1,64.59,2.2496,2.4541,1.0907,-0.7115,High,8,Kharif
Kolhapur,Dark Brown,140,60,55,7.5,500,20,Maize,Urea,0.88,0.14,2.88,6.35,17.636,3.25,0.72,50.72,1733.1,65.89,2.3329,2.545,1.0907,-0.7115,High,8,Kharif
Sangli,Black,130,80,40,7.5,600,20,Maize,SSP,0.583,0.24,0.973,3.16,6.06,2.88,0.62,10.75,514.5,71.09,1.6248,3.2492,1.9995,0.1662,Medium,7,Kharif
Sangli,Black,145,60,55,5.5,600,20,Maize,MOP,0.583,0.24,0.973,3.16,6.06,2.88,0.62,10.75,514.5,73.93,2.4163,2.6359,1.0907,0.1662,Medium,6,Kharif
Kolhapur,Dark Brown,140,65,50,7.0,500,20,Maize,SSP,0.88,0.14,2.88,6.35,17.636,3.25,0.72,50.72,1733.1,65.96,2.1535,2.7994,1.2997,-0.7115,High,8,Kharif
Sangli,Black,120,80,60,7.5,500,25,Maize,MOP,0.583,0.24,0.973,3.16,6.06,2.88,0.62,10.75,514.5,62.33,1.4998,1.9997,1.3331,-0.0282,Medium,7,Kharif
Kolhapur,Dark Brown,130,60,50,7.0,600,25,Maize,MOP,0.88,0.14,2.88,6.35,17.636,3.25,0.72,50.72,1733.1,71.27,2.1663,2.5995,1.1998,-0.6538,High,8,Kharif
Kolhapur,Dark Brown,130,65,60,6.0,600,25,Maize,Urea,0.88,0.14,2.88,6.35,17.636,3.25,0.72,50.72,1733.1,70.34,1.9997,2.1663,1.0832,-0.6538,High,8,Kharif
Sangli,Black,125,60,40,5.5,500,20,Maize,MOP,0.583,0.24,0.973,3.16,6.06,2.88,0.62,10.75,514.5,63.42,2.083,3.1242,1.4996,-0.0282,Medium,6,Kharif
Kolhapur,Dark Brown,145,80,60,6.0,600,25,Maize,Urea,0.88,0.14,2.88,6.35,17.636,3.25,0.72,50.72,1733.1,66.86,1.8123,2.4163,1.3331,-0.6538,High,8,Kharif
Kolhapur,Dark Brown,120,80,40,6.5,500,20,Maize,SSP,0.88,0.14,2.88,6.35,17.636,3.25,0.72,50.72,1733.1,67.79,1.4998,2.9993,1.9995,-0.7115,High,8,Kharif
Sangli,Black,135,75,50,7.0,600,30,Maize,SSP,0.583,0.24,0.973,3.16,6.06,2.88,0.62,10.75,514.5,67.56,1.7998,2.6995,1.4997,0.1662,Medium,7,Kharif
Kolhapur,Dark Brown,150,60,50,7.0,600,25,Maize,MOP,0.88,0.14,2.88,6.35,17.636,3.25,0.72,50.72,1733.1,70.09,2.4996,2.9994,1.1998,-0.6538,High,8,Kharif
Kolhapur,Dark Brown,135,75,40,6.5,600,25,Maize,MOP,0.88,0.14,2.88,6.35,17.636,3.25,0.72,50.72,1733.1,68.7,1.7998,3.3742,1.8745,-0.6538,High,8,Kharif
Sangli,Black,150,60,40,5.5,500,20,Maize,MOP,0.583,0.24,0.973,3.16,6.06,2.88,0.62,10.75,514.5,69.18,2.4996,3.7491,1.4996,-0.0282,Medium,6,Kharif
Sangli,Black,140,60,40,5.5,500,20,Maize,MOP,0.583,0.24,0.973,3.16,6.06,2.88,0.62,10.75,514.5,64.77,2.3329,3.4991,1.4996,-0.0282,Medium,6,Kharif
Sangli,Black,135,75,55,7.0,600,20,Maize,MOP,0.583,0.24,0.973,3.16,6.06,2.88,0.62,10.75,514.5,74.79,1.7998,2.4541,1.3634,0.1662,Medium,7,Kharif
Sangli,Black,140,65,40,6.0,600,20,Maize,SSP,0.583,0.24,0.973,3.16,6.06,2.88,0.62,10.75,514.5,73.48,2.1535,3.4991,1.6246,0.1662,Medium,7,Kharif
Sangli,Black,140,70,55,6.5,600,25,Maize,SSP,0.583,0.24,0.973,3.16,6.06,2.88,0.62,10.75,514.5,69.35,1.9997,2.545,1.2725,0.1662,Medium,7,Kharif
Kolhapur,Dark Brown,125,65,55,7.5,700,30,Maize,MOP,0.88,0.14,2.88,6.35,17.636,3.25,0.72,50.72,1733.1,75.93,1.9228,2.2723,1.1816,-0.5961,High,8,Kharif
Kolhapur,Dark Brown,150,70,60,6.0,500,20,Maize,MOP,0.88,0.14,2.88,6.35,17.636,3.25,0.72,50.72,1733.1,65.24,2.1426,2.4996,1.1665,-0.7115,High,8,Kharif
Kolhapur,Dark Brown,130,70,50,7.0,700,30,Maize,Urea,0.88,0.14,2.88,6.35,17.636,3.25,0.72,50.72,1733.1,76.77,1.8569,2.5995,1.3997,-0.5961,High,8,Kharif
Kolhapur,Dark Brown,135,80,40,6.5,500,20,Maize,SSP,0.88,0.14,2.88,6.35,17.636,3.25,0.72,50.72,1733.1,64.65,1.6873,3.3742,1.9995,-0.7115,High,8,Kharif
Sangli,Black,120,65,60,6.0,500,25,Maize,MOP,0.583,0.24,0.973,3.16,6.06,2.88,0.62,10.75,514.5,64.93,1.8459,1.9997,1.0832,-0.0282,Medium,7,Kharif
Kolhapur,Dark Brown,120,65,45,6.5,600,25,Maize,Urea,0.88,0.14,2.88,6.35,17.636,3.25,0.72,50.72,1733.1,74.5,1.8459,2.6661,1.4441,-0.6538,High,8,Kharif
Kolhapur,Dark Brown,145,60,55,7.5,500,20,Maize,Urea,0.88,0.14,2.88,6.35,17.636,3.25,0.72,50.72,1733.1,67.12,2.4163,2.6359,1.0907,-0.7115,High,8,Kharif
Sangli,Black,150,75,55,7.0,600,20,Maize,MOP,0.583,0.24,0.973,3.16,6.06,2.88,0.62,10.75,514.5,71.35,1.9997,2.7268,1.3634,0.1662,Medium,7,Kharif
Sangli,Black,130,80,50,7.5,600,25,Maize,MOP,0.583,0.24,0.973,3.16,6.06,2.88,0.62,10.75,514.5,70.64,1.6248,2.5995,1.5997,0.1662,Medium,7,Kharif
Sangli,Black,140,80,50,7.5,600,25,Maize,MOP,0.583,0.24,0.973,3.16,6.06,2.88,0.62,10.75,514.5,67.46,1.7498,2.7994,1.5997,0.1662,Medium,7,Kharif
Kolhapur,Dark Brown,140,80,50,7.5,600,25,Maize,Urea,0.88,0.14,2.88,6.35,17.636,3.25,0.72,50.72,1733.1,71.02,1.7498,2.7994,1.5997,-0.6538,High,8,Kharif
Kolhapur,Dark Brown,150,65,40,6.5,500,20,Maize,SSP,0.88,0.14,2.88,6.35,17.636,3.25,0.72,50.72,1733.1,64.49,2.3073,3.7491,1.6246,-0.7115,High,8,Kharif
Kolhapur,Dark Brown,135,80,45,7.0,700,30,Maize,MOP,0.88,0.14,2.88,6.35,17.636,3.25,0.72,50.72,1733.1,75.67,1.6873,2.9993,1.7774,-0.5961,High,8,Kharif
Sangli,Black,135,70,60,6.5,500,20,Maize,Urea,0.583,0.24,0.973,3.16,6.06,2.88,0.62,10.75,514.5,64.84,1.9283,2.2496,1.1665,-0.0282,Medium,7,Kharif
Kolhapur,Dark Brown,140,75,60,6.0,700,30,Maize,SSP,0.88,0.14,2.88,6.35,17.636,3.25,0.72,50.72,1733.1,71.51,1.8664,2.3329,1.2498,-0.5961,High,8,Kharif
Sangli,Black,135,80,30,7.5,500,20,Maize,SSP,0.583,0.24,0.973,3.16,6.06,2.88,0.62,10.75,514.5,63.3,1.6873,4.4985,2.6658,-0.0282,Medium,7,Kharif
Sangli,Black,135,60,50,5.5,500,25,Maize,Urea,0.583,0.24,0.973,3.16,6.06,2.88,0.62,10.75,514.5,67.44,2.2496,2.6995,1.1998,-0.0282,Medium,6,Kharif
Sangli,Black,145,60,50,5.5,500,25,Maize,Urea,0.583,0.24,0.973,3.16,6.06,2.88,0.62,10.75,514.5,68.42,2.4163,2.8994,1.1998,-0.0282,Medium,6,Kharif
Sangli,Black,120,60,45,5.5,600,30,Maize,SSP,0.583,0.24,0.973,3.16,6.06,2.88,0.62,10.75,514.5,69.1,1.9997,2.6661,1.333,0.1662,Medium,6,Kharif
Sangli,Black,150,80,50,7.5,600,25,Maize,MOP,0.583,0.24,0.973,3.16,6.06,2.88,0.62,10.75,514.5,68.34,1.8748,2.9994,1.5997,0.1662,Medium,7,Kharif
Kolhapur,Dark Brown,135,70,50,7.0,700,30,Maize,Urea,0.88,0.14,2.88,6.35,17.636,3.25,0.72,50.72,1733.1,75.13,1.9283,2.6995,1.3997,-0.5961,High,8,Kharif
Kolhapur,Dark Brown,120,60,60,6.0,700,30,Maize,SSP,0.88,0.14,2.88,6.35,17.636,3.25,0.72,50.72,1733.1,74.78,1.9997,1.9997,0.9998,-0.5961,High,8,Kharif
Kolhapur,Dark Brown,135,75,55,7.5,500,20,Maize,Urea,0.88,0.14,2.88,6.35,17.636,3.25,0.72,50.72,1733.1,64.49,1.7998,2.4541,1.3634,-0.7115,High,8,Kharif
Sangli,Black,150,75,45,7.0,500,20,Maize,MOP,0.583,0.24,0.973,3.16,6.06,2.88,0.62,10.75,514.5,67.81,1.9997,3.3326,1.6663,-0.0282,Medium,7,Kharif
Sangli,Black,130,70,45,6.5,500,25,Maize,SSP,0.583,0.24,0.973,3.16,6.06,2.88,0.62,10.75,514.5,62.04,1.8569,2.8882,1.5552,-0.0282,Medium,7,Kharif
Sangli,Black,145,65,50,6.0,500,20,Maize,SSP,0.583,0.24,0.973,3.16,6.06,2.88,0.62,10.75,514.5,63.98,2.2304,2.8994,1.2997,-0.0282,Medium,7,Kharif
Sangli,Black,125,80,40,7.5,600,20,Maize,SSP,0.583,0.24,0.973,3.16,6.06,2.88,0.62,10.75,514.5,69.75,1.5623,3.1242,1.9995,0.1662,Medium,7,Kharif
Sangli,Black,130,80,30,7.5,500,20,Maize,SSP,0.583,0.24,0.973,3.16,6.06,2.88,0.62,10.75,514.5,68.16,1.6248,4.3319,2.6658,-0.0282,Medium,7,Kharif
Sangli,Black,125,75,55,7.0,600,20,Maize,MOP,0.583,0.24,0.973,3.16,6.06,2.88,0.62,10.75,514.5,68.66,1.6664,2.2723,1.3634,0.1662,Medium,7,Kharif
Kolhapur,Dark Brown,150,75,45,7.0,500,20,Maize,Urea,0.88,0.14,2.88,6.35,17.636,3.25,0.72,50.72,1733.1,67.42,1.9997,3.3326,1.6663,-0.7115,High,8,Kharif
Sangli,Black,150,65,55,6.0,600,30,Maize,Urea,0.583,0.24,0.973,3.16,6.06,2.88,0.62,10.75,514.5,70.01,2.3073,2.7268,1.1816,0.1662,Medium,7,Kharif
Sangli,Black,150,65,40,6.0,600,20,Maize,SSP,0.583,0.24,0.973,3.16,6.06,2.88,0.62,10.75,514.5,73.14,2.3073,3.7491,1.6246,0.1662,Medium,7,Kharif
Sangli,Black,145,70,45,6.5,500,25,Maize,SSP,0.583,0.24,0.973,3.16,6.06,2.88,0.62,10.75,514.5,63.05,2.0711,3.2215,1.5552,-0.0282,Medium,7,Kharif
Kolhapur,Dark Brown,145,70,50,7.0,700,30,Maize,Urea,0.88,0.14,2.88,6.35,17.636,3.25,0.72,50.72,1733.1,75.71,2.0711,2.8994,1.3997,-0.5961,High,8,Kharif
Kolhapur,Dark Brown,150,80,50,7.5,600,25,Maize,Urea,0.88,0.14,2.88,6.35,17.636,3.25,0.72,50.72,1733.1,65.69,1.8748,2.9994,1.5997,-0.6538,High,8,Kharif
Kolhapur,Dark Brown,130,65,55,7.5,700,30,Maize,MOP,0.88,0.14,2.88,6.35,17.636,3.25,0.72,50.72,1733.1,78.42,1.9997,2.3632,1.1816,-0.5961,High,8,Kharif
Kolhapur,Dark Brown,140,65,60,6.0,600,25,Maize,Urea,0.88,0.14,2.88,6.35,17.636,3.25,0.72,50.72,1733.1,69.78,2.1535,2.3329,1.0832,-0.6538,High,8,Kharif
Kolhapur,Dark Brown,140,70,50,7.0,700,30,Maize,Urea,0.88,0.14,2.88,6.35,17.636,3.25,0.72,50.72,1733.1,75.19,1.9997,2.7994,1.3997,-0.5961,High,8,Kharif
Sangli,Black,150,65,50,6.0,500,20,Maize,SSP,0.583,0.24,0.973,3.16,6.06,2.88,0.62,10.75,514.5,64.97,2.3073,2.9994,1.2997,-0.0282,Medium,7,Kharif
Kolhapur,Dark Brown,150,80,45,7.0,700,30,Maize,MOP,0.88,0.14,2.88,6.35,17.636,3.25,0.72,50.72,1733.1,76.46,1.8748,3.3326,1.7774,-0.5961,High,8,Kharif
Sangli,Black,145,75,40,7.0,600,25,Maize,Urea,0.583,0.24,0.973,3.16,6.06,2.88,0.62,10.75,514.5,67.52,1.9331,3.6241,1.8745,0.1662,Medium,7,Kharif
Kolhapur,Dark Brown,135,80,60,6.0,600,25,Maize,Urea,0.88,0.14,2.88,6.35,17.636,3.25,0.72,50.72,1733.1,72.78,1.6873,2.2496,1.3331,-0.6538,High,8,Kharif
Sangli,Black,130,65,55,6.0,600,30,Maize,Urea,0.583,0.24,0.973,3.16,6.06,2.88,0.62,10.75,514.5,67.41,1.9997,2.3632,1.1816,0.1662,Medium,7,Kharif
Kolhapur,Dark Brown,125,65,40,6.5,500,20,Maize,SSP,0.88,0.14,2.88,6.35,17.636,3.25,0.72,50.72,1733.1,66.53,1.9228,3.1242,1.6246,-0.7115,High,8,Kharif
Sangli,Black,145,60,40,5.5,500,20,Maize,MOP,0.583,0.24,0.973,3.16,6.06,2.88,0.62,10.75,514.5,66.28,2.4163,3.6241,1.4996,-0.0282,Medium,6,Kharif
Sangli,Black,135,70,45,6.5,500,25,Maize,SSP,0.583,0.24,0.973,3.16,6.06,2.88,0.62,10.75,514.5,67.52,1.9283,2.9993,1.5552,-0.0282,Medium,7,Kharif
Sangli,Black,140,75,45,7.0,500,20,Maize,MOP,0.583,0.24,0.973,3.16,6.06,2.88,0.62,10.75,514.5,68.15,1.8664,3.1104,1.6663,-0.0282,Medium,7,Kharif
Sangli,Black,150,70,60,6.5,500,20,Maize,Urea,0.583,0.24,0.973,3.16,6.06,2.88,0.62,10.75,514.5,70.14,2.1426,2.4996,1.1665,-0.0282,Medium,7,Kharif
Kolhapur,Dark Brown,130,75,50,7.5,700,30,Maize,SSP,0.88,0.14,2.88,6.35,17.636,3.25,0.72,50.72,1733.1,75.12,1.7331,2.5995,1.4997,-0.5961,High,8,Kharif
Kolhapur,Dark Brown,135,75,60,6.0,700,30,Maize,SSP,0.88,0.14,2.88,6.35,17.636,3.25,0.72,50.72,1733.1,77.5,1.7998,2.2496,1.2498,-0.5961,High,8,Kharif
Kolhapur,Dark Brown,120,65,40,6.5,500,20,Maize,SSP,0.88,0.14,2.88,6.35,17.636,3.25,0.72,50.72,1733.1,65.42,1.8459,2.9993,1.6246,-0.7115,High,8,Kharif
Sangli,Black,145,65,60,6.0,500,25,Maize,MOP,0.583,0.24,0.973,3.16,6.06,2.88,0.62,10.75,514.5,61.32,2.2304,2.4163,1.0832,-0.0282,Medium,7,Kharif
Kolhapur,Dark Brown,150,60,55,7.5,500,20,Maize,Urea,0.88,0.14,2.88,6.35,17.636,3.25,0.72,50.72,1733.1,66.15,2.4996,2.7268,1.0907,-0.7115,High,8,Kharif
Kolhapur,Dark Brown,145,60,60,6.0,700,30,Maize,SSP,0.88,0.14,2.88,6.35,17.636,3.25,0.72,50.72,1733.1,73.8,2.4163,2.4163,0.9998,-0.5961,High,8,Kharif
Kolhapur,Dark Brown,125,70,50,7.0,700,30,Maize,Urea,0.88,0.14,2.88,6.35,17.636,3.25,0.72,50.72,1733.1,78.88,1.7855,2.4995,1.3997,-0.5961,High,8,Kharif
Sangli,Black,135,65,50,6.0,500,20,Maize,SSP,0.583,0.24,0.973,3.16,6.06,2.88,0.62,10.75,514.5,65.28,2.0766,2.6995,1.2997,-0.0282,Medium,7,Kharif
Kolhapur,Dark Brown,150,60,40,6.0,500,20,Maize,Urea,0.88,0.14,2.88,6.35,17.636,3.25,0.72,50.72,1733.1,64.62,2.4996,3.7491,1.4996,-0.7115,High,8,Kharif
Sangli,Black,125,65,55,6.0,600,30,Maize,Urea,0.583,0.24,0.973,3.16,6.06,2.88,0.62,10.75,514.5,69.95,1.9228,2.2723,1.1816,0.1662,Medium,7,Kharif
Sangli,Black,120,75,60,7.0,500,30,Maize,SSP,0.583,0.24,0.973,3.16,6.06,2.88,0.62,10.75,514.5,62.93,1.5998,1.9997,1.2498,-0.0282,Medium,7,Kharif
Kolhapur,Dark Brown,135,65,45,6.5,600,25,Maize,Urea,0.88,0.14,2.88,6.35,17.636,3.25,0.72,50.72,1733.1,65.0,2.0766,2.9993,1.4441,-0.6538,High,8,Kharif
Kolhapur,Dark Brown,140,70,45,7.0,600,25,Maize,SSP,0.88,0.14,2.88,6.35,17.636,3.25,0.72,50.72,1733.1,72.17,1.9997,3.1104,1.5552,-0.6538,High,8,Kharif
Sangli,Black,140,80,45,7.5,500,30,Maize,Urea,0.583,0.24,0.973,3.16,6.06,2.88,0.62,10.75,514.5,63.68,1.7498,3.1104,1.7774,-0.0282,Medium,7,Kharif
Kolhapur,Dark Brown,140,65,55,7.5,700,30,Maize,MOP,0.88,0.14,2.88,6.35,17.636,3.25,0.72,50.72,1733.1,71.26,2.1535,2.545,1.1816,-0.5961,High,8,Kharif
Sangli,Black,130,65,50,6.0,500,20,Maize,SSP,0.583,0.24,0.973,3.16,6.06,2.88,0.62,10.75,514.5,60.79,1.9997,2.5995,1.2997,-0.0282,Medium,7,Kharif
Sangli,Black,120,75,55,7.0,600,20,Maize,MOP,0.583,0.24,0.973,3.16,6.06,2.88,0.62,10.75,514.5,71.04,1.5998,2.1814,1.3634,0.1662,Medium,7,Kharif
Kolhapur,Dark Brown,140,80,55,6.0,500,20,Maize,SSP,0.88,0.14,2.88,6.35,17.636,3.25,0.72,50.72,1733.1,65.86,1.7498,2.545,1.4543,-0.7115,High,8,Kharif
Sangli,Black,120,60,40,5.5,500,20,Maize,MOP,0.583,0.24,0.973,3.16,6.06,2.88,0.62,10.75,514.5,63.45,1.9997,2.9993,1.4996,-0.0282,Medium,6,Kharif
Sangli,Black,125,75,60,7.0,500,30,Maize,SSP,0.583,0.24,0.973,3.16,6.06,2.88,0.62,10.75,514.5,65.02,1.6664,2.083,1.2498,-0.0282,Medium,7,Kharif
Sangli,Black,120,70,45,6.5,500,25,Maize,SSP,0.583,0.24,0.973,3.16,6.06,2.88,0.62,10.75,514.5,66.21,1.714,2.6661,1.5552,-0.0282,Medium,7,Kharif
Kolhapur,Dark Brown,125,75,40,6.5,600,25,Maize,MOP,0.88,0.14,2.88,6.35,17.636,3.25,0.72,50.72,1733.1,68.84,1.6664,3.1242,1.8745,-0.6538,High,8,Kharif
Kolhapur,Dark Brown,150,80,40,6.5,500,20,Maize,SSP,0.88,0.14,2.88,6.35,17.636,3.25,0.72,50.72,1733.1,70.29,1.8748,3.7491,1.9995,-0.7115,High,8,Kharif
Sangli,Black,120,75,45,7.0,500,20,Maize,MOP,0.583,0.24,0.973,3.16,6.06,2.88,0.62,10.75,514.5,68.39,1.5998,2.6661,1.6663,-0.0282,Medium,7,Kharif
Kolhapur,Dark Brown,145,75,40,6.5,600,25,Maize,MOP,0.88,0.14,2.88,6.35,17.636,3.25,0.72,50.72,1733.1,70.07,1.9331,3.6241,1.8745,-0.6538,High,8,Kharif
Kolhapur,Dark Brown,135,60,60,6.0,700,30,Maize,SSP,0.88,0.14,2.88,6.35,17.636,3.25,0.72,50.72,1733.1,75.68,2.2496,2.2496,0.9998,-0.5961,High,8,Kharif
Sangli,Black,125,75,40,7.0,600,25,Maize,Urea,0.583,0.24,0.973,3.16,6.06,2.88,0.62,10.75,514.5,67.9,1.6664,3.1242,1.8745,0.1662,Medium,7,Kharif
Kolhapur,Dark Brown,150,75,40,6.5,600,25,Maize,MOP,0.88,0.14,2.88,6.35,17.636,3.25,0.72,50.72,1733.1,68.46,1.9997,3.7491,1.8745,-0.6538,High,8,Kharif
Sangli,Black,125,80,30,7.5,500,20,Maize,SSP,0.583,0.24,0.973,3.16,6.06,2.88,0.62,10.75,514.5,64.44,1.5623,4.1653,2.6658,-0.0282,Medium,7,Kharif
Kolhapur,Dark Brown,145,80,40,6.5,500,20,Maize,SSP,0.88,0.14,2.88,6.35,17.636,3.25,0.72,50.72,1733.1,64.33,1.8123,3.6241,1.9995,-0.7115,High,8,Kharif
Kolhapur,Dark Brown,130,75,55,7.5,500,20,Maize,Urea,0.88,0.14,2.88,6.35,17.636,3.25,0.72,50.72,1733.1,65.87,1.7331,2.3632,1.3634,-0.7115,High,8,Kharif
Kolhapur,Dark Brown,130,60,45,6.5,700,30,Maize,SSP,0.88,0.14,2.88,6.35,17.636,3.25,0.72,50.72,1733.1,73.55,2.1663,2.8882,1.333,-0.5961,High,8,Kharif
Kolhapur,Dark Brown,140,60,60,6.0,700,30,Maize,SSP,0.88,0.14,2.88,6.35,17.636,3.25,0.72,50.72,1733.1,74.16,2.3329,2.3329,0.9998,-0.5961,High,8,Kharif
Kolhapur,Dark Brown,135,70,40,6.5,700,30,Maize,Urea,0.88,0.14,2.88,6.35,17.636,3.25,0.72,50.72,1733.1,71.82,1.9283,3.3742,1.7496,-0.5961,High,8,Kharif
Kolhapur,Dark Brown,140,80,40,6.5,500,20,Maize,SSP,0.88,0.14,2.88,6.35,17.636,3.25,0.72,50.72,1733.1,66.56,1.7498,3.4991,1.9995,-0.7115,High,8,Kharif
Sangli,Black,150,80,45,7.5,500,30,Maize,Urea,0.583,0.24,0.973,3.16,6.06,2.88,0.62,10.75,514.5,66.9,1.8748,3.3326,1.7774,-0.0282,Medium,7,Kharif
Sangli,Black,130,65,60,6.0,500,25,Maize,MOP,0.583,0.24,0.973,3.16,6.06,2.88,0.62,10.75,514.5,61.86,1.9997,2.1663,1.0832,-0.0282,Medium,7,Kharif
Kolhapur,Dark Brown,150,70,40,6.5,700,30,Maize,Urea,0.88,0.14,2.88,6.35,17.636,3.25,0.72,50.72,1733.1,74.28,2.1426,3.7491,1.7496,-0.5961,High,8,Kharif
Kolhapur,Dark Brown,150,60,60,6.0,700,30,Maize,SSP,0.88,0.14,2.88,6.35,17.636,3.25,0.72,50.72,1733.1,75.84,2.4996,2.4996,0.9998,-0.5961,High,8,Kharif
Sangli,Black,140,70,50,6.5,500,30,Maize,MOP,0.583,0.24,0.973,3.16,6.06,2.88,0.62,10.75,514.5,68.11,1.9997,2.7994,1.3997,-0.0282,Medium,7,Kharif
Kolhapur,Dark Brown,130,70,60,6.0,500,20,Maize,MOP,0.88,0.14,2.88,6.35,17.636,3.25,0.72,50.72,1733.1,69.36,1.8569,2.1663,1.1665,-0.7115,High,8,Kharif
Sangli,Black,125,70,40,6.5,600,30,Maize,MOP,0.583,0.24,0.973,3.16,6.06,2.88,0.62,10.75,514.5,69.25,1.7855,3.1242,1.7496,0.1662,Medium,7,Kharif
Sangli,Black,150,80,60,7.5,500,25,Maize,MOP,0.583,0.24,0.973,3.16,6.06,2.88,0.62,10.75,514.5,64.84,1.8748,2.4996,1.3331,-0.0282,Medium,7,Kharif
Sangli,Black,130,70,40,6.5,600,30,Maize,MOP,0.583,0.24,0.973,3.16,6.06,2.88,0.62,10.75,514.5,68.77,1.8569,3.2492,1.7496,0.1662,Medium,7,Kharif
Kolhapur,Dark Brown,140,75,50,7.5,700,30,Maize,SSP,0.88,0.14,2.88,6.35,17.636,3.25,0.72,50.72,1733.1,71.38,1.8664,2.7994,1.4997,-0.5961,High,8,Kharif
Sangli,Black,120,75,40,7.0,600,25,Maize,Urea,0.583,0.24,0.973,3.16,6.06,2.88,0.62,10.75,514.5,66.34,1.5998,2.9993,1.8745,0.1662,Medium,7,Kharif
Kolhapur,Dark Brown,150,75,50,7.5,700,30,Maize,SSP,0.88,0.14,2.88,6.35,17.636,3.25,0.72,50.72,1733.1,73.39,1.9997,2.9994,1.4997,-0.5961,High,8,Kharif
Sangli,Black,120,60,50,5.5,500,25,Maize,Urea,0.583,0.24,0.973,3.16,6.06,2.88,0.62,10.75,514.5,64.88,1.9997,2.3995,1.1998,-0.0282,Medium,6,Kharif
Sangli,Black,150,80,40,7.5,600,20,Maize,SSP,0.583,0.24,0.973,3.16,6.06,2.88,0.62,10.75,514.5,71.65,1.8748,3.7491,1.9995,0.1662,Medium,7,Kharif
Sangli,Black,140,80,40,7.5,600,20,Maize,SSP,0.583,0.24,0.973,3.16,6.06,2.88,0.62,10.75,514.5,70.0,1.7498,3.4991,1.9995,0.1662,Medium,7,Kharif
Kolhapur,Dark Brown,135,75,45,7.0,500,20,Maize,Urea,0.88,0.14,2.88,6.35,17.636,3.25,0.72,50.72,1733.1,65.38,1.7998,2.9993,1.6663,-0.7115,High,8,Kharif
Kolhapur,Dark Brown,135,60,45,6.5,700,30,Maize,SSP,0.88,0.14,2.88,6.35,17.636,3.25,0.72,50.72,1733.1,75.1,2.2496,2.9993,1.333,-0.5961,High,8,Kharif
Kolhapur,Dark Brown,140,65,45,6.5,600,25,Maize,Urea,0.88,0.14,2.88,6.35,17.636,3.25,0.72,50.72,1733.1,74.58,2.1535,3.1104,1.4441,-0.6538,High,8,Kharif
Sangli,Black,125,70,55,6.5,600,25,Maize,SSP,0.583,0.24,0.973,3.16,6.06,2.88,0.62,10.75,514.5,71.33,1.7855,2.2723,1.2725,0.1662,Medium,7,Kharif
Sangli,Black,125,65,45,6.0,600,25,Maize,MOP,0.583,0.24,0.973,3.16,6.06,2.88,0.62,10.75,514.5,67.72,1.9228,2.7772,1.4441,0.1662,Medium,7,Kharif
Kolhapur,Dark Brown,120,65,60,6.0,600,25,Maize,Urea,0.88,0.14,2.88,6.35,17.636,3.25,0.72,50.72,1733.1,71.08,1.8459,1.9997,1.0832,-0.6538,High,8,Kharif
Sangli,Black,120,70,55,6.5,600,25,Maize,SSP,0.583,0.24,0.973,3.16,6.06,2.88,0.62,10.75,514.5,73.06,1.714,2.1814,1.2725,0.1662,Medium,7,Kharif
Sangli,Black,135,65,55,6.0,600,30,Maize,Urea,0.583,0.24,0.973,3.16,6.06,2.88,0.62,10.75,514.5,69.85,2.0766,2.4541,1.1816,0.1662,Medium,7,Kharif
Kolhapur,Dark Brown,145,65,60,6.0,600,25,Maize,Urea,0.88,0.14,2.88,6.35,17.636,3.25,0.72,50.72,1733.1,68.19,2.2304,2.4163,1.0832,-0.6538,High,8,Kharif
Sangli,Black,120,65,40,6.0,600,20,Maize,SSP,0.583,0.24,0.973,3.16,6.06,2.88,0.62,10.75,514.5,71.14,1.8459,2.9993,1.6246,0.1662,Medium,7,Kharif
Sangli,Black,120,75,50,7.0,600,30,Maize,SSP,0.583,0.24,0.973,3.16,6.06,2.88,0.62,10.75,514.5,69.67,1.5998,2.3995,1.4997,0.1662,Medium,7,Kharif
Sangli,Black,135,65,40,6.0,600,20,Maize,SSP,0.583,0.24,0.973,3.16,6.06,2.88,0.62,10.75,514.5,69.16,2.0766,3.3742,1.6246,0.1662,Medium,7,Kharif
Sangli,Black,125,60,60,5.5,500,30,Maize,SSP,0.583,0.24,0.973,3.16,6.06,2.88,0.62,10.75,514.5,62.37,2.083,2.083,0.9998,-0.0282,Medium,6,Kharif
Kolhapur,Dark Brown,135,75,50,7.5,700,30,Maize,SSP,0.88,0.14,2.88,6.35,17.636,3.25,0.72,50.72,1733.1,74.02,1.7998,2.6995,1.4997,-0.5961,High,8,Kharif
Sangli,Black,125,60,55,5.5,600,20,Maize,MOP,0.583,0.24,0.973,3.16,6.06,2.88,0.62,10.75,514.5,68.85,2.083,2.2723,1.0907,0.1662,Medium,6,Kharif
Sangli,Black,130,65,40,6.0,600,20,Maize,SSP,0.583,0.24,0.973,3.16,6.06,2.88,0.62,10.75,514.5,69.61,1.9997,3.2492,1.6246,0.1662,Medium,7,Kharif
Kolhapur,Dark Brown,120,70,45,7.0,600,25,Maize,SSP,0.88,0.14,2.88,6.35,17.636,3.25,0.72,50.72,1733.1,71.07,1.714,2.6661,1.5552,-0.6538,High,8,Kharif
Sangli,Black,150,75,60,7.0,500,30,Maize,SSP,0.583,0.24,0.973,3.16,6.06,2.88,0.62,10.75,514.5,63.29,1.9997,2.4996,1.2498,-0.0282,Medium,7,Kharif
Kolhapur,Dark Brown,130,60,40,6.0,500,20,Maize,Urea,0.88,0.14,2.88,6.35,17.636,3.25,0.72,50.72,1733.1,64.72,2.1663,3.2492,1.4996,-0.7115,High,8,Kharif
Kolhapur,Dark Brown,135,65,60,6.0,600,25,Maize,Urea,0.88,0.14,2.88,6.35,17.636,3.25,0.72,50.72,1733.1,67.17,2.0766,2.2496,1.0832,-0.6538,High,8,Kharif
Sangli,Black,130,60,50,5.5,500,25,Maize,Urea,0.583,0.24,0.973,3.16,6.06,2.88,0.62,10.75,514.5,63.93,2.1663,2.5995,1.1998,-0.0282,Medium,6,Kharif
Sangli,Black,145,70,50,6.5,500,30,Maize,MOP,0.583,0.24,0.973,3.16,6.06,2.88,0.62,10.75,514.5,66.18,2.0711,2.8994,1.3997,-0.0282,Medium,7,Kharif
Sangli,Black,120,60,55,5.5,600,20,Maize,MOP,0.583,0.24,0.973,3.16,6.06,2.88,0.62,10.75,514.5,72.76,1.9997,2.1814,1.0907,0.1662,Medium,6,Kharif
Kolhapur,Dark Brown,125,70,40,6.5,700,30,Maize,Urea,0.88,0.14,2.88,6.35,17.636,3.25,0.72,50.72,1733.1,76.18,1.7855,3.1242,1.7496,-0.5961,High,8,Kharif
Sangli,Black,150,60,55,5.5,600,20,Maize,MOP,0.583,0.24,0.973,3.16,6.06,2.88,0.62,10.75,514.5,68.78,2.4996,2.7268,1.0907,0.1662,Medium,6,Kharif
Sangli,Black,130,75,55,7.0,600,20,Maize,MOP,0.583,0.24,0.973,3.16,6.06,2.88,0.62,10.75,514.5,74.39,1.7331,2.3632,1.3634,0.1662,Medium,7,Kharif
Sangli,Black,125,75,45,7.0,500,20,Maize,MOP,0.583,0.24,0.973,3.16,6.06,2.88,0.62,10.75,514.5,67.92,1.6664,2.7772,1.6663,-0.0282,Medium,7,Kharif
Kolhapur,Dark Brown,125,75,45,7.0,500,20,Maize,Urea,0.88,0.14,2.88,6.35,17.636,3.25,0.72,50.72,1733.1,66.79,1.6664,2.7772,1.6663,-0.7115,High,8,Kharif
Kolhapur,Dark Brown,140,60,50,7.0,600,25,Maize,MOP,0.88,0.14,2.88,6.35,17.636,3.25,0.72,50.72,1733.1,69.63,2.3329,2.7994,1.1998,-0.6538,High,8,Kharif
Sangli,Black,135,60,55,5.5,600,20,Maize,MOP,0.583,0.24,0.973,3.16,6.06,2.88,0.62,10.75,514.5,71.63,2.2496,2.4541,1.0907,0.1662,Medium,6,Kharif
Kolhapur,Dark Brown,125,80,60,6.0,600,25,Maize,Urea,0.88,0.14,2.88,6.35,17.636,3.25,0.72,50.72,1733.1,67.79,1.5623,2.083,1.3331,-0.6538,High,8,Kharif
Kolhapur,Dark Brown,150,65,55,7.5,700,30,Maize,MOP,0.88,0.14,2.88,6.35,17.636,3.25,0.72,50.72,1733.1,79.16,2.3073,2.7268,1.1816,-0.5961,High,8,Kharif
Sangli,Black,135,65,60,6.0,500,25,Maize,MOP,0.583,0.24,0.973,3.16,6.06,2.88,0.62,10.75,514.5,65.69,2.0766,2.2496,1.0832,-0.0282,Medium,7,Kharif
Kolhapur,Dark Brown,130,60,55,7.5,500,20,Maize,Urea,0.88,0.14,2.88,6.35,17.636,3.25,0.72,50.72,1733.1,66.84,2.1663,2.3632,1.0907,-0.7115,High,8,Kharif
Sangli,Black,145,70,55,6.5,600,25,Maize,SSP,0.583,0.24,0.973,3.16,6.06,2.88,0.62,10.75,514.5,69.57,2.0711,2.6359,1.2725,0.1662,Medium,7,Kharif
Sangli,Black,125,60,45,5.5,600,30,Maize,SSP,0.583,0.24,0.973,3.16,6.06,2.88,0.62,10.75,514.5,66.88,2.083,2.7772,1.333,0.1662,Medium,6,Kharif
Kolhapur,Dark Brown,120,80,50,7.5,600,25,Maize,Urea,0.88,0.14,2.88,6.35,17.636,3.25,0.72,50.72,1733.1,71.91,1.4998,2.3995,1.5997,-0.6538,High,8,Kharif
Sangli,Black,130,65,45,6.0,600,25,Maize,MOP,0.583,0.24,0.973,3.16,6.06,2.88,0.62,10.75,514.5,69.78,1.9997,2.8882,1.4441,0.1662,Medium,7,Kharif
Sangli,Black,140,65,55,6.0,600,30,Maize,Urea,0.583,0.24,0.973,3.16,6.06,2.88,0.62,10.75,514.5,71.56,2.1535,2.545,1.1816,0.1662,Medium,7,Kharif
Kolhapur,Dark Brown,130,65,50,7.0,500,20,Maize,SSP,0.88,0.14,2.88,6.35,17.636,3.25,0.72,50.72,1733.1,62.81,1.9997,2.5995,1.2997,-0.7115,High,8,Kharif
Sangli,Black,150,60,60,5.5,500,30,Maize,SSP,0.583,0.24,0.973,3.16,6.06,2.88,0.62,10.75,514.5,61.55,2.4996,2.4996,0.9998,-0.0282,Medium,6,Kharif
Kolhapur,Dark Brown,130,80,40,6.5,500,20,Maize,SSP,0.88,0.14,2.88,6.35,17.636,3.25,0.72,50.72,1733.1,68.5,1.6248,3.2492,1.9995,-0.7115,High,8,Kharif
Sangli,Black,130,70,60,6.5,500,20,Maize,Urea,0.583,0.24,0.973,3.16,6.06,2.88,0.62,10.75,514.5,69.26,1.8569,2.1663,1.1665,-0.0282,Medium,7,Kharif
Kolhapur,Dark Brown,125,70,60,6.0,500,20,Maize,MOP,0.88,0.14,2.88,6.35,17.636,3.25,0.72,50.72,1733.1,69.28,1.7855,2.083,1.1665,-0.7115,High,8,Kharif
Sangli,Black,140,65,45,6.0,600,25,Maize,MOP,0.583,0.24,0.973,3.16,6.06,2.88,0.62,10.75,514.5,69.22,2.1535,3.1104,1.4441,0.1662,Medium,7,Kharif
Kolhapur,Dark Brown,120,60,50,7.0,600,25,Maize,MOP,0.88,0.14,2.88,6.35,17.636,3.25,0.72,50.72,1733.1,67.62,1.9997,2.3995,1.1998,-0.6538,High,8,Kharif
Kolhapur,Dark Brown,145,70,45,7.0,600,25,Maize,SSP,0.88,0.14,2.88,6.35,17.636,3.25,0.72,50.72,1733.1,70.95,2.0711,3.2215,1.5552,-0.6538,High,8,Kharif
Kolhapur,Dark Brown,145,65,45,6.5,600,25,Maize,Urea,0.88,0.14,2.88,6.35,17.636,3.25,0.72,50.72,1733.1,67.22,2.2304,3.2215,1.4441,-0.6538,High,8,Kharif
Kolhapur,Dark Brown,120,60,45,6.5,700,30,Maize,SSP,0.88,0.14,2.88,6.35,17.636,3.25,0.72,50.72,1733.1,75.88,1.9997,2.6661,1.333,-0.5961,High,8,Kharif
Kolhapur,Dark Brown,120,80,60,6.0,600,25,Maize,Urea,0.88,0.14,2.88,6.35,17.636,3.25,0.72,50.72,1733.1,68.02,1.4998,1.9997,1.3331,-0.6538,High,8,Kharif
Kolhapur,Dark Brown,130,80,55,6.0,500,20,Maize,SSP,0.88,0.14,2.88,6.35,17.636,3.25,0.72,50.72,1733.1,66.11,1.6248,2.3632,1.4543,-0.7115,High,8,Kharif
Kolhapur,Dark Brown,130,60,60,6.0,700,30,Maize,SSP,0.88,0.14,2.88,6.35,17.636,3.25,0.72,50.72,1733.1,73.99,2.1663,2.1663,0.9998,-0.5961,High,8,Kharif
Kolhapur,Dark Brown,135,65,40,6.5,500,20,Maize,SSP,0.88,0.14,2.88,6.35,17.636,3.25,0.72,50.72,1733.1,64.66,2.0766,3.3742,1.6246,-0.7115,High,8,Kharif
Sangli,Black,140,65,50,6.0,500,20,Maize,SSP,0.583,0.24,0.973,3.16,6.06,2.88,0.62,10.75,514.5,65.87,2.1535,2.7994,1.2997,-0.0282,Medium,7,Kharif
Kolhapur,Dark Brown,145,75,45,7.0,500,20,Maize,Urea,0.88,0.14,2.88,6.35,17.636,3.25,0.72,50.72,1733.1,65.7,1.9331,3.2215,1.6663,-0.7115,High,8,Kharif
Sangli,Black,125,60,50,5.5,500,25,Maize,Urea,0.583,0.24,0.973,3.16,6.06,2.88,0.62,10.75,514.5,66.0,2.083,2.4995,1.1998,-0.0282,Medium,6,Kharif
Kolhapur,Dark Brown,130,70,55,7.5,600,25,Maize,SSP,0.88,0.14,2.88,6.35,17.636,3.25,0.72,50.72,1733.1,69.14,1.8569,2.3632,1.2725,-0.6538,High,8,Kharif
Kolhapur,Dark Brown,140,75,40,6.5,600,25,Maize,MOP,0.88,0.14,2.88,6.35,17.636,3.25,0.72,50.72,1733.1,67.55,1.8664,3.4991,1.8745,-0.6538,High,8,Kharif
Sangli,Black,130,75,40,7.0,600,25,Maize,Urea,0.583,0.24,0.973,3.16,6.06,2.88,0.62,10.75,514.5,72.99,1.7331,3.2492,1.8745,0.1662,Medium,7,Kharif
Sangli,Black,135,60,40,5.5,500,20,Maize,MOP,0.583,0.24,0.973,3.16,6.06,2.88,0.62,10.75,514.5,66.29,2.2496,3.3742,1.4996,-0.0282,Medium,6,Kharif
Sangli,Black,125,80,60,7.5,500,25,Maize,MOP,0.583,0.24,0.973,3.16,6.06,2.88,0.62,10.75,514.5,64.18,1.5623,2.083,1.3331,-0.0282,Medium,7,Kharif
Kolhapur,Dark Brown,140,70,40,6.5,700,30,Maize,Urea,0.88,0.14,2.88,6.35,17.636,3.25,0.72,50.72,1733.1,73.37,1.9997,3.4991,1.7496,-0.5961,High,8,Kharif
Kolhapur,Dark Brown,150,60,45,6.5,700,30,Maize,SSP,0.88,0.14,2.88,6.35,17.636,3.25,0.72,50.72,1733.1,71.33,2.4996,3.3326,1.333,-0.5961,High,8,Kharif
Kolhapur,Dark Brown,145,70,60,6.0,500,20,Maize,MOP,0.88,0.14,2.88,6.35,17.636,3.25,0.72,50.72,1733.1,69.26,2.0711,2.4163,1.1665,-0.7115,High,8,Kharif
Sangli,Black,140,70,45,6.5,500,25,Maize,SSP,0.583,0.24,0.973,3.16,6.06,2.88,0.62,10.75,514.5,67.29,1.9997,3.1104,1.5552,-0.0282,Medium,7,Kharif
Sangli,Black,135,80,60,7.5,500,25,Maize,MOP,0.583,0.24,0.973,3.16,6.06,2.88,0.62,10.75,514.5,64.09,1.6873,2.2496,1.3331,-0.0282,Medium,7,Kharif
Kolhapur,Dark Brown,135,80,50,7.5,600,25,Maize,Urea,0.88,0.14,2.88,6.35,17.636,3.25,0.72,50.72,1733.1,66.33,1.6873,2.6995,1.5997,-0.6538,High,8,Kharif
Kolhapur,Dark Brown,145,75,55,7.5,500,20,Maize,Urea,0.88,0.14,2.88,6.35,17.636,3.25,0.72,50.72,1733.1,62.61,1.9331,2.6359,1.3634,-0.7115,High,8,Kharif
Sangli,Black,150,75,50,7.0,600,30,Maize,SSP,0.583,0.24,0.973,3.16,6.06,2.88,0.62,10.75,514.5,70.56,1.9997,2.9994,1.4997,0.1662,Medium,7,Kharif
Kolhapur,Dark Brown,125,60,60,6.0,700,30,Maize,SSP,0.88,0.14,2.88,6.35,17.636,3.25,0.72,50.72,1733.1,78.99,2.083,2.083,0.9998,-0.5961,High,8,Kharif
Sangli,Black,140,65,60,6.0,500,25,Maize,MOP,0.583,0.24,0.973,3.16,6.06,2.88,0.62,10.75,514.5,70.02,2.1535,2.3329,1.0832,-0.0282,Medium,7,Kharif
Kolhapur,Dark Brown,140,60,40,6.0,500,20,Maize,Urea,0.88,0.14,2.88,6.35,17.636,3.25,0.72,50.72,1733.1,69.28,2.3329,3.4991,1.4996,-0.7115,High,8,Kharif
Kolhapur,Dark Brown,120,60,40,6.0,500,20,Maize,Urea,0.88,0.14,2.88,6.35,17.636,3.25,0.72,50.72,1733.1,64.02,1.9997,2.9993,1.4996,-0.7115,High,8,Kharif
Sangli,Black,145,65,40,6.0,600,20,Maize,SSP,0.583,0.24,0.973,3.16,6.06,2.88,0.62,10.75,514.5,70.21,2.2304,3.6241,1.6246,0.1662,Medium,7,Kharif
Sangli,Black,145,70,40,6.5,600,30,Maize,MOP,0.583,0.24,0.973,3.16,6.06,2.88,0.62,10.75,514.5,67.49,2.0711,3.6241,1.7496,0.1662,Medium,7,Kharif
Sangli,Black,130,60,60,5.5,500,30,Maize,SSP,0.583,0.24,0.973,3.16,6.06,2.88,0.62,10.75,514.5,61.87,2.1663,2.1663,0.9998,-0.0282,Medium,6,Kharif
Kolhapur,Dark Brown,130,80,45,7.0,700,30,Maize,MOP,0.88,0.14,2.88,6.35,17.636,3.25,0.72,50.72,1733.1,74.66,1.6248,2.8882,1.7774,-0.5961,High,8,Kharif
Sangli,Black,130,70,55,6.5,600,25,Maize,SSP,0.583,0.24,0.973,3.16,6.06,2.88,0.62,10.75,514.5,68.15,1.8569,2.3632,1.2725,0.1662,Medium,7,Kharif
Sangli,Black,135,70,50,6.5,500,30,Maize,MOP,0.583,0.24,0.973,3.16,6.06,2.88,0.62,10.75,514.5,58.14,1.9283,2.6995,1.3997,-0.0282,Medium,7,Kharif
Sangli,Black,150,70,40,6.5,600,30,Maize,MOP,0.583,0.24,0.973,3.16,6.06,2.88,0.62,10.75,514.5,64.62,2.1426,3.7491,1.7496,0.1662,Medium,7,Kharif
Sangli,Black,125,65,50,6.0,500,20,Maize,SSP,0.583,0.24,0.973,3.16,6.06,2.88,0.62,10.75,514.5,65.4,1.9228,2.4995,1.2997,-0.0282,Medium,7,Kharif
Sangli,Black,135,60,45,5.5,600,30,Maize,SSP,0.583,0.24,0.973,3.16,6.06,2.88,0.62,10.75,514.5,66.43,2.2496,2.9993,1.333,0.1662,Medium,6,Kharif
Kolhapur,Dark Brown,145,80,45,7.0,700,30,Maize,MOP,0.88,0.14,2.88,6.35,17.636,3.25,0.72,50.72,1733.1,74.75,1.8123,3.2215,1.7774,-0.5961,High,8,Kharif
Kolhapur,Dark Brown,135,80,55,6.0,500,20,Maize,SSP,0.88,0.14,2.88,6.35,17.636,3.25,0.72,50.72,1733.1,67.06,1.6873,2.4541,1.4543,-0.7115,High,8,Kharif
Kolhapur,Dark Brown,120,80,45,7.0,700,30,Maize,MOP,0.88,0.14,2.88,6.35,17.636,3.25,0.72,50.72,1733.1,74.47,1.4998,2.6661,1.7774,-0.5961,High,8,Kharif
Kolhapur,Dark Brown,125,60,45,6.5,700,30,Maize,SSP,0.88,0.14,2.88,6.35,17.636,3.25,0.72,50.72,1733.1,72.04,2.083,2.7772,1.333,-0.5961,High,8,Kharif
Sangli,Black,145,60,45,5.5,600,30,Maize,SSP,0.583,0.24,0.973,3.16,6.06,2.88,0.62,10.75,514.5,64.79,2.4163,3.2215,1.333,0.1662,Medium,6,Kharif
Kolhapur,Dark Brown,145,75,60,6.0,700,30,Maize,SSP,0.88,0.14,2.88,6.35,17.636,3.25,0.72,50.72,1733.1,72.61,1.9331,2.4163,1.2498,-0.5961,High,8,Kharif
Kolhapur,Dark Brown,145,65,50,7.0,500,20,Maize,SSP,0.88,0.14,2.88,6.35,17.636,3.25,0.72,50.72,1733.1,67.1,2.2304,2.8994,1.2997,-0.7115,High,8,Kharif
Kolhapur,Dark Brown,140,80,60,6.0,600,25,Maize,Urea,0.88,0.14,2.88,6.35,17.636,3.25,0.72,50.72,1733.1,71.84,1.7498,2.3329,1.3331,-0.6538,High,8,Kharif
Sangli,Black,140,75,55,7.0,600,20,Maize,MOP,0.583,0.24,0.973,3.16,6.06,2.88,0.62,10.75,514.5,71.31,1.8664,2.545,1.3634,0.1662,Medium,7,Kharif
Sangli,Black,135,80,50,7.5,600,25,Maize,MOP,0.583,0.24,0.973,3.16,6.06,2.88,0.62,10.75,514.5,70.39,1.6873,2.6995,1.5997,0.1662,Medium,7,Kharif
Kolhapur,Dark Brown,150,75,55,7.5,500,20,Maize,Urea,0.88,0.14,2.88,6.35,17.636,3.25,0.72,50.72,1733.1,65.8,1.9997,2.7268,1.3634,-0.7115,High,8,Kharif
Sangli,Black,130,80,45,7.5,500,30,Maize,Urea,0.583,0.24,0.973,3.16,6.06,2.88,0.62,10.75,514.5,62.38,1.6248,2.8882,1.7774,-0.0282,Medium,7,Kharif
Sangli,Black,150,70,55,6.5,600,25,Maize,SSP,0.583,0.24,0.973,3.16,6.06,2.88,0.62,10.75,514.5,70.99,2.1426,2.7268,1.2725,0.1662,Medium,7,Kharif
Sangli,Black,125,70,60,6.5,500,20,Maize,Urea,0.583,0.24,0.973,3.16,6.06,2.88,0.62,10.75,514.5,64.07,1.7855,2.083,1.1665,-0.0282,Medium,7,Kharif
Kolhapur,Dark Brown,125,75,50,7.5,700,30,Maize,SSP,0.88,0.14,2.88,6.35,17.636,3.25,0.72,50.72,1733.1,76.78,1.6664,2.4995,1.4997,-0.5961,High,8,Kharif
Sangli,Black,140,70,40,6.5,600,30,Maize,MOP,0.583,0.24,0.973,3.16,6.06,2.88,0.62,10.75,514.5,69.47,1.9997,3.4991,1.7496,0.1662,Medium,7,Kharif
Kolhapur,Dark Brown,145,80,50,7.5,600,25,Maize,Urea,0.88,0.14,2.88,6.35,17.636,3.25,0.72,50.72,1733.1,67.79,1.8123,2.8994,1.5997,-0.6538,High,8,Kharif
Kolhapur,Dark Brown,150,75,60,6.0,700,30,Maize,SSP,0.88,0.14,2.88,6.35,17.636,3.25,0.72,50.72,1733.1,72.56,1.9997,2.4996,1.2498,-0.5961,High,8,Kharif
Kolhapur,Dark Brown,130,80,50,7.5,600,25,Maize,Urea,0.88,0.14,2.88,6.35,17.636,3.25,0.72,50.72,1733.1,67.34,1.6248,2.5995,1.5997,-0.6538,High,8,Kharif
Kolhapur,Dark Brown,130,75,45,7.0,500,20,Maize,Urea,0.88,0.14,2.88,6.35,17.636,3.25,0.72,50.72,1733.1,66.38,1.7331,2.8882,1.6663,-0.7115,High,8,Kharif
Kolhapur,Dark Brown,125,65,45,6.5,600,25,Maize,Urea,0.88,0.14,2.88,6.35,17.636,3.25,0.72,50.72,1733.1,71.96,1.9228,2.7772,1.4441,-0.6538,High,8,Kharif
Kolhapur,Dark Brown,125,80,40,6.5,500,20,Maize,SSP,0.88,0.14,2.88,6.35,17.636,3.25,0.72,50.72,1733.1,65.41,1.5623,3.1242,1.9995,-0.7115,High,8,Kharif
Kolhapur,Dark Brown,120,70,50,7.0,700,30,Maize,Urea,0.88,0.14,2.88,6.35,17.636,3.25,0.72,50.72,1733.1,76.05,1.714,2.3995,1.3997,-0.5961,High,8,Kharif
Kolhapur,Dark Brown,130,70,45,7.0,600,25,Maize,SSP,0.88,0.14,2.88,6.35,17.636,3.25,0.72,50.72,1733.1,70.06,1.8569,2.8882,1.5552,-0.6538,High,8,Kharif
Kolhapur,Dark Brown,145,60,45,6.5,700,30,Maize,SSP,0.88,0.14,2.88,6.35,17.636,3.25,0.72,50.72,1733.1,74.21,2.4163,3.2215,1.333,-0.5961,High,8,Kharif
Sangli,Black,145,60,60,5.5,500,30,Maize,SSP,0.583,0.24,0.973,3.16,6.06,2.88,0.62,10.75,514.5,67.84,2.4163,2.4163,0.9998,-0.0282,Medium,6,Kharif
Sangli,Black,140,60,55,5.5,600,20,Maize,MOP,0.583,0.24,0.973,3.16,6.06,2.88,0.62,10.75,514.5,72.37,2.3329,2.545,1.0907,0.1662,Medium,6,Kharif
Sangli,Black,150,60,45,5.5,600,30,Maize,SSP,0.583,0.24,0.973,3.16,6.06,2.88,0.62,10.75,514.5,71.31,2.4996,3.3326,1.333,0.1662,Medium,6,Kharif
Sangli,Black,130,75,45,7.0,500,20,Maize,MOP,0.583,0.24,0.973,3.16,6.06,2.88,0.62,10.75,514.5,66.1,1.7331,2.8882,1.6663,-0.0282,Medium,7,Kharif
Kolhapur,Medium Brown,45,25,20,6.5,700,25,Masoor,DAP,0.88,0.14,2.88,6.35,17.636,3.25,0.72,50.72,1733.1,74.56,1.7993,2.2489,1.2494,-0.5961,High,7,Rabi
Kolhapur,Medium Brown,40,25,20,6.5,700,25,Masoor,DAP,0.88,0.14,2.88,6.35,17.636,3.25,0.72,50.72,1733.1,72.79,1.5994,1.999,1.2494,-0.5961,High,7,Rabi
Kolhapur,Medium Brown,40,20,20,6.0,600,20,Masoor,Urea,0.88,0.14,2.88,6.35,17.636,3.25,0.72,50.72,1733.1,74.06,1.999,1.999,0.9995,-0.6538,High,6,Rabi
Kolhapur,Medium Brown,50,20,25,6.0,600,20,Masoor,DAP,0.88,0.14,2.88,6.35,17.636,3.25,0.72,50.72,1733.1,75.11,2.4988,1.9992,0.7997,-0.6538,High,6,Rabi
Kolhapur,Medium Brown,50,25,25,6.5,700,25,Masoor,Urea,0.88,0.14,2.88,6.35,17.636,3.25,0.72,50.72,1733.1,73.32,1.9992,1.9992,0.9996,-0.5961,High,7,Rabi
Kolhapur,Medium Brown,50,20,20,6.0,600,20,Masoor,Urea,0.88,0.14,2.88,6.35,17.636,3.25,0.72,50.72,1733.1,72.08,2.4988,2.4988,0.9995,-0.6538,High,6,Rabi
Kolhapur,Medium Brown,45,20,20,6.0,600,20,Masoor,Urea,0.88,0.14,2.88,6.35,17.636,3.25,0.72,50.72,1733.1,72.02,2.2489,2.2489,0.9995,-0.6538,High,6,Rabi
Kolhapur,Medium Brown,50,25,20,6.5,700,25,Masoor,DAP,0.88,0.14,2.88,6.35,17.636,3.25,0.72,50.72,1733.1,74.45,1.9992,2.4988,1.2494,-0.5961,High,7,Rabi
Kolhapur,Medium Brown,45,25,25,6.5,700,25,Masoor,Urea,0.88,0.14,2.88,6.35,17.636,3.25,0.72,50.72,1733.1,74.27,1.7993,1.7993,0.9996,-0.5961,High,7,Rabi
Kolhapur,Medium Brown,45,20,25,6.0,600,20,Masoor,DAP,0.88,0.14,2.88,6.35,17.636,3.25,0.72,50.72,1733.1,67.07,2.2489,1.7993,0.7997,-0.6538,High,6,Rabi
Solapur,Black,60,35,20,6.5,600,30,Moong,SSP,0.45,0.32,0.16,1.56,1.56,0.58,0.5,7.05,481.1,71.23,1.7138,2.9985,1.7491,0.2471,Medium,6,Kharif
Solapur,Black,75,40,30,7.0,700,35,Moong,MOP,0.45,0.32,0.16,1.56,1.56,0.58,0.5,7.05,481.1,76.29,1.8745,2.4992,1.3329,0.455,Medium,6,Kharif
Sangli,Black,50,25,20,7.0,500,30,Moong,SSP,0.583,0.24,0.973,3.16,6.06,2.88,0.62,10.75,514.5,65.72,1.9992,2.4988,1.2494,-0.0282,Medium,6,Kharif
Kolhapur,Light Brown,20,10,15,6.0,600,25,Moong,SSP,0.88,0.14,2.88,6.35,17.636,3.25,0.72,50.72,1733.1,68.06,1.998,1.3324,0.6662,-0.6538,High,4,Kharif
Sangli,Black,45,30,25,7.5,600,35,Moong,SSP,0.583,0.24,0.973,3.16,6.06,2.88,0.62,10.75,514.5,65.7,1.4995,1.7993,1.1995,0.1662,Medium,6,Kharif
Sangli,Black,40,25,30,7.0,500,30,Moong,Urea,0.583,0.24,0.973,3.16,6.06,2.88,0.62,10.75,514.5,63.82,1.5994,1.3329,0.8331,-0.0282,Medium,6,Kharif
Solapur,Black,70,35,20,6.5,600,30,Moong,SSP,0.45,0.32,0.16,1.56,1.56,0.58,0.5,7.05,481.1,70.44,1.9994,3.4983,1.7491,0.2471,Medium,6,Kharif
Solapur,Black,60,30,25,6.0,500,25,Moong,Urea,0.45,0.32,0.16,1.56,1.56,0.58,0.5,7.05,481.1,66.28,1.9993,2.399,1.1995,0.0393,Medium,6,Kharif
Kolhapur,Light Brown,25,10,10,6.0,600,25,Moong,Urea,0.88,0.14,2.88,6.35,17.636,3.25,0.72,50.72,1733.1,68.49,2.4975,2.4975,0.999,-0.6538,High,4,Kharif
Kolhapur,Light Brown,20,10,5,6.0,600,25,Moong,MOP,0.88,0.14,2.88,6.35,17.636,3.25,0.72,50.72,1733.1,73.65,1.998,3.992,1.996,-0.6538,High,4,Kharif
Solapur,Black,80,30,20,6.0,500,25,Moong,MOP,0.45,0.32,0.16,1.56,1.56,0.58,0.5,7.05,481.1,66.34,2.6658,3.998,1.4993,0.0393,Medium,7,Kharif
Sangli,Black,45,25,25,7.0,500,30,Moong,MOP,0.583,0.24,0.973,3.16,6.06,2.88,0.62,10.75,514.5,61.19,1.7993,1.7993,0.9996,-0.0282,Medium,6,Kharif
Solapur,Black,60,35,30,6.5,600,30,Moong,Urea,0.45,0.32,0.16,1.56,1.56,0.58,0.5,7.05,481.1,69.08,1.7138,1.9993,1.1663,0.2471,Medium,6,Kharif
Kolhapur,Light Brown,30,20,10,7.0,800,35,Moong,SSP,0.88,0.14,2.88,6.35,17.636,3.25,0.72,50.72,1733.1,76.49,1.4993,2.997,1.998,-0.5384,High,5,Kharif
Solapur,Black,70,30,25,6.0,500,25,Moong,Urea,0.45,0.32,0.16,1.56,1.56,0.58,0.5,7.05,481.1,66.21,2.3326,2.7989,1.1995,0.0393,Medium,6,Kharif
Kolhapur,Light Brown,25,15,10,6.5,700,30,Moong,MOP,0.88,0.14,2.88,6.35,17.636,3.25,0.72,50.72,1733.1,72.79,1.6656,2.4975,1.4985,-0.5961,High,5,Kharif
Kolhapur,Light Brown,25,15,5,6.5,700,30,Moong,SSP,0.88,0.14,2.88,6.35,17.636,3.25,0.72,50.72,1733.1,75.07,1.6656,4.99,2.994,-0.5961,High,5,Kharif
Kolhapur,Light Brown,20,15,15,6.5,700,30,Moong,Urea,0.88,0.14,2.88,6.35,17.636,3.25,0.72,50.72,1733.1,72.64,1.3324,1.3324,0.9993,-0.5961,High,5,Kharif
Sangli,Black,45,30,20,7.5,600,35,Moong,Urea,0.583,0.24,0.973,3.16,6.06,2.88,0.62,10.75,514.5,69.57,1.4995,2.2489,1.4993,0.1662,Medium,6,Kharif
Sangli,Black,45,20,20,6.5,400,25,Moong,MOP,0.583,0.24,0.973,3.16,6.06,2.88,0.62,10.75,514.5,59.02,2.2489,2.2489,0.9995,-0.2225,Medium,5,Kharif
Solapur,Black,70,35,30,6.5,600,30,Moong,Urea,0.45,0.32,0.16,1.56,1.56,0.58,0.5,7.05,481.1,70.48,1.9994,2.3326,1.1663,0.2471,Medium,6,Kharif
Solapur,Black,75,40,25,7.0,700,35,Moong,SSP,0.45,0.32,0.16,1.56,1.56,0.58,0.5,7.05,481.1,71.85,1.8745,2.9988,1.5994,0.455,Medium,6,Kharif
Solapur,Black,65,40,25,7.0,700,35,Moong,SSP,0.45,0.32,0.16,1.56,1.56,0.58,0.5,7.05,481.1,74.18,1.6246,2.599,1.5994,0.455,Medium,6,Kharif
Kolhapur,Light Brown,20,20,5,7.0,800,35,Moong,Urea,0.88,0.14,2.88,6.35,17.636,3.25,0.72,50.72,1733.1,77.27,0.9995,3.992,3.992,-0.5384,High,5,Kharif
Solapur,Black,70,40,30,7.0,700,35,Moong,MOP,0.45,0.32,0.16,1.56,1.56,0.58,0.5,7.05,481.1,70.62,1.7496,2.3326,1.3329,0.455,Medium,6,Kharif
Solapur,Black,65,35,25,6.5,600,30,Moong,MOP,0.45,0.32,0.16,1.56,1.56,0.58,0.5,7.05,481.1,65.89,1.8566,2.599,1.3994,0.2471,Medium,6,Kharif
Kolhapur,Light Brown,20,10,10,6.0,600,25,Moong,Urea,0.88,0.14,2.88,6.35,17.636,3.25,0.72,50.72,1733.1,70.06,1.998,1.998,0.999,-0.6538,High,4,Kharif
Sangli,Black,40,20,25,6.5,400,25,Moong,Urea,0.583,0.24,0.973,3.16,6.06,2.88,0.62,10.75,514.5,59.04,1.999,1.5994,0.7997,-0.2225,Medium,5,Kharif
Kolhapur,Light Brown,30,10,10,6.0,600,25,Moong,Urea,0.88,0.14,2.88,6.35,17.636,3.25,0.72,50.72,1733.1,70.92,2.997,2.997,0.999,-0.6538,High,4,Kharif
Solapur,Black,75,35,20,6.5,600,30,Moong,SSP,0.45,0.32,0.16,1.56,1.56,0.58,0.5,7.05,481.1,69.88,2.1422,3.7481,1.7491,0.2471,Medium,6,Kharif
Sangli,Black,45,25,20,7.0,500,30,Moong,SSP,0.583,0.24,0.973,3.16,6.06,2.88,0.62,10.75,514.5,65.6,1.7993,2.2489,1.2494,-0.0282,Medium,6,Kharif
Solapur,Black,75,30,20,6.0,500,25,Moong,MOP,0.45,0.32,0.16,1.56,1.56,0.58,0.5,7.05,481.1,64.85,2.4992,3.7481,1.4993,0.0393,Medium,6,Kharif
Solapur,Black,65,30,20,6.0,500,25,Moong,MOP,0.45,0.32,0.16,1.56,1.56,0.58,0.5,7.05,481.1,62.72,2.1659,3.2484,1.4993,0.0393,Medium,6,Kharif
Sangli,Black,50,30,20,7.5,600,35,Moong,Urea,0.583,0.24,0.973,3.16,6.06,2.88,0.62,10.75,514.5,66.64,1.6661,2.4988,1.4993,0.1662,Medium,6,Kharif
Kolhapur,Light Brown,30,15,10,6.5,700,30,Moong,MOP,0.88,0.14,2.88,6.35,17.636,3.25,0.72,50.72,1733.1,75.48,1.9987,2.997,1.4985,-0.5961,High,5,Kharif
Solapur,Black,75,30,25,6.0,500,25,Moong,Urea,0.45,0.32,0.16,1.56,1.56,0.58,0.5,7.05,481.1,63.91,2.4992,2.9988,1.1995,0.0393,Medium,6,Kharif
Solapur,Black,70,40,25,7.0,700,35,Moong,SSP,0.45,0.32,0.16,1.56,1.56,0.58,0.5,7.05,481.1,72.29,1.7496,2.7989,1.5994,0.455,Medium,6,Kharif
Solapur,Black,75,35,25,6.5,600,30,Moong,MOP,0.45,0.32,0.16,1.56,1.56,0.58,0.5,7.05,481.1,69.75,2.1422,2.9988,1.3994,0.2471,Medium,6,Kharif
Kolhapur,Light Brown,25,20,5,7.0,800,35,Moong,Urea,0.88,0.14,2.88,6.35,17.636,3.25,0.72,50.72,1733.1,78.37,1.2494,4.99,3.992,-0.5384,High,5,Kharif
Sangli,Black,40,20,20,6.5,400,25,Moong,MOP,0.583,0.24,0.973,3.16,6.06,2.88,0.62,10.75,514.5,58.74,1.999,1.999,0.9995,-0.2225,Medium,5,Kharif
Solapur,Black,70,35,25,6.5,600,30,Moong,MOP,0.45,0.32,0.16,1.56,1.56,0.58,0.5,7.05,481.1,70.64,1.9994,2.7989,1.3994,0.2471,Medium,6,Kharif
Kolhapur,Light Brown,25,20,15,7.0,800,35,Moong,MOP,0.88,0.14,2.88,6.35,17.636,3.25,0.72,50.72,1733.1,80.6,1.2494,1.6656,1.3324,-0.5384,High,5,Kharif
Solapur,Black,75,40,20,7.0,700,35,Moong,Urea,0.45,0.32,0.16,1.56,1.56,0.58,0.5,7.05,481.1,77.83,1.8745,3.7481,1.999,0.455,Medium,6,Kharif
Solapur,Black,60,30,20,6.0,500,25,Moong,MOP,0.45,0.32,0.16,1.56,1.56,0.58,0.5,7.05,481.1,66.24,1.9993,2.9985,1.4993,0.0393,Medium,6,Kharif
Kolhapur,Light Brown,25,10,15,6.0,600,25,Moong,SSP,0.88,0.14,2.88,6.35,17.636,3.25,0.72,50.72,1733.1,72.4,2.4975,1.6656,0.6662,-0.6538,High,4,Kharif
Sangli,Black,50,30,30,7.5,600,35,Moong,MOP,0.583,0.24,0.973,3.16,6.06,2.88,0.62,10.75,514.5,66.84,1.6661,1.6661,0.9997,0.1662,Medium,6,Kharif
Kolhapur,Light Brown,25,20,10,7.0,800,35,Moong,SSP,0.88,0.14,2.88,6.35,17.636,3.25,0.72,50.72,1733.1,79.99,1.2494,2.4975,1.998,-0.5384,High,5,Kharif
Solapur,Black,65,40,20,7.0,700,35,Moong,Urea,0.45,0.32,0.16,1.56,1.56,0.58,0.5,7.05,481.1,67.88,1.6246,3.2484,1.999,0.455,Medium,6,Kharif
Kolhapur,Light Brown,25,15,15,6.5,700,30,Moong,Urea,0.88,0.14,2.88,6.35,17.636,3.25,0.72,50.72,1733.1,78.03,1.6656,1.6656,0.9993,-0.5961,High,5,Kharif
Kolhapur,Light Brown,20,20,10,7.0,800,35,Moong,SSP,0.88,0.14,2.88,6.35,17.636,3.25,0.72,50.72,1733.1,79.44,0.9995,1.998,1.998,-0.5384,High,5,Kharif
Kolhapur,Light Brown,20,15,10,6.5,700,30,Moong,MOP,0.88,0.14,2.88,6.35,17.636,3.25,0.72,50.72,1733.1,78.31,1.3324,1.998,1.4985,-0.5961,High,5,Kharif
Kolhapur,Light Brown,30,20,5,7.0,800,35,Moong,Urea,0.88,0.14,2.88,6.35,17.636,3.25,0.72,50.72,1733.1,75.31,1.4993,5.988,3.992,-0.5384,High,5,Kharif
Solapur,Black,65,40,30,7.0,700,35,Moong,MOP,0.45,0.32,0.16,1.56,1.56,0.58,0.5,7.05,481.1,75.25,1.6246,2.1659,1.3329,0.455,Medium,6,Kharif
Kolhapur,Light Brown,30,20,15,7.0,800,35,Moong,MOP,0.88,0.14,2.88,6.35,17.636,3.25,0.72,50.72,1733.1,81.12,1.4993,1.9987,1.3324,-0.5384,High,5,Kharif
Sangli,Black,50,25,25,7.0,500,30,Moong,MOP,0.583,0.24,0.973,3.16,6.06,2.88,0.62,10.75,514.5,62.03,1.9992,1.9992,0.9996,-0.0282,Medium,6,Kharif
Kolhapur,Light Brown,20,20,15,7.0,800,35,Moong,MOP,0.88,0.14,2.88,6.35,17.636,3.25,0.72,50.72,1733.1,78.6,0.9995,1.3324,1.3324,-0.5384,High,5,Kharif
Sangli,Black,45,30,30,7.5,600,35,Moong,MOP,0.583,0.24,0.973,3.16,6.06,2.88,0.62,10.75,514.5,67.84,1.4995,1.4995,0.9997,0.1662,Medium,6,Kharif
Solapur,Black,80,35,25,6.5,600,30,Moong,MOP,0.45,0.32,0.16,1.56,1.56,0.58,0.5,7.05,481.1,67.2,2.2851,3.1987,1.3994,0.2471,Medium,7,Kharif
Sangli,Black,45,20,30,6.5,400,25,Moong,SSP,0.583,0.24,0.973,3.16,6.06,2.88,0.62,10.75,514.5,58.44,2.2489,1.4995,0.6664,-0.2225,Medium,5,Kharif
Solapur,Black,80,40,20,7.0,700,35,Moong,Urea,0.45,0.32,0.16,1.56,1.56,0.58,0.5,7.05,481.1,74.57,1.9995,3.998,1.999,0.455,Medium,7,Kharif
Sangli,Black,50,30,25,7.5,600,35,Moong,SSP,0.583,0.24,0.973,3.16,6.06,2.88,0.62,10.75,514.5,62.32,1.6661,1.9992,1.1995,0.1662,Medium,6,Kharif
Solapur,Black,70,40,20,7.0,700,35,Moong,Urea,0.45,0.32,0.16,1.56,1.56,0.58,0.5,7.05,481.1,72.62,1.7496,3.4983,1.999,0.455,Medium,6,Kharif
Solapur,Black,65,30,25,6.0,500,25,Moong,Urea,0.45,0.32,0.16,1.56,1.56,0.58,0.5,7.05,481.1,64.34,2.1659,2.599,1.1995,0.0393,Medium,6,Kharif
Solapur,Black,75,35,30,6.5,600,30,Moong,Urea,0.45,0.32,0.16,1.56,1.56,0.58,0.5,7.05,481.1,67.97,2.1422,2.4992,1.1663,0.2471,Medium,6,Kharif
Solapur,Black,80,35,20,6.5,600,30,Moong,SSP,0.45,0.32,0.16,1.56,1.56,0.58,0.5,7.05,481.1,69.04,2.2851,3.998,1.7491,0.2471,Medium,7,Kharif
Solapur,Black,80,30,25,6.0,500,25,Moong,Urea,0.45,0.32,0.16,1.56,1.56,0.58,0.5,7.05,481.1,64.67,2.6658,3.1987,1.1995,0.0393,Medium,7,Kharif
Solapur,Black,60,40,25,7.0,700,35,Moong,SSP,0.45,0.32,0.16,1.56,1.56,0.58,0.5,7.05,481.1,74.35,1.4996,2.399,1.5994,0.455,Medium,6,Kharif
Solapur,Black,80,30,30,6.0,500,25,Moong,SSP,0.45,0.32,0.16,1.56,1.56,0.58,0.5,7.05,481.1,62.64,2.6658,2.6658,0.9997,0.0393,Medium,7,Kharif
Sangli,Black,40,30,25,7.5,600,35,Moong,SSP,0.583,0.24,0.973,3.16,6.06,2.88,0.62,10.75,514.5,65.17,1.3329,1.5994,1.1995,0.1662,Medium,6,Kharif
Sangli,Black,40,30,30,7.5,600,35,Moong,MOP,0.583,0.24,0.973,3.16,6.06,2.88,0.62,10.75,514.5,68.4,1.3329,1.3329,0.9997,0.1662,Medium,6,Kharif
Solapur,Black,80,40,30,7.0,700,35,Moong,MOP,0.45,0.32,0.16,1.56,1.56,0.58,0.5,7.05,481.1,71.2,1.9995,2.6658,1.3329,0.455,Medium,7,Kharif
Solapur,Black,65,30,30,6.0,500,25,Moong,SSP,0.45,0.32,0.16,1.56,1.56,0.58,0.5,7.05,481.1,64.47,2.1659,2.1659,0.9997,0.0393,Medium,6,Kharif
Solapur,Black,65,35,30,6.5,600,30,Moong,Urea,0.45,0.32,0.16,1.56,1.56,0.58,0.5,7.05,481.1,67.0,1.8566,2.1659,1.1663,0.2471,Medium,6,Kharif
Sangli,Black,45,25,30,7.0,500,30,Moong,Urea,0.583,0.24,0.973,3.16,6.06,2.88,0.62,10.75,514.5,68.34,1.7993,1.4995,0.8331,-0.0282,Medium,6,Kharif
Solapur,Black,60,30,30,6.0,500,25,Moong,SSP,0.45,0.32,0.16,1.56,1.56,0.58,0.5,7.05,481.1,64.96,1.9993,1.9993,0.9997,0.0393,Medium,6,Kharif
Sangli,Black,40,25,25,7.0,500,30,Moong,MOP,0.583,0.24,0.973,3.16,6.06,2.88,0.62,10.75,514.5,64.05,1.5994,1.5994,0.9996,-0.0282,Medium,6,Kharif
Solapur,Black,60,35,25,6.5,600,30,Moong,MOP,0.45,0.32,0.16,1.56,1.56,0.58,0.5,7.05,481.1,66.86,1.7138,2.399,1.3994,0.2471,Medium,6,Kharif
Sangli,Black,40,25,20,7.0,500,30,Moong,SSP,0.583,0.24,0.973,3.16,6.06,2.88,0.62,10.75,514.5,67.2,1.5994,1.999,1.2494,-0.0282,Medium,6,Kharif
Solapur,Black,70,30,30,6.0,500,25,Moong,SSP,0.45,0.32,0.16,1.56,1.56,0.58,0.5,7.05,481.1,65.04,2.3326,2.3326,0.9997,0.0393,Medium,6,Kharif
Sangli,Reddish Brown,35,55,20,6.0,600,25,Pigeonpea,Urea,0.583,0.24,0.973,3.16,6.06,2.88,0.62,10.75,514.5,70.7,0.6362,1.7491,2.7486,0.1662,Medium,5,Kharif
Kolhapur,Red,45,20,30,5.5,300,20,Pigeonpea,SSP,0.88,0.14,2.88,6.35,17.636,3.25,0.72,50.72,1733.1,57.9,2.2489,1.4995,0.6664,-0.8269,High,5,Kharif
Pune,Dark Brown,30,40,15,7.0,900,30,Pigeonpea,Urea,0.41,0.408,0.46,1.32,2.802,0.53,0.374,6.746,861.6,86.14,0.7498,1.9987,2.6649,0.0446,Medium,5,Kharif
Sangli,Reddish Brown,35,45,25,6.5,700,30,Pigeonpea,Urea,0.583,0.24,0.973,3.16,6.06,2.88,0.62,10.75,514.5,74.62,0.7776,1.3994,1.7993,0.3605,Medium,5,Kharif
Sangli,Reddish Brown,35,40,25,6.5,700,30,Pigeonpea,SSP,0.583,0.24,0.973,3.16,6.06,2.88,0.62,10.75,514.5,75.5,0.8748,1.3994,1.5994,0.3605,Medium,5,Kharif
Sangli,Reddish Brown,40,60,25,6.5,700,30,Pigeonpea,Urea,0.583,0.24,0.973,3.16,6.06,2.88,0.62,10.75,514.5,75.01,0.6666,1.5994,2.399,0.3605,Medium,6,Kharif
Solapur,Red,35,25,25,6.5,600,30,Pigeonpea,Urea,0.45,0.32,0.16,1.56,1.56,0.58,0.5,7.05,481.1,70.01,1.3994,1.3994,0.9996,0.2471,Medium,5,Kharif
Satara,Red,60,40,20,6.0,600,35,Pigeonpea,Urea,0.295,0.25,0.073,3.96,6.2,2.4,0.793,4.178,886.2,70.98,1.4996,2.9985,1.999,-0.323,Low,5,Kharif
Pune,Dark Brown,20,30,20,6.0,700,20,Pigeonpea,MOP,0.41,0.408,0.46,1.32,2.802,0.53,0.374,6.746,861.6,78.54,0.6664,0.9995,1.4993,-0.1876,Medium,5,Kharif
Solapur,Red,40,30,25,7.0,600,35,Pigeonpea,MOP,0.45,0.32,0.16,1.56,1.56,0.58,0.5,7.05,481.1,68.0,1.3329,1.5994,1.1995,0.2471,Medium,6,Kharif
Kolhapur,Red,45,25,25,6.0,400,25,Pigeonpea,Urea,0.88,0.14,2.88,6.35,17.636,3.25,0.72,50.72,1733.1,61.2,1.7993,1.7993,0.9996,-0.7692,High,7,Kharif
Sangli,Reddish Brown,40,55,25,6.5,700,30,Pigeonpea,SSP,0.583,0.24,0.973,3.16,6.06,2.88,0.62,10.75,514.5,74.95,0.7271,1.5994,2.1991,0.3605,Medium,6,Kharif
Solapur,Red,30,20,25,6.0,600,25,Pigeonpea,MOP,0.45,0.32,0.16,1.56,1.56,0.58,0.5,7.05,481.1,69.95,1.4993,1.1995,0.7997,0.2471,Medium,4,Kharif
Sangli,Reddish Brown,35,45,30,7.0,800,35,Pigeonpea,SSP,0.583,0.24,0.973,3.16,6.06,2.88,0.62,10.75,514.5,73.84,0.7776,1.1663,1.4995,0.5549,Medium,5,Kharif
Sangli,Reddish Brown,30,40,30,7.0,800,35,Pigeonpea,MOP,0.583,0.24,0.973,3.16,6.06,2.88,0.62,10.75,514.5,80.89,0.7498,0.9997,1.3329,0.5549,Medium,5,Kharif
Kolhapur,Red,40,20,30,5.5,300,20,Pigeonpea,SSP,0.88,0.14,2.88,6.35,17.636,3.25,0.72,50.72,1733.1,58.38,1.999,1.3329,0.6664,-0.8269,High,5,Kharif
Sangli,Reddish Brown,35,60,20,6.0,600,25,Pigeonpea,MOP,0.583,0.24,0.973,3.16,6.06,2.88,0.62,10.75,514.5,66.62,0.5832,1.7491,2.9985,0.1662,Medium,5,Kharif
Kolhapur,Red,45,20,25,5.5,400,20,Pigeonpea,MOP,0.88,0.14,2.88,6.35,17.636,3.25,0.72,50.72,1733.1,60.33,2.2489,1.7993,0.7997,-0.7692,High,5,Kharif
Satara,Red,55,30,25,6.5,700,25,Pigeonpea,SSP,0.295,0.25,0.073,3.96,6.2,2.4,0.793,4.178,886.2,73.34,1.8327,2.1991,1.1995,-0.2101,Low,5,Kharif
Kolhapur,Red,50,20,25,5.5,400,20,Pigeonpea,MOP,0.88,0.14,2.88,6.35,17.636,3.25,0.72,50.72,1733.1,59.77,2.4988,1.9992,0.7997,-0.7692,High,5,Kharif
Satara,Red,50,30,20,6.0,600,25,Pigeonpea,Urea,0.295,0.25,0.073,3.96,6.2,2.4,0.793,4.178,886.2,73.1,1.6661,2.4988,1.4993,-0.323,Low,5,Kharif
Kolhapur,Red,50,30,25,6.5,300,30,Pigeonpea,SSP,0.88,0.14,2.88,6.35,17.636,3.25,0.72,50.72,1733.1,50.4,1.6661,1.9992,1.1995,-0.8269,High,7,Kharif
Sangli,Reddish Brown,35,60,25,6.5,700,30,Pigeonpea,Urea,0.583,0.24,0.973,3.16,6.06,2.88,0.62,10.75,514.5,74.38,0.5832,1.3994,2.399,0.3605,Medium,5,Kharif
Kolhapur,Red,40,20,20,5.5,300,20,Pigeonpea,Urea,0.88,0.14,2.88,6.35,17.636,3.25,0.72,50.72,1733.1,52.05,1.999,1.999,0.9995,-0.8269,High,5,Kharif
Satara,Red,60,30,25,6.5,700,25,Pigeonpea,SSP,0.295,0.25,0.073,3.96,6.2,2.4,0.793,4.178,886.2,74.79,1.9993,2.399,1.1995,-0.2101,Low,5,Kharif
Solapur,Red,35,25,20,6.5,500,30,Pigeonpea,MOP,0.45,0.32,0.16,1.56,1.56,0.58,0.5,7.05,481.1,62.95,1.3994,1.7491,1.2494,0.0393,Medium,5,Kharif
Sangli,Reddish Brown,40,45,25,6.5,700,30,Pigeonpea,Urea,0.583,0.24,0.973,3.16,6.06,2.88,0.62,10.75,514.5,70.22,0.8887,1.5994,1.7993,0.3605,Medium,6,Kharif
Kolhapur,Red,40,25,30,6.0,300,25,Pigeonpea,MOP,0.88,0.14,2.88,6.35,17.636,3.25,0.72,50.72,1733.1,54.4,1.5994,1.3329,0.8331,-0.8269,High,7,Kharif
Pune,Dark Brown,30,30,15,6.0,700,20,Pigeonpea,Urea,0.41,0.408,0.46,1.32,2.802,0.53,0.374,6.746,861.6,74.24,0.9997,1.9987,1.9987,-0.1876,Medium,5,Kharif
Pune,Dark Brown,25,40,20,7.0,900,30,Pigeonpea,MOP,0.41,0.408,0.46,1.32,2.802,0.53,0.374,6.746,861.6,85.24,0.6248,1.2494,1.999,0.0446,Medium,5,Kharif
Solapur,Red,30,20,20,6.0,500,25,Pigeonpea,Urea,0.45,0.32,0.16,1.56,1.56,0.58,0.5,7.05,481.1,64.02,1.4993,1.4993,0.9995,0.0393,Medium,4,Kharif
Kolhapur,Red,40,30,25,6.5,300,30,Pigeonpea,SSP,0.88,0.14,2.88,6.35,17.636,3.25,0.72,50.72,1733.1,53.55,1.3329,1.5994,1.1995,-0.8269,High,7,Kharif
Satara,Red,60,30,20,6.0,600,25,Pigeonpea,Urea,0.295,0.25,0.073,3.96,6.2,2.4,0.793,4.178,886.2,67.06,1.9993,2.9985,1.4993,-0.323,Low,5,Kharif
Pune,Dark Brown,25,30,15,6.0,700,20,Pigeonpea,Urea,0.41,0.408,0.46,1.32,2.802,0.53,0.374,6.746,861.6,73.81,0.8331,1.6656,1.9987,-0.1876,Medium,5,Kharif
Pune,Dark Brown,20,40,20,7.0,900,30,Pigeonpea,MOP,0.41,0.408,0.46,1.32,2.802,0.53,0.374,6.746,861.6,84.01,0.4999,0.9995,1.999,0.0446,Medium,5,Kharif
Kolhapur,Red,40,30,20,6.5,400,30,Pigeonpea,MOP,0.88,0.14,2.88,6.35,17.636,3.25,0.72,50.72,1733.1,59.32,1.3329,1.999,1.4993,-0.7692,High,7,Kharif
Sangli,Reddish Brown,30,45,30,7.0,800,35,Pigeonpea,SSP,0.583,0.24,0.973,3.16,6.06,2.88,0.62,10.75,514.5,78.06,0.6665,0.9997,1.4995,0.5549,Medium,5,Kharif
Kolhapur,Red,45,25,20,6.0,400,25,Pigeonpea,SSP,0.88,0.14,2.88,6.35,17.636,3.25,0.72,50.72,1733.1,61.87,1.7993,2.2489,1.2494,-0.7692,High,7,Kharif
Solapur,Red,30,30,25,7.0,600,35,Pigeonpea,MOP,0.45,0.32,0.16,1.56,1.56,0.58,0.5,7.05,481.1,66.36,0.9997,1.1995,1.1995,0.2471,Medium,5,Kharif
Satara,Red,60,40,25,6.5,700,35,Pigeonpea,SSP,0.295,0.25,0.073,3.96,6.2,2.4,0.793,4.178,886.2,70.48,1.4996,2.399,1.5994,-0.2101,Low,5,Kharif
Pune,Dark Brown,25,40,15,7.0,900,30,Pigeonpea,Urea,0.41,0.408,0.46,1.32,2.802,0.53,0.374,6.746,861.6,84.0,0.6248,1.6656,2.6649,0.0446,Medium,5,Kharif
Solapur,Red,30,25,25,6.5,600,30,Pigeonpea,Urea,0.45,0.32,0.16,1.56,1.56,0.58,0.5,7.05,481.1,69.95,1.1995,1.1995,0.9996,0.2471,Medium,5,Kharif
Sangli,Reddish Brown,40,40,20,6.0,600,25,Pigeonpea,Urea,0.583,0.24,0.973,3.16,6.06,2.88,0.62,10.75,514.5,68.78,0.9998,1.999,1.999,0.1662,Medium,6,Kharif
Sangli,Reddish Brown,40,40,25,6.5,700,30,Pigeonpea,SSP,0.583,0.24,0.973,3.16,6.06,2.88,0.62,10.75,514.5,69.87,0.9998,1.5994,1.5994,0.3605,Medium,6,Kharif
Kolhapur,Red,40,20,25,5.5,400,20,Pigeonpea,MOP,0.88,0.14,2.88,6.35,17.636,3.25,0.72,50.72,1733.1,61.3,1.999,1.5994,0.7997,-0.7692,High,5,Kharif
Solapur,Red,30,30,20,7.0,500,35,Pigeonpea,Urea,0.45,0.32,0.16,1.56,1.56,0.58,0.5,7.05,481.1,68.52,0.9997,1.4993,1.4993,0.0393,Medium,5,Kharif
Sangli,Reddish Brown,35,40,20,6.0,600,25,Pigeonpea,Urea,0.583,0.24,0.973,3.16,6.06,2.88,0.62,10.75,514.5,71.54,0.8748,1.7491,1.999,0.1662,Medium,5,Kharif
Kolhapur,Red,45,30,25,6.5,300,30,Pigeonpea,SSP,0.88,0.14,2.88,6.35,17.636,3.25,0.72,50.72,1733.1,51.66,1.4995,1.7993,1.1995,-0.8269,High,7,Kharif
Pune,Dark Brown,30,35,20,6.5,800,25,Pigeonpea,Urea,0.41,0.408,0.46,1.32,2.802,0.53,0.374,6.746,861.6,83.31,0.8569,1.4993,1.7491,-0.0715,Medium,5,Kharif
Solapur,Red,35,20,20,6.0,500,25,Pigeonpea,Urea,0.45,0.32,0.16,1.56,1.56,0.58,0.5,7.05,481.1,66.61,1.7491,1.7491,0.9995,0.0393,Medium,4,Kharif
Sangli,Reddish Brown,40,40,30,7.0,800,35,Pigeonpea,MOP,0.583,0.24,0.973,3.16,6.06,2.88,0.62,10.75,514.5,75.9,0.9998,1.3329,1.3329,0.5549,Medium,6,Kharif
Sangli,Reddish Brown,40,55,30,7.0,800,35,Pigeonpea,MOP,0.583,0.24,0.973,3.16,6.06,2.88,0.62,10.75,514.5,81.85,0.7271,1.3329,1.8327,0.5549,Medium,6,Kharif
Kolhapur,Red,50,25,25,6.0,400,25,Pigeonpea,Urea,0.88,0.14,2.88,6.35,17.636,3.25,0.72,50.72,1733.1,63.06,1.9992,1.9992,0.9996,-0.7692,High,7,Kharif
Sangli,Reddish Brown,30,45,25,6.5,700,30,Pigeonpea,Urea,0.583,0.24,0.973,3.16,6.06,2.88,0.62,10.75,514.5,74.73,0.6665,1.1995,1.7993,0.3605,Medium,5,Kharif
Pune,Dark Brown,20,35,15,6.5,800,25,Pigeonpea,MOP,0.41,0.408,0.46,1.32,2.802,0.53,0.374,6.746,861.6,79.89,0.5713,1.3324,2.3318,-0.0715,Medium,5,Kharif
Solapur,Red,30,25,20,6.5,500,30,Pigeonpea,MOP,0.45,0.32,0.16,1.56,1.56,0.58,0.5,7.05,481.1,63.18,1.1995,1.4993,1.2494,0.0393,Medium,5,Kharif
Satara,Red,55,35,25,6.5,700,30,Pigeonpea,Urea,0.295,0.25,0.073,3.96,6.2,2.4,0.793,4.178,886.2,74.1,1.571,2.1991,1.3994,-0.2101,Low,5,Kharif
Solapur,Red,40,30,20,7.0,500,35,Pigeonpea,Urea,0.45,0.32,0.16,1.56,1.56,0.58,0.5,7.05,481.1,61.98,1.3329,1.999,1.4993,0.0393,Medium,6,Kharif
Kolhapur,Red,45,30,20,6.5,400,30,Pigeonpea,MOP,0.88,0.14,2.88,6.35,17.636,3.25,0.72,50.72,1733.1,59.01,1.4995,2.2489,1.4993,-0.7692,High,7,Kharif
Sangli,Reddish Brown,30,50,30,7.0,800,35,Pigeonpea,Urea,0.583,0.24,0.973,3.16,6.06,2.88,0.62,10.75,514.5,82.03,0.5999,0.9997,1.6661,0.5549,Medium,5,Kharif
Solapur,Red,35,30,20,7.0,500,35,Pigeonpea,Urea,0.45,0.32,0.16,1.56,1.56,0.58,0.5,7.05,481.1,63.78,1.1663,1.7491,1.4993,0.0393,Medium,5,Kharif
Sangli,Reddish Brown,40,45,20,6.0,600,25,Pigeonpea,MOP,0.583,0.24,0.973,3.16,6.06,2.88,0.62,10.75,514.5,76.3,0.8887,1.999,2.2489,0.1662,Medium,6,Kharif
Kolhapur,Red,45,30,30,6.5,300,30,Pigeonpea,Urea,0.88,0.14,2.88,6.35,17.636,3.25,0.72,50.72,1733.1,53.57,1.4995,1.4995,0.9997,-0.8269,High,7,Kharif
Pune,Dark Brown,30,30,20,6.0,700,20,Pigeonpea,MOP,0.41,0.408,0.46,1.32,2.802,0.53,0.374,6.746,861.6,75.22,0.9997,1.4993,1.4993,-0.1876,Medium,5,Kharif
Solapur,Red,35,30,25,7.0,600,35,Pigeonpea,MOP,0.45,0.32,0.16,1.56,1.56,0.58,0.5,7.05,481.1,70.24,1.1663,1.3994,1.1995,0.2471,Medium,5,Kharif
Sangli,Reddish Brown,35,50,30,7.0,800,35,Pigeonpea,Urea,0.583,0.24,0.973,3.16,6.06,2.88,0.62,10.75,514.5,80.58,0.6999,1.1663,1.6661,0.5549,Medium,5,Kharif
Sangli,Reddish Brown,40,50,20,6.0,600,25,Pigeonpea,SSP,0.583,0.24,0.973,3.16,6.06,2.88,0.62,10.75,514.5,68.27,0.7998,1.999,2.4988,0.1662,Medium,6,Kharif
Pune,Dark Brown,25,35,15,6.5,800,25,Pigeonpea,MOP,0.41,0.408,0.46,1.32,2.802,0.53,0.374,6.746,861.6,80.68,0.7141,1.6656,2.3318,-0.0715,Medium,5,Kharif
Kolhapur,Red,50,30,30,6.5,300,30,Pigeonpea,Urea,0.88,0.14,2.88,6.35,17.636,3.25,0.72,50.72,1733.1,56.98,1.6661,1.6661,0.9997,-0.8269,High,7,Kharif
Kolhapur,Red,45,25,30,6.0,300,25,Pigeonpea,MOP,0.88,0.14,2.88,6.35,17.636,3.25,0.72,50.72,1733.1,54.22,1.7993,1.4995,0.8331,-0.8269,High,7,Kharif
Sangli,Reddish Brown,30,40,25,6.5,700,30,Pigeonpea,SSP,0.583,0.24,0.973,3.16,6.06,2.88,0.62,10.75,514.5,70.05,0.7498,1.1995,1.5994,0.3605,Medium,5,Kharif
Kolhapur,Red,40,25,25,6.0,400,25,Pigeonpea,Urea,0.88,0.14,2.88,6.35,17.636,3.25,0.72,50.72,1733.1,57.58,1.5994,1.5994,0.9996,-0.7692,High,7,Kharif
Kolhapur,Red,50,30,20,6.5,400,30,Pigeonpea,MOP,0.88,0.14,2.88,6.35,17.636,3.25,0.72,50.72,1733.1,59.87,1.6661,2.4988,1.4993,-0.7692,High,7,Kharif
Solapur,Red,40,20,25,6.0,600,25,Pigeonpea,MOP,0.45,0.32,0.16,1.56,1.56,0.58,0.5,7.05,481.1,68.61,1.999,1.5994,0.7997,0.2471,Medium,5,Kharif
Sangli,Reddish Brown,30,55,20,6.0,600,25,Pigeonpea,Urea,0.583,0.24,0.973,3.16,6.06,2.88,0.62,10.75,514.5,67.8,0.5454,1.4993,2.7486,0.1662,Medium,5,Kharif
Sangli,Reddish Brown,40,45,30,7.0,800,35,Pigeonpea,SSP,0.583,0.24,0.973,3.16,6.06,2.88,0.62,10.75,514.5,77.36,0.8887,1.3329,1.4995,0.5549,Medium,6,Kharif
Kolhapur,Red,40,30,30,6.5,300,30,Pigeonpea,Urea,0.88,0.14,2.88,6.35,17.636,3.25,0.72,50.72,1733.1,56.44,1.3329,1.3329,0.9997,-0.8269,High,7,Kharif
Sangli,Reddish Brown,30,45,20,6.0,600,25,Pigeonpea,MOP,0.583,0.24,0.973,3.16,6.06,2.88,0.62,10.75,514.5,72.73,0.6665,1.4993,2.2489,0.1662,Medium,5,Kharif
Pune,Dark Brown,20,30,15,6.0,700,20,Pigeonpea,Urea,0.41,0.408,0.46,1.32,2.802,0.53,0.374,6.746,861.6,76.62,0.6664,1.3324,1.9987,-0.1876,Medium,5,Kharif
Sangli,Reddish Brown,35,50,20,6.0,600,25,Pigeonpea,SSP,0.583,0.24,0.973,3.16,6.06,2.88,0.62,10.75,514.5,70.72,0.6999,1.7491,2.4988,0.1662,Medium,5,Kharif
Satara,Red,50,30,25,6.5,700,25,Pigeonpea,SSP,0.295,0.25,0.073,3.96,6.2,2.4,0.793,4.178,886.2,71.8,1.6661,1.9992,1.1995,-0.2101,Low,5,Kharif
Satara,Red,60,35,25,6.5,700,30,Pigeonpea,Urea,0.295,0.25,0.073,3.96,6.2,2.4,0.793,4.178,886.2,74.35,1.7138,2.399,1.3994,-0.2101,Low,5,Kharif
Sangli,Reddish Brown,30,50,25,6.5,700,30,Pigeonpea,MOP,0.583,0.24,0.973,3.16,6.06,2.88,0.62,10.75,514.5,71.75,0.5999,1.1995,1.9992,0.3605,Medium,5,Kharif
Satara,Red,55,30,20,6.0,600,25,Pigeonpea,Urea,0.295,0.25,0.073,3.96,6.2,2.4,0.793,4.178,886.2,67.52,1.8327,2.7486,1.4993,-0.323,Low,5,Kharif
Sangli,Reddish Brown,35,50,25,6.5,700,30,Pigeonpea,MOP,0.583,0.24,0.973,3.16,6.06,2.88,0.62,10.75,514.5,74.49,0.6999,1.3994,1.9992,0.3605,Medium,5,Kharif
Satara,Red,55,40,25,6.5,700,35,Pigeonpea,SSP,0.295,0.25,0.073,3.96,6.2,2.4,0.793,4.178,886.2,73.46,1.3747,2.1991,1.5994,-0.2101,Low,5,Kharif
Pune,Dark Brown,30,35,15,6.5,800,25,Pigeonpea,MOP,0.41,0.408,0.46,1.32,2.802,0.53,0.374,6.746,861.6,81.78,0.8569,1.9987,2.3318,-0.0715,Medium,5,Kharif
Sangli,Reddish Brown,35,40,30,7.0,800,35,Pigeonpea,MOP,0.583,0.24,0.973,3.16,6.06,2.88,0.62,10.75,514.5,79.14,0.8748,1.1663,1.3329,0.5549,Medium,5,Kharif
Pune,Dark Brown,20,35,20,6.5,800,25,Pigeonpea,Urea,0.41,0.408,0.46,1.32,2.802,0.53,0.374,6.746,861.6,83.6,0.5713,0.9995,1.7491,-0.0715,Medium,5,Kharif
Solapur,Red,40,25,20,6.5,500,30,Pigeonpea,MOP,0.45,0.32,0.16,1.56,1.56,0.58,0.5,7.05,481.1,64.3,1.5994,1.999,1.2494,0.0393,Medium,6,Kharif
Satara,Red,55,35,20,6.0,600,30,Pigeonpea,SSP,0.295,0.25,0.073,3.96,6.2,2.4,0.793,4.178,886.2,68.65,1.571,2.7486,1.7491,-0.323,Low,5,Kharif
Sangli,Reddish Brown,30,60,20,6.0,600,25,Pigeonpea,MOP,0.583,0.24,0.973,3.16,6.06,2.88,0.62,10.75,514.5,68.45,0.4999,1.4993,2.9985,0.1662,Medium,5,Kharif
Satara,Red,50,35,25,6.5,700,30,Pigeonpea,Urea,0.295,0.25,0.073,3.96,6.2,2.4,0.793,4.178,886.2,74.33,1.4282,1.9992,1.3994,-0.2101,Low,5,Kharif
Sangli,Reddish Brown,35,55,30,7.0,800,35,Pigeonpea,MOP,0.583,0.24,0.973,3.16,6.06,2.88,0.62,10.75,514.5,76.9,0.6362,1.1663,1.8327,0.5549,Medium,5,Kharif
Sangli,Reddish Brown,40,60,30,7.0,800,35,Pigeonpea,SSP,0.583,0.24,0.973,3.16,6.06,2.88,0.62,10.75,514.5,72.59,0.6666,1.3329,1.9993,0.5549,Medium,6,Kharif
Satara,Red,50,35,20,6.0,600,30,Pigeonpea,SSP,0.295,0.25,0.073,3.96,6.2,2.4,0.793,4.178,886.2,65.71,1.4282,2.4988,1.7491,-0.323,Low,5,Kharif
Sangli,Reddish Brown,30,60,25,6.5,700,30,Pigeonpea,Urea,0.583,0.24,0.973,3.16,6.06,2.88,0.62,10.75,514.5,74.71,0.4999,1.1995,2.399,0.3605,Medium,5,Kharif
Solapur,Red,40,25,25,6.5,600,30,Pigeonpea,Urea,0.45,0.32,0.16,1.56,1.56,0.58,0.5,7.05,481.1,71.12,1.5994,1.5994,0.9996,0.2471,Medium,6,Kharif
Pune,Dark Brown,25,30,20,6.0,700,20,Pigeonpea,MOP,0.41,0.408,0.46,1.32,2.802,0.53,0.374,6.746,861.6,75.78,0.8331,1.2494,1.4993,-0.1876,Medium,5,Kharif
Satara,Red,60,35,20,6.0,600,30,Pigeonpea,SSP,0.295,0.25,0.073,3.96,6.2,2.4,0.793,4.178,886.2,72.32,1.7138,2.9985,1.7491,-0.323,Low,5,Kharif
Pune,Black,120,55,60,6.0,800,35,Rice,50:26:26 NPK,0.41,0.408,0.46,1.32,2.802,0.53,0.374,6.746,861.6,79.92,2.1814,1.9997,0.9165,-0.0715,Medium,7,Kharif
Kolhapur,Medium Brown,20,20,20,5.5,1000,30,Rice,Urea,0.88,0.14,2.88,6.35,17.636,3.25,0.72,50.72,1733.1,88.15,0.9995,0.9995,0.9995,-0.423,High,4,Kharif
Satara,Red,80,50,50,7.0,1200,35,Rice,Urea,0.295,0.25,0.073,3.96,6.2,2.4,0.793,4.178,886.2,95.0,1.5997,1.5997,0.9998,0.3541,Low,6,Kharif
Satara,Red,95,50,50,7.0,1200,35,Rice,Urea,0.295,0.25,0.073,3.96,6.2,2.4,0.793,4.178,886.2,94.14,1.8996,1.8996,0.9998,0.3541,Low,6,Kharif
Kolhapur,Medium Brown,30,25,40,6.5,700,25,Rice,50:26:26 NPK,0.88,0.14,2.88,6.35,17.636,3.25,0.72,50.72,1733.1,76.39,1.1995,0.7498,0.6248,-0.5961,High,6,Kharif
Satara,Red,110,50,50,7.0,1200,35,Rice,Urea,0.295,0.25,0.073,3.96,6.2,2.4,0.793,4.178,886.2,95.0,2.1996,2.1996,0.9998,0.3541,Low,6,Kharif
Satara,Red,120,40,45,6.5,1500,35,Rice,50:26:26 NPK,0.295,0.25,0.073,3.96,6.2,2.4,0.793,4.178,886.2,94.28,2.9993,2.6661,0.8887,0.6926,Low,6,Kharif
Satara,Red,85,45,60,6.0,1400,30,Rice,50:26:26 NPK,0.295,0.25,0.073,3.96,6.2,2.4,0.793,4.178,886.2,95.0,1.8885,1.4164,0.7499,0.5798,Low,6,Kharif
Satara,Red,115,50,45,7.0,1400,30,Rice,Urea,0.295,0.25,0.073,3.96,6.2,2.4,0.793,4.178,886.2,95.0,2.2995,2.555,1.1109,0.5798,Low,6,Kharif
Satara,Red,115,40,40,6.0,1000,25,Rice,Urea,0.295,0.25,0.073,3.96,6.2,2.4,0.793,4.178,886.2,88.33,2.8743,2.8743,0.9998,0.1284,Low,6,Kharif
Satara,Red,80,60,60,6.0,1400,30,Rice,Urea,0.295,0.25,0.073,3.96,6.2,2.4,0.793,4.178,886.2,92.41,1.3331,1.3331,0.9998,0.5798,Low,6,Kharif
Satara,Red,115,55,40,6.5,1100,30,Rice,Urea,0.295,0.25,0.073,3.96,6.2,2.4,0.793,4.178,886.2,95.0,2.0905,2.8743,1.3747,0.2413,Low,6,Kharif
Pune,Black,105,50,60,5.5,700,35,Rice,Urea,0.41,0.408,0.46,1.32,2.802,0.53,0.374,6.746,861.6,71.73,2.0996,1.7497,0.8332,-0.1876,Medium,6,Kharif
Pune,Black,110,60,55,6.5,900,35,Rice,Urea,0.41,0.408,0.46,1.32,2.802,0.53,0.374,6.746,861.6,82.27,1.833,1.9996,1.0907,0.0446,Medium,7,Kharif
Pune,Black,100,55,60,6.0,800,35,Rice,50:26:26 NPK,0.41,0.408,0.46,1.32,2.802,0.53,0.374,6.746,861.6,75.96,1.8179,1.6664,0.9165,-0.0715,Medium,7,Kharif
Pune,Black,100,60,50,6.5,900,40,Rice,50:26:26 NPK,0.41,0.408,0.46,1.32,2.802,0.53,0.374,6.746,861.6,81.53,1.6664,1.9996,1.1998,0.0446,Medium,7,Kharif
Kolhapur,Medium Brown,30,20,25,6.0,800,30,Rice,Urea,0.88,0.14,2.88,6.35,17.636,3.25,0.72,50.72,1733.1,81.19,1.4993,1.1995,0.7997,-0.5384,High,5,Kharif
Satara,Red,120,50,60,6.0,1000,25,Rice,Urea,0.295,0.25,0.073,3.96,6.2,2.4,0.793,4.178,886.2,88.04,2.3995,1.9997,0.8332,0.1284,Low,6,Kharif
Satara,Red,120,55,40,6.5,1100,30,Rice,Urea,0.295,0.25,0.073,3.96,6.2,2.4,0.793,4.178,886.2,94.17,2.1814,2.9993,1.3747,0.2413,Low,6,Kharif
Satara,Red,95,60,45,7.0,1200,35,Rice,Urea,0.295,0.25,0.073,3.96,6.2,2.4,0.793,4.178,886.2,95.0,1.5831,2.1106,1.333,0.3541,Low,6,Kharif
Satara,Red,115,55,55,7.5,1300,25,Rice,Urea,0.295,0.25,0.073,3.96,6.2,2.4,0.793,4.178,886.2,94.62,2.0905,2.0905,0.9998,0.4669,Low,6,Kharif
Satara,Red,90,50,55,7.5,1100,30,Rice,50:26:26 NPK,0.295,0.25,0.073,3.96,6.2,2.4,0.793,4.178,886.2,90.06,1.7996,1.6361,0.9089,0.2413,Low,6,Kharif
Satara,Red,120,40,50,7.0,1400,30,Rice,Urea,0.295,0.25,0.073,3.96,6.2,2.4,0.793,4.178,886.2,95.0,2.9993,2.3995,0.7998,0.5798,Low,6,Kharif
Satara,Red,105,55,45,7.0,1000,25,Rice,50:26:26 NPK,0.295,0.25,0.073,3.96,6.2,2.4,0.793,4.178,886.2,91.78,1.9087,2.3328,1.222,0.1284,Low,6,Kharif
Satara,Red,85,60,60,6.0,1400,30,Rice,Urea,0.295,0.25,0.073,3.96,6.2,2.4,0.793,4.178,886.2,93.09,1.4164,1.4164,0.9998,0.5798,Low,6,Kharif
Satara,Red,120,60,45,7.0,1200,35,Rice,Urea,0.295,0.25,0.073,3.96,6.2,2.4,0.793,4.178,886.2,93.0,1.9997,2.6661,1.333,0.3541,Low,6,Kharif
Satara,Red,90,55,60,6.0,1200,35,Rice,50:26:26 NPK,0.295,0.25,0.073,3.96,6.2,2.4,0.793,4.178,886.2,95.0,1.6361,1.4998,0.9165,0.3541,Low,6,Kharif
Kolhapur,Medium Brown,25,25,30,6.5,1000,30,Rice,50:26:26 NPK,0.88,0.14,2.88,6.35,17.636,3.25,0.72,50.72,1733.1,88.95,0.9996,0.8331,0.8331,-0.423,High,6,Kharif
Pune,Black,100,60,60,6.5,900,35,Rice,Urea,0.41,0.408,0.46,1.32,2.802,0.53,0.374,6.746,861.6,84.86,1.6664,1.6664,0.9998,0.0446,Medium,7,Kharif
Satara,Red,105,55,50,7.5,1500,35,Rice,Urea,0.295,0.25,0.073,3.96,6.2,2.4,0.793,4.178,886.2,95.0,1.9087,2.0996,1.0998,0.6926,Low,6,Kharif
Satara,Red,110,50,55,7.5,1100,30,Rice,50:26:26 NPK,0.295,0.25,0.073,3.96,6.2,2.4,0.793,4.178,886.2,94.03,2.1996,1.9996,0.9089,0.2413,Low,6,Kharif
Kolhapur,Medium Brown,20,20,25,6.0,800,30,Rice,Urea,0.88,0.14,2.88,6.35,17.636,3.25,0.72,50.72,1733.1,78.75,0.9995,0.7997,0.7997,-0.5384,High,5,Kharif
Satara,Red,115,60,60,6.0,1400,30,Rice,Urea,0.295,0.25,0.073,3.96,6.2,2.4,0.793,4.178,886.2,92.5,1.9163,1.9163,0.9998,0.5798,Low,6,Kharif
Satara,Red,100,60,55,6.0,1000,20,Rice,Urea,0.295,0.25,0.073,3.96,6.2,2.4,0.793,4.178,886.2,89.15,1.6664,1.8179,1.0907,0.1284,Low,6,Kharif
Satara,Red,80,45,50,7.0,1000,25,Rice,50:26:26 NPK,0.295,0.25,0.073,3.96,6.2,2.4,0.793,4.178,886.2,88.7,1.7774,1.5997,0.8998,0.1284,Low,6,Kharif
Satara,Red,120,45,50,7.0,1000,25,Rice,50:26:26 NPK,0.295,0.25,0.073,3.96,6.2,2.4,0.793,4.178,886.2,92.02,2.6661,2.3995,0.8998,0.1284,Low,6,Kharif
Satara,Red,110,40,40,6.0,1000,25,Rice,Urea,0.295,0.25,0.073,3.96,6.2,2.4,0.793,4.178,886.2,90.3,2.7493,2.7493,0.9998,0.1284,Low,6,Kharif
Kolhapur,Medium Brown,35,25,35,6.5,800,30,Rice,Urea,0.88,0.14,2.88,6.35,17.636,3.25,0.72,50.72,1733.1,82.34,1.3994,0.9997,0.7141,-0.5384,High,6,Kharif
Satara,Red,105,50,40,6.5,1500,35,Rice,50:26:26 NPK,0.295,0.25,0.073,3.96,6.2,2.4,0.793,4.178,886.2,95.0,2.0996,2.6243,1.2497,0.6926,Low,6,Kharif
Satara,Red,120,55,60,6.0,1200,35,Rice,50:26:26 NPK,0.295,0.25,0.073,3.96,6.2,2.4,0.793,4.178,886.2,92.34,2.1814,1.9997,0.9165,0.3541,Low,6,Kharif
Satara,Red,95,40,40,6.0,1000,25,Rice,Urea,0.295,0.25,0.073,3.96,6.2,2.4,0.793,4.178,886.2,91.97,2.3744,2.3744,0.9998,0.1284,Low,6,Kharif
Kolhapur,Medium Brown,25,25,40,6.5,700,25,Rice,50:26:26 NPK,0.88,0.14,2.88,6.35,17.636,3.25,0.72,50.72,1733.1,74.54,0.9996,0.6248,0.6248,-0.5961,High,6,Kharif
Satara,Red,105,40,55,7.5,1300,25,Rice,50:26:26 NPK,0.295,0.25,0.073,3.96,6.2,2.4,0.793,4.178,886.2,94.63,2.6243,1.9087,0.7271,0.4669,Low,6,Kharif
Satara,Red,105,50,45,7.0,1400,30,Rice,Urea,0.295,0.25,0.073,3.96,6.2,2.4,0.793,4.178,886.2,94.69,2.0996,2.3328,1.1109,0.5798,Low,6,Kharif
Pune,Black,115,50,60,5.5,700,35,Rice,Urea,0.41,0.408,0.46,1.32,2.802,0.53,0.374,6.746,861.6,73.59,2.2995,1.9163,0.8332,-0.1876,Medium,6,Kharif
Satara,Red,100,50,40,6.5,1500,35,Rice,50:26:26 NPK,0.295,0.25,0.073,3.96,6.2,2.4,0.793,4.178,886.2,94.99,1.9996,2.4994,1.2497,0.6926,Low,6,Kharif
Satara,Red,115,40,60,6.0,1200,35,Rice,Urea,0.295,0.25,0.073,3.96,6.2,2.4,0.793,4.178,886.2,95.0,2.8743,1.9163,0.6666,0.3541,Low,6,Kharif
Kolhapur,Medium Brown,25,15,25,6.5,900,25,Rice,Urea,0.88,0.14,2.88,6.35,17.636,3.25,0.72,50.72,1733.1,88.06,1.6656,0.9996,0.5998,-0.4807,High,5,Kharif
Pune,Black,110,55,60,6.0,800,35,Rice,50:26:26 NPK,0.41,0.408,0.46,1.32,2.802,0.53,0.374,6.746,861.6,80.92,1.9996,1.833,0.9165,-0.0715,Medium,7,Kharif
Satara,Red,90,60,60,6.0,1400,30,Rice,Urea,0.295,0.25,0.073,3.96,6.2,2.4,0.793,4.178,886.2,95.0,1.4998,1.4998,0.9998,0.5798,Low,6,Kharif
Satara,Red,95,55,60,6.0,1200,35,Rice,50:26:26 NPK,0.295,0.25,0.073,3.96,6.2,2.4,0.793,4.178,886.2,95.0,1.727,1.5831,0.9165,0.3541,Low,6,Kharif
Satara,Red,90,50,45,7.0,1400,30,Rice,Urea,0.295,0.25,0.073,3.96,6.2,2.4,0.793,4.178,886.2,91.59,1.7996,1.9996,1.1109,0.5798,Low,6,Kharif
Satara,Red,115,45,55,7.5,1500,35,Rice,Urea,0.295,0.25,0.073,3.96,6.2,2.4,0.793,4.178,886.2,95.0,2.555,2.0905,0.818,0.6926,Low,6,Kharif
Satara,Red,80,40,45,6.5,1500,35,Rice,50:26:26 NPK,0.295,0.25,0.073,3.96,6.2,2.4,0.793,4.178,886.2,95.0,1.9995,1.7774,0.8887,0.6926,Low,6,Kharif
Satara,Red,115,40,55,7.5,1300,25,Rice,50:26:26 NPK,0.295,0.25,0.073,3.96,6.2,2.4,0.793,4.178,886.2,95.0,2.8743,2.0905,0.7271,0.4669,Low,6,Kharif
Satara,Red,90,45,40,6.5,1300,25,Rice,Urea,0.295,0.25,0.073,3.96,6.2,2.4,0.793,4.178,886.2,91.45,1.9996,2.2494,1.1247,0.4669,Low,6,Kharif
Pune,Black,110,55,50,6.0,800,40,Rice,Urea,0.41,0.408,0.46,1.32,2.802,0.53,0.374,6.746,861.6,75.59,1.9996,2.1996,1.0998,-0.0715,Medium,7,Kharif
Satara,Red,110,50,40,6.5,1500,35,Rice,50:26:26 NPK,0.295,0.25,0.073,3.96,6.2,2.4,0.793,4.178,886.2,92.82,2.1996,2.7493,1.2497,0.6926,Low,6,Kharif
Satara,Red,95,50,40,6.5,1500,35,Rice,50:26:26 NPK,0.295,0.25,0.073,3.96,6.2,2.4,0.793,4.178,886.2,95.0,1.8996,2.3744,1.2497,0.6926,Low,6,Kharif
Satara,Red,80,60,50,7.5,1100,30,Rice,50:26:26 NPK,0.295,0.25,0.073,3.96,6.2,2.4,0.793,4.178,886.2,94.01,1.3331,1.5997,1.1998,0.2413,Low,6,Kharif
Satara,Red,105,40,60,6.0,1200,35,Rice,Urea,0.295,0.25,0.073,3.96,6.2,2.4,0.793,4.178,886.2,95.0,2.6243,1.7497,0.6666,0.3541,Low,6,Kharif
Satara,Red,90,55,40,6.5,1100,30,Rice,Urea,0.295,0.25,0.073,3.96,6.2,2.4,0.793,4.178,886.2,95.0,1.6361,2.2494,1.3747,0.2413,Low,6,Kharif
Satara,Red,110,60,40,6.5,1300,25,Rice,50:26:26 NPK,0.295,0.25,0.073,3.96,6.2,2.4,0.793,4.178,886.2,92.5,1.833,2.7493,1.4996,0.4669,Low,6,Kharif
Satara,Red,115,50,55,7.5,1100,30,Rice,50:26:26 NPK,0.295,0.25,0.073,3.96,6.2,2.4,0.793,4.178,886.2,92.09,2.2995,2.0905,0.9089,0.2413,Low,6,Kharif
Satara,Red,85,55,50,7.5,1500,35,Rice,Urea,0.295,0.25,0.073,3.96,6.2,2.4,0.793,4.178,886.2,95.0,1.5452,1.6997,1.0998,0.6926,Low,6,Kharif
Satara,Red,110,45,40,6.5,1300,25,Rice,Urea,0.295,0.25,0.073,3.96,6.2,2.4,0.793,4.178,886.2,91.96,2.4439,2.7493,1.1247,0.4669,Low,6,Kharif
Satara,Red,85,55,45,7.0,1000,25,Rice,50:26:26 NPK,0.295,0.25,0.073,3.96,6.2,2.4,0.793,4.178,886.2,89.41,1.5452,1.8885,1.222,0.1284,Low,6,Kharif
Satara,Red,95,60,60,6.0,1400,30,Rice,Urea,0.295,0.25,0.073,3.96,6.2,2.4,0.793,4.178,886.2,95.0,1.5831,1.5831,0.9998,0.5798,Low,6,Kharif
Satara,Red,80,50,60,6.0,1000,25,Rice,Urea,0.295,0.25,0.073,3.96,6.2,2.4,0.793,4.178,886.2,87.83,1.5997,1.3331,0.8332,0.1284,Low,6,Kharif
Satara,Red,90,50,50,7.0,1200,35,Rice,Urea,0.295,0.25,0.073,3.96,6.2,2.4,0.793,4.178,886.2,94.47,1.7996,1.7996,0.9998,0.3541,Low,6,Kharif
Satara,Red,115,55,60,6.0,1200,35,Rice,50:26:26 NPK,0.295,0.25,0.073,3.96,6.2,2.4,0.793,4.178,886.2,93.2,2.0905,1.9163,0.9165,0.3541,Low,6,Kharif
Kolhapur,Medium Brown,20,15,25,6.5,900,25,Rice,Urea,0.88,0.14,2.88,6.35,17.636,3.25,0.72,50.72,1733.1,81.62,1.3324,0.7997,0.5998,-0.4807,High,5,Kharif
Satara,Red,120,40,55,7.5,1300,25,Rice,50:26:26 NPK,0.295,0.25,0.073,3.96,6.2,2.4,0.793,4.178,886.2,94.36,2.9993,2.1814,0.7271,0.4669,Low,6,Kharif
Kolhapur,Medium Brown,25,20,40,6.0,900,25,Rice,50:26:26 NPK,0.88,0.14,2.88,6.35,17.636,3.25,0.72,50.72,1733.1,90.15,1.2494,0.6248,0.4999,-0.4807,High,5,Kharif
Kolhapur,Medium Brown,30,20,35,6.0,1000,30,Rice,50:26:26 NPK,0.88,0.14,2.88,6.35,17.636,3.25,0.72,50.72,1733.1,83.61,1.4993,0.8569,0.5713,-0.423,High,5,Kharif
Satara,Red,115,60,55,6.0,1000,20,Rice,Urea,0.295,0.25,0.073,3.96,6.2,2.4,0.793,4.178,886.2,87.31,1.9163,2.0905,1.0907,0.1284,Low,6,Kharif
Satara,Red,120,45,45,6.5,1100,30,Rice,Urea,0.295,0.25,0.073,3.96,6.2,2.4,0.793,4.178,886.2,89.58,2.6661,2.6661,0.9998,0.2413,Low,6,Kharif
Satara,Red,85,50,60,6.0,1000,25,Rice,Urea,0.295,0.25,0.073,3.96,6.2,2.4,0.793,4.178,886.2,91.36,1.6997,1.4164,0.8332,0.1284,Low,6,Kharif
Satara,Red,90,45,55,7.5,1500,35,Rice,Urea,0.295,0.25,0.073,3.96,6.2,2.4,0.793,4.178,886.2,93.99,1.9996,1.6361,0.818,0.6926,Low,6,Kharif
Satara,Red,115,55,45,7.0,1000,25,Rice,50:26:26 NPK,0.295,0.25,0.073,3.96,6.2,2.4,0.793,4.178,886.2,91.0,2.0905,2.555,1.222,0.1284,Low,6,Kharif
Pune,Black,115,60,60,6.5,900,35,Rice,Urea,0.41,0.408,0.46,1.32,2.802,0.53,0.374,6.746,861.6,88.63,1.9163,1.9163,0.9998,0.0446,Medium,7,Kharif
Satara,Red,90,55,45,7.0,1000,25,Rice,50:26:26 NPK,0.295,0.25,0.073,3.96,6.2,2.4,0.793,4.178,886.2,89.86,1.6361,1.9996,1.222,0.1284,Low,6,Kharif
Satara,Red,110,45,55,7.5,1500,35,Rice,Urea,0.295,0.25,0.073,3.96,6.2,2.4,0.793,4.178,886.2,93.65,2.4439,1.9996,0.818,0.6926,Low,6,Kharif
Satara,Red,90,60,45,7.0,1200,35,Rice,Urea,0.295,0.25,0.073,3.96,6.2,2.4,0.793,4.178,886.2,95.0,1.4998,1.9996,1.333,0.3541,Low,6,Kharif
Satara,Red,110,40,45,6.5,1500,35,Rice,50:26:26 NPK,0.295,0.25,0.073,3.96,6.2,2.4,0.793,4.178,886.2,95.0,2.7493,2.4439,0.8887,0.6926,Low,6,Kharif
Satara,Red,100,40,60,6.0,1200,35,Rice,Urea,0.295,0.25,0.073,3.96,6.2,2.4,0.793,4.178,886.2,95.0,2.4994,1.6664,0.6666,0.3541,Low,6,Kharif
Satara,Red,80,55,55,7.5,1300,25,Rice,Urea,0.295,0.25,0.073,3.96,6.2,2.4,0.793,4.178,886.2,95.0,1.4543,1.4543,0.9998,0.4669,Low,6,Kharif
Satara,Red,105,55,60,6.0,1200,35,Rice,50:26:26 NPK,0.295,0.25,0.073,3.96,6.2,2.4,0.793,4.178,886.2,95.0,1.9087,1.7497,0.9165,0.3541,Low,6,Kharif
Satara,Red,115,60,45,7.0,1200,35,Rice,Urea,0.295,0.25,0.073,3.96,6.2,2.4,0.793,4.178,886.2,95.0,1.9163,2.555,1.333,0.3541,Low,6,Kharif
Satara,Red,100,55,50,7.5,1500,35,Rice,Urea,0.295,0.25,0.073,3.96,6.2,2.4,0.793,4.178,886.2,94.17,1.8179,1.9996,1.0998,0.6926,Low,6,Kharif
Kolhapur,Medium Brown,30,30,40,5.5,900,25,Rice,Urea,0.88,0.14,2.88,6.35,17.636,3.25,0.72,50.72,1733.1,81.99,0.9997,0.7498,0.7498,-0.4807,High,5,Kharif
Satara,Red,120,45,55,7.5,1500,35,Rice,Urea,0.295,0.25,0.073,3.96,6.2,2.4,0.793,4.178,886.2,92.83,2.6661,2.1814,0.818,0.6926,Low,6,Kharif
Satara,Red,100,60,60,6.0,1400,30,Rice,Urea,0.295,0.25,0.073,3.96,6.2,2.4,0.793,4.178,886.2,95.0,1.6664,1.6664,0.9998,0.5798,Low,6,Kharif
Pune,Black,120,50,60,5.5,700,35,Rice,Urea,0.41,0.408,0.46,1.32,2.802,0.53,0.374,6.746,861.6,70.62,2.3995,1.9997,0.8332,-0.1876,Medium,6,Kharif
Pune,Black,115,55,60,6.0,800,35,Rice,50:26:26 NPK,0.41,0.408,0.46,1.32,2.802,0.53,0.374,6.746,861.6,78.9,2.0905,1.9163,0.9165,-0.0715,Medium,7,Kharif
Satara,Red,110,55,55,7.5,1300,25,Rice,Urea,0.295,0.25,0.073,3.96,6.2,2.4,0.793,4.178,886.2,95.0,1.9996,1.9996,0.9998,0.4669,Low,6,Kharif
Kolhapur,Medium Brown,25,25,35,6.5,800,30,Rice,Urea,0.88,0.14,2.88,6.35,17.636,3.25,0.72,50.72,1733.1,76.41,0.9996,0.7141,0.7141,-0.5384,High,6,Kharif
Kolhapur,Medium Brown,25,20,20,5.5,1000,30,Rice,Urea,0.88,0.14,2.88,6.35,17.636,3.25,0.72,50.72,1733.1,86.98,1.2494,1.2494,0.9995,-0.423,High,4,Kharif
Pune,Black,120,55,55,6.0,800,40,Rice,Urea,0.41,0.408,0.46,1.32,2.802,0.53,0.374,6.746,861.6,77.6,2.1814,2.1814,0.9998,-0.0715,Medium,7,Kharif
Satara,Red,85,50,45,7.0,1400,30,Rice,Urea,0.295,0.25,0.073,3.96,6.2,2.4,0.793,4.178,886.2,93.93,1.6997,1.8885,1.1109,0.5798,Low,6,Kharif
Satara,Red,100,45,50,7.0,1000,25,Rice,50:26:26 NPK,0.295,0.25,0.073,3.96,6.2,2.4,0.793,4.178,886.2,92.64,2.2217,1.9996,0.8998,0.1284,Low,6,Kharif
Satara,Red,90,55,55,7.5,1300,25,Rice,Urea,0.295,0.25,0.073,3.96,6.2,2.4,0.793,4.178,886.2,95.0,1.6361,1.6361,0.9998,0.4669,Low,6,Kharif
Satara,Red,95,50,45,7.0,1400,30,Rice,Urea,0.295,0.25,0.073,3.96,6.2,2.4,0.793,4.178,886.2,92.77,1.8996,2.1106,1.1109,0.5798,Low,6,Kharif
Kolhapur,Medium Brown,30,30,35,5.5,700,25,Rice,50:26:26 NPK,0.88,0.14,2.88,6.35,17.636,3.25,0.72,50.72,1733.1,73.91,0.9997,0.8569,0.8569,-0.5961,High,5,Kharif
Kolhapur,Medium Brown,30,25,35,6.5,800,30,Rice,Urea,0.88,0.14,2.88,6.35,17.636,3.25,0.72,50.72,1733.1,78.33,1.1995,0.8569,0.7141,-0.5384,High,6,Kharif
Satara,Red,115,45,45,6.5,1100,30,Rice,Urea,0.295,0.25,0.073,3.96,6.2,2.4,0.793,4.178,886.2,95.0,2.555,2.555,0.9998,0.2413,Low,6,Kharif
Satara,Red,115,50,60,6.0,1000,25,Rice,Urea,0.295,0.25,0.073,3.96,6.2,2.4,0.793,4.178,886.2,92.39,2.2995,1.9163,0.8332,0.1284,Low,6,Kharif
Pune,Black,120,60,60,6.5,900,35,Rice,Urea,0.41,0.408,0.46,1.32,2.802,0.53,0.374,6.746,861.6,82.79,1.9997,1.9997,0.9998,0.0446,Medium,7,Kharif
Satara,Red,85,55,55,7.5,1300,25,Rice,Urea,0.295,0.25,0.073,3.96,6.2,2.4,0.793,4.178,886.2,93.68,1.5452,1.5452,0.9998,0.4669,Low,6,Kharif
Satara,Red,80,55,60,6.0,1200,35,Rice,50:26:26 NPK,0.295,0.25,0.073,3.96,6.2,2.4,0.793,4.178,886.2,95.0,1.4543,1.3331,0.9165,0.3541,Low,6,Kharif
Satara,Red,95,55,55,7.5,1300,25,Rice,Urea,0.295,0.25,0.073,3.96,6.2,2.4,0.793,4.178,886.2,95.0,1.727,1.727,0.9998,0.4669,Low,6,Kharif
Kolhapur,Medium Brown,30,20,40,6.0,900,25,Rice,50:26:26 NPK,0.88,0.14,2.88,6.35,17.636,3.25,0.72,50.72,1733.1,85.12,1.4993,0.7498,0.4999,-0.4807,High,5,Kharif
Satara,Red,80,45,60,6.0,1400,30,Rice,50:26:26 NPK,0.295,0.25,0.073,3.96,6.2,2.4,0.793,4.178,886.2,95.0,1.7774,1.3331,0.7499,0.5798,Low,6,Kharif
Satara,Red,85,55,40,6.5,1100,30,Rice,Urea,0.295,0.25,0.073,3.96,6.2,2.4,0.793,4.178,886.2,94.92,1.5452,2.1245,1.3747,0.2413,Low,6,Kharif
Satara,Red,80,50,45,7.0,1400,30,Rice,Urea,0.295,0.25,0.073,3.96,6.2,2.4,0.793,4.178,886.2,95.0,1.5997,1.7774,1.1109,0.5798,Low,6,Kharif
Satara,Red,100,60,40,6.5,1300,25,Rice,50:26:26 NPK,0.295,0.25,0.073,3.96,6.2,2.4,0.793,4.178,886.2,92.1,1.6664,2.4994,1.4996,0.4669,Low,6,Kharif
Kolhapur,Medium Brown,25,30,40,5.5,900,25,Rice,Urea,0.88,0.14,2.88,6.35,17.636,3.25,0.72,50.72,1733.1,84.48,0.8331,0.6248,0.7498,-0.4807,High,5,Kharif
Satara,Red,95,60,55,6.0,1000,20,Rice,Urea,0.295,0.25,0.073,3.96,6.2,2.4,0.793,4.178,886.2,90.54,1.5831,1.727,1.0907,0.1284,Low,6,Kharif
Satara,Red,95,45,50,7.0,1000,25,Rice,50:26:26 NPK,0.295,0.25,0.073,3.96,6.2,2.4,0.793,4.178,886.2,88.7,2.1106,1.8996,0.8998,0.1284,Low,6,Kharif
Satara,Red,85,45,55,7.5,1500,35,Rice,Urea,0.295,0.25,0.073,3.96,6.2,2.4,0.793,4.178,886.2,95.0,1.8885,1.5452,0.818,0.6926,Low,6,Kharif
Satara,Red,95,40,50,7.0,1400,30,Rice,Urea,0.295,0.25,0.073,3.96,6.2,2.4,0.793,4.178,886.2,95.0,2.3744,1.8996,0.7998,0.5798,Low,6,Kharif
Satara,Red,90,40,45,6.5,1500,35,Rice,50:26:26 NPK,0.295,0.25,0.073,3.96,6.2,2.4,0.793,4.178,886.2,94.06,2.2494,1.9996,0.8887,0.6926,Low,6,Kharif
Satara,Red,105,60,55,6.0,1000,20,Rice,Urea,0.295,0.25,0.073,3.96,6.2,2.4,0.793,4.178,886.2,92.78,1.7497,1.9087,1.0907,0.1284,Low,6,Kharif
Satara,Red,105,50,60,6.0,1000,25,Rice,Urea,0.295,0.25,0.073,3.96,6.2,2.4,0.793,4.178,886.2,86.55,2.0996,1.7497,0.8332,0.1284,Low,6,Kharif
Satara,Red,105,60,40,6.5,1300,25,Rice,50:26:26 NPK,0.295,0.25,0.073,3.96,6.2,2.4,0.793,4.178,886.2,94.98,1.7497,2.6243,1.4996,0.4669,Low,6,Kharif
Satara,Red,110,60,55,6.0,1000,20,Rice,Urea,0.295,0.25,0.073,3.96,6.2,2.4,0.793,4.178,886.2,93.07,1.833,1.9996,1.0907,0.1284,Low,6,Kharif
Satara,Red,95,55,45,7.0,1000,25,Rice,50:26:26 NPK,0.295,0.25,0.073,3.96,6.2,2.4,0.793,4.178,886.2,86.96,1.727,2.1106,1.222,0.1284,Low,6,Kharif
Pune,Black,100,60,55,6.5,900,35,Rice,Urea,0.41,0.408,0.46,1.32,2.802,0.53,0.374,6.746,861.6,82.11,1.6664,1.8179,1.0907,0.0446,Medium,7,Kharif
Pune,Black,100,50,60,5.5,700,35,Rice,Urea,0.41,0.408,0.46,1.32,2.802,0.53,0.374,6.746,861.6,71.02,1.9996,1.6664,0.8332,-0.1876,Medium,6,Kharif
Satara,Red,85,40,55,7.5,1300,25,Rice,50:26:26 NPK,0.295,0.25,0.073,3.96,6.2,2.4,0.793,4.178,886.2,95.0,2.1245,1.5452,0.7271,0.4669,Low,6,Kharif
Satara,Red,85,50,40,6.5,1500,35,Rice,50:26:26 NPK,0.295,0.25,0.073,3.96,6.2,2.4,0.793,4.178,886.2,95.0,1.6997,2.1245,1.2497,0.6926,Low,6,Kharif
Satara,Red,120,60,50,7.5,1100,30,Rice,50:26:26 NPK,0.295,0.25,0.073,3.96,6.2,2.4,0.793,4.178,886.2,93.04,1.9997,2.3995,1.1998,0.2413,Low,6,Kharif
Pune,Black,115,60,50,6.5,900,40,Rice,50:26:26 NPK,0.41,0.408,0.46,1.32,2.802,0.53,0.374,6.746,861.6,80.1,1.9163,2.2995,1.1998,0.0446,Medium,7,Kharif
Satara,Red,80,40,50,7.0,1400,30,Rice,Urea,0.295,0.25,0.073,3.96,6.2,2.4,0.793,4.178,886.2,94.16,1.9995,1.5997,0.7998,0.5798,Low,6,Kharif
Kolhapur,Medium Brown,35,30,35,5.5,700,25,Rice,50:26:26 NPK,0.88,0.14,2.88,6.35,17.636,3.25,0.72,50.72,1733.1,74.93,1.1663,0.9997,0.8569,-0.5961,High,5,Kharif
Satara,Red,80,55,50,7.5,1500,35,Rice,Urea,0.295,0.25,0.073,3.96,6.2,2.4,0.793,4.178,886.2,95.0,1.4543,1.5997,1.0998,0.6926,Low,6,Kharif
Satara,Red,95,40,55,7.5,1300,25,Rice,50:26:26 NPK,0.295,0.25,0.073,3.96,6.2,2.4,0.793,4.178,886.2,95.0,2.3744,1.727,0.7271,0.4669,Low,6,Kharif
Satara,Red,105,45,55,7.5,1500,35,Rice,Urea,0.295,0.25,0.073,3.96,6.2,2.4,0.793,4.178,886.2,94.03,2.3328,1.9087,0.818,0.6926,Low,6,Kharif
Satara,Red,85,55,60,6.0,1200,35,Rice,50:26:26 NPK,0.295,0.25,0.073,3.96,6.2,2.4,0.793,4.178,886.2,95.0,1.5452,1.4164,0.9165,0.3541,Low,6,Kharif
Satara,Red,90,40,55,7.5,1300,25,Rice,50:26:26 NPK,0.295,0.25,0.073,3.96,6.2,2.4,0.793,4.178,886.2,95.0,2.2494,1.6361,0.7271,0.4669,Low,6,Kharif
Satara,Red,110,55,60,6.0,1200,35,Rice,50:26:26 NPK,0.295,0.25,0.073,3.96,6.2,2.4,0.793,4.178,886.2,95.0,1.9996,1.833,0.9165,0.3541,Low,6,Kharif
Pune,Black,105,55,60,6.0,800,35,Rice,50:26:26 NPK,0.41,0.408,0.46,1.32,2.802,0.53,0.374,6.746,861.6,78.41,1.9087,1.7497,0.9165,-0.0715,Medium,7,Kharif
Pune,Black,100,50,55,5.5,700,40,Rice,50:26:26 NPK,0.41,0.408,0.46,1.32,2.802,0.53,0.374,6.746,861.6,72.79,1.9996,1.8179,0.9089,-0.1876,Medium,6,Kharif
Satara,Red,120,50,45,7.0,1400,30,Rice,Urea,0.295,0.25,0.073,3.96,6.2,2.4,0.793,4.178,886.2,95.0,2.3995,2.6661,1.1109,0.5798,Low,6,Kharif
Satara,Red,90,45,60,6.0,1400,30,Rice,50:26:26 NPK,0.295,0.25,0.073,3.96,6.2,2.4,0.793,4.178,886.2,95.0,1.9996,1.4998,0.7499,0.5798,Low,6,Kharif
Satara,Red,105,45,40,6.5,1300,25,Rice,Urea,0.295,0.25,0.073,3.96,6.2,2.4,0.793,4.178,886.2,92.29,2.3328,2.6243,1.1247,0.4669,Low,6,Kharif
Kolhapur,Medium Brown,30,15,20,5.5,700,25,Rice,Urea,0.88,0.14,2.88,6.35,17.636,3.25,0.72,50.72,1733.1,73.02,1.9987,1.4993,0.7496,-0.5961,High,4,Kharif
Satara,Red,100,55,60,6.0,1200,35,Rice,50:26:26 NPK,0.295,0.25,0.073,3.96,6.2,2.4,0.793,4.178,886.2,91.87,1.8179,1.6664,0.9165,0.3541,Low,6,Kharif
Satara,Red,90,50,40,6.5,1500,35,Rice,50:26:26 NPK,0.295,0.25,0.073,3.96,6.2,2.4,0.793,4.178,886.2,95.0,1.7996,2.2494,1.2497,0.6926,Low,6,Kharif
Satara,Red,95,45,60,6.0,1400,30,Rice,50:26:26 NPK,0.295,0.25,0.073,3.96,6.2,2.4,0.793,4.178,886.2,95.0,2.1106,1.5831,0.7499,0.5798,Low,6,Kharif
Satara,Red,80,60,40,6.5,1300,25,Rice,50:26:26 NPK,0.295,0.25,0.073,3.96,6.2,2.4,0.793,4.178,886.2,94.62,1.3331,1.9995,1.4996,0.4669,Low,6,Kharif
Satara,Red,95,40,60,6.0,1200,35,Rice,Urea,0.295,0.25,0.073,3.96,6.2,2.4,0.793,4.178,886.2,95.0,2.3744,1.5831,0.6666,0.3541,Low,6,Kharif
Pune,Black,115,50,50,5.5,700,35,Rice,Urea,0.41,0.408,0.46,1.32,2.802,0.53,0.374,6.746,861.6,72.56,2.2995,2.2995,0.9998,-0.1876,Medium,6,Kharif
Satara,Red,115,60,40,6.5,1300,25,Rice,50:26:26 NPK,0.295,0.25,0.073,3.96,6.2,2.4,0.793,4.178,886.2,95.0,1.9163,2.8743,1.4996,0.4669,Low,6,Kharif
Satara,Red,120,55,55,7.5,1300,25,Rice,Urea,0.295,0.25,0.073,3.96,6.2,2.4,0.793,4.178,886.2,95.0,2.1814,2.1814,0.9998,0.4669,Low,6,Kharif
Kolhapur,Medium Brown,35,30,30,5.5,800,30,Rice,50:26:26 NPK,0.88,0.14,2.88,6.35,17.636,3.25,0.72,50.72,1733.1,76.79,1.1663,1.1663,0.9997,-0.5384,High,5,Kharif
Satara,Red,120,60,60,6.0,1400,30,Rice,Urea,0.295,0.25,0.073,3.96,6.2,2.4,0.793,4.178,886.2,95.0,1.9997,1.9997,0.9998,0.5798,Low,6,Kharif
Satara,Red,85,60,55,6.0,1000,20,Rice,Urea,0.295,0.25,0.073,3.96,6.2,2.4,0.793,4.178,886.2,91.07,1.4164,1.5452,1.0907,0.1284,Low,6,Kharif
Satara,Red,105,50,55,7.5,1100,30,Rice,50:26:26 NPK,0.295,0.25,0.073,3.96,6.2,2.4,0.793,4.178,886.2,95.0,2.0996,1.9087,0.9089,0.2413,Low,6,Kharif
Pune,Black,105,60,50,6.5,900,40,Rice,50:26:26 NPK,0.41,0.408,0.46,1.32,2.802,0.53,0.374,6.746,861.6,83.5,1.7497,2.0996,1.1998,0.0446,Medium,7,Kharif
Satara,Red,80,60,45,7.0,1200,35,Rice,Urea,0.295,0.25,0.073,3.96,6.2,2.4,0.793,4.178,886.2,93.38,1.3331,1.7774,1.333,0.3541,Low,6,Kharif
Satara,Red,100,40,50,7.0,1400,30,Rice,Urea,0.295,0.25,0.073,3.96,6.2,2.4,0.793,4.178,886.2,95.0,2.4994,1.9996,0.7998,0.5798,Low,6,Kharif
Pune,Black,115,50,55,5.5,700,40,Rice,50:26:26 NPK,0.41,0.408,0.46,1.32,2.802,0.53,0.374,6.746,861.6,72.92,2.2995,2.0905,0.9089,-0.1876,Medium,6,Kharif
Satara,Red,80,45,40,6.5,1300,25,Rice,Urea,0.295,0.25,0.073,3.96,6.2,2.4,0.793,4.178,886.2,94.26,1.7774,1.9995,1.1247,0.4669,Low,6,Kharif
Satara,Red,120,50,50,7.0,1200,35,Rice,Urea,0.295,0.25,0.073,3.96,6.2,2.4,0.793,4.178,886.2,92.27,2.3995,2.3995,0.9998,0.3541,Low,6,Kharif
Satara,Red,120,55,45,7.0,1000,25,Rice,50:26:26 NPK,0.295,0.25,0.073,3.96,6.2,2.4,0.793,4.178,886.2,90.1,2.1814,2.6661,1.222,0.1284,Low,6,Kharif
Satara,Red,85,40,45,6.5,1500,35,Rice,50:26:26 NPK,0.295,0.25,0.073,3.96,6.2,2.4,0.793,4.178,886.2,94.1,2.1245,1.8885,0.8887,0.6926,Low,6,Kharif
Satara,Red,110,40,60,6.0,1200,35,Rice,Urea,0.295,0.25,0.073,3.96,6.2,2.4,0.793,4.178,886.2,92.27,2.7493,1.833,0.6666,0.3541,Low,6,Kharif
Satara,Red,95,55,40,6.5,1100,30,Rice,Urea,0.295,0.25,0.073,3.96,6.2,2.4,0.793,4.178,886.2,93.5,1.727,2.3744,1.3747,0.2413,Low,6,Kharif
Kolhapur,Medium Brown,25,20,30,6.0,700,25,Rice,Urea,0.88,0.14,2.88,6.35,17.636,3.25,0.72,50.72,1733.1,76.65,1.2494,0.8331,0.6664,-0.5961,High,5,Kharif
Kolhapur,Medium Brown,35,25,30,6.5,1000,30,Rice,50:26:26 NPK,0.88,0.14,2.88,6.35,17.636,3.25,0.72,50.72,1733.1,88.71,1.3994,1.1663,0.8331,-0.423,High,6,Kharif
Kolhapur,Medium Brown,30,30,30,5.5,800,30,Rice,50:26:26 NPK,0.88,0.14,2.88,6.35,17.636,3.25,0.72,50.72,1733.1,78.46,0.9997,0.9997,0.9997,-0.5384,High,5,Kharif
Satara,Red,105,60,45,7.0,1200,35,Rice,Urea,0.295,0.25,0.073,3.96,6.2,2.4,0.793,4.178,886.2,95.0,1.7497,2.3328,1.333,0.3541,Low,6,Kharif
Satara,Red,100,45,55,7.5,1500,35,Rice,Urea,0.295,0.25,0.073,3.96,6.2,2.4,0.793,4.178,886.2,95.0,2.2217,1.8179,0.818,0.6926,Low,6,Kharif
Satara,Red,120,55,50,7.5,1500,35,Rice,Urea,0.295,0.25,0.073,3.96,6.2,2.4,0.793,4.178,886.2,95.0,2.1814,2.3995,1.0998,0.6926,Low,6,Kharif
Satara,Red,90,40,50,7.0,1400,30,Rice,Urea,0.295,0.25,0.073,3.96,6.2,2.4,0.793,4.178,886.2,95.0,2.2494,1.7996,0.7998,0.5798,Low,6,Kharif
Satara,Red,110,40,55,7.5,1300,25,Rice,50:26:26 NPK,0.295,0.25,0.073,3.96,6.2,2.4,0.793,4.178,886.2,95.0,2.7493,1.9996,0.7271,0.4669,Low,6,Kharif
Satara,Red,95,45,45,6.5,1100,30,Rice,Urea,0.295,0.25,0.073,3.96,6.2,2.4,0.793,4.178,886.2,94.01,2.1106,2.1106,0.9998,0.2413,Low,6,Kharif
Satara,Red,90,45,50,7.0,1000,25,Rice,50:26:26 NPK,0.295,0.25,0.073,3.96,6.2,2.4,0.793,4.178,886.2,89.64,1.9996,1.7996,0.8998,0.1284,Low,6,Kharif
Satara,Red,80,40,60,6.0,1200,35,Rice,Urea,0.295,0.25,0.073,3.96,6.2,2.4,0.793,4.178,886.2,93.27,1.9995,1.3331,0.6666,0.3541,Low,6,Kharif
Satara,Red,100,40,55,7.5,1300,25,Rice,50:26:26 NPK,0.295,0.25,0.073,3.96,6.2,2.4,0.793,4.178,886.2,95.0,2.4994,1.8179,0.7271,0.4669,Low,6,Kharif
Satara,Red,100,45,40,6.5,1300,25,Rice,Urea,0.295,0.25,0.073,3.96,6.2,2.4,0.793,4.178,886.2,92.94,2.2217,2.4994,1.1247,0.4669,Low,6,Kharif
Satara,Red,90,40,40,6.0,1000,25,Rice,Urea,0.295,0.25,0.073,3.96,6.2,2.4,0.793,4.178,886.2,90.93,2.2494,2.2494,0.9998,0.1284,Low,6,Kharif
Satara,Red,105,40,45,6.5,1500,35,Rice,50:26:26 NPK,0.295,0.25,0.073,3.96,6.2,2.4,0.793,4.178,886.2,94.87,2.6243,2.3328,0.8887,0.6926,Low,6,Kharif
Satara,Red,85,45,40,6.5,1300,25,Rice,Urea,0.295,0.25,0.073,3.96,6.2,2.4,0.793,4.178,886.2,95.0,1.8885,2.1245,1.1247,0.4669,Low,6,Kharif
Satara,Red,115,40,50,7.0,1400,30,Rice,Urea,0.295,0.25,0.073,3.96,6.2,2.4,0.793,4.178,886.2,95.0,2.8743,2.2995,0.7998,0.5798,Low,6,Kharif
Kolhapur,Medium Brown,35,25,40,6.5,700,25,Rice,50:26:26 NPK,0.88,0.14,2.88,6.35,17.636,3.25,0.72,50.72,1733.1,78.7,1.3994,0.8748,0.6248,-0.5961,High,6,Kharif
Pune,Black,115,55,50,6.0,800,40,Rice,Urea,0.41,0.408,0.46,1.32,2.802,0.53,0.374,6.746,861.6,73.92,2.0905,2.2995,1.0998,-0.0715,Medium,7,Kharif
Satara,Red,95,45,55,7.5,1500,35,Rice,Urea,0.295,0.25,0.073,3.96,6.2,2.4,0.793,4.178,886.2,94.84,2.1106,1.727,0.818,0.6926,Low,6,Kharif
Satara,Red,85,60,50,7.5,1100,30,Rice,50:26:26 NPK,0.295,0.25,0.073,3.96,6.2,2.4,0.793,4.178,886.2,92.68,1.4164,1.6997,1.1998,0.2413,Low,6,Kharif
Kolhapur,Medium Brown,20,15,20,5.5,700,25,Rice,Urea,0.88,0.14,2.88,6.35,17.636,3.25,0.72,50.72,1733.1,78.19,1.3324,0.9995,0.7496,-0.5961,High,4,Kharif
Pune,Black,110,60,50,6.5,900,40,Rice,50:26:26 NPK,0.41,0.408,0.46,1.32,2.802,0.53,0.374,6.746,861.6,82.56,1.833,2.1996,1.1998,0.0446,Medium,7,Kharif
Pune,Black,105,50,55,5.5,700,40,Rice,50:26:26 NPK,0.41,0.408,0.46,1.32,2.802,0.53,0.374,6.746,861.6,70.52,2.0996,1.9087,0.9089,-0.1876,Medium,6,Kharif
Satara,Red,115,45,50,7.0,1000,25,Rice,50:26:26 NPK,0.295,0.25,0.073,3.96,6.2,2.4,0.793,4.178,886.2,86.27,2.555,2.2995,0.8998,0.1284,Low,6,Kharif
Satara,Red,80,50,40,6.5,1500,35,Rice,50:26:26 NPK,0.295,0.25,0.073,3.96,6.2,2.4,0.793,4.178,886.2,95.0,1.5997,1.9995,1.2497,0.6926,Low,6,Kharif
Pune,Black,105,50,50,5.5,700,35,Rice,Urea,0.41,0.408,0.46,1.32,2.802,0.53,0.374,6.746,861.6,74.91,2.0996,2.0996,0.9998,-0.1876,Medium,6,Kharif
Satara,Red,85,50,55,7.5,1100,30,Rice,50:26:26 NPK,0.295,0.25,0.073,3.96,6.2,2.4,0.793,4.178,886.2,95.0,1.6997,1.5452,0.9089,0.2413,Low,6,Kharif
Satara,Red,110,60,45,7.0,1200,35,Rice,Urea,0.295,0.25,0.073,3.96,6.2,2.4,0.793,4.178,886.2,91.99,1.833,2.4439,1.333,0.3541,Low,6,Kharif
Satara,Red,105,45,50,7.0,1000,25,Rice,50:26:26 NPK,0.295,0.25,0.073,3.96,6.2,2.4,0.793,4.178,886.2,92.84,2.3328,2.0996,0.8998,0.1284,Low,6,Kharif
Kolhapur,Medium Brown,25,30,35,5.5,700,25,Rice,50:26:26 NPK,0.88,0.14,2.88,6.35,17.636,3.25,0.72,50.72,1733.1,73.85,0.8331,0.7141,0.8569,-0.5961,High,5,Kharif
Satara,Red,100,50,50,7.0,1200,35,Rice,Urea,0.295,0.25,0.073,3.96,6.2,2.4,0.793,4.178,886.2,95.0,1.9996,1.9996,0.9998,0.3541,Low,6,Kharif
Satara,Red,95,50,60,6.0,1000,25,Rice,Urea,0.295,0.25,0.073,3.96,6.2,2.4,0.793,4.178,886.2,91.33,1.8996,1.5831,0.8332,0.1284,Low,6,Kharif
Satara,Red,95,55,50,7.5,1500,35,Rice,Urea,0.295,0.25,0.073,3.96,6.2,2.4,0.793,4.178,886.2,92.35,1.727,1.8996,1.0998,0.6926,Low,6,Kharif
Satara,Red,95,60,50,7.5,1100,30,Rice,50:26:26 NPK,0.295,0.25,0.073,3.96,6.2,2.4,0.793,4.178,886.2,94.84,1.5831,1.8996,1.1998,0.2413,Low,6,Kharif
Satara,Red,80,60,55,6.0,1000,20,Rice,Urea,0.295,0.25,0.073,3.96,6.2,2.4,0.793,4.178,886.2,90.9,1.3331,1.4543,1.0907,0.1284,Low,6,Kharif
Kolhapur,Medium Brown,30,20,20,5.5,1000,30,Rice,Urea,0.88,0.14,2.88,6.35,17.636,3.25,0.72,50.72,1733.1,85.69,1.4993,1.4993,0.9995,-0.423,High,4,Kharif
Pune,Black,105,60,55,6.5,900,35,Rice,Urea,0.41,0.408,0.46,1.32,2.802,0.53,0.374,6.746,861.6,83.23,1.7497,1.9087,1.0907,0.0446,Medium,7,Kharif
Satara,Red,120,50,40,6.5,1500,35,Rice,50:26:26 NPK,0.295,0.25,0.073,3.96,6.2,2.4,0.793,4.178,886.2,95.0,2.3995,2.9993,1.2497,0.6926,Low,6,Kharif
Pune,Black,105,60,60,6.5,900,35,Rice,Urea,0.41,0.408,0.46,1.32,2.802,0.53,0.374,6.746,861.6,82.17,1.7497,1.7497,0.9998,0.0446,Medium,7,Kharif
Kolhapur,Medium Brown,25,30,30,5.5,800,30,Rice,50:26:26 NPK,0.88,0.14,2.88,6.35,17.636,3.25,0.72,50.72,1733.1,81.25,0.8331,0.8331,0.9997,-0.5384,High,5,Kharif
Satara,Red,95,45,40,6.5,1300,25,Rice,Urea,0.295,0.25,0.073,3.96,6.2,2.4,0.793,4.178,886.2,95.0,2.1106,2.3744,1.1247,0.4669,Low,6,Kharif
Kolhapur,Medium Brown,25,20,25,6.0,800,30,Rice,Urea,0.88,0.14,2.88,6.35,17.636,3.25,0.72,50.72,1733.1,79.11,1.2494,0.9996,0.7997,-0.5384,High,5,Kharif
Satara,Red,90,60,40,6.5,1300,25,Rice,50:26:26 NPK,0.295,0.25,0.073,3.96,6.2,2.4,0.793,4.178,886.2,94.74,1.4998,2.2494,1.4996,0.4669,Low,6,Kharif
Kolhapur,Medium Brown,35,20,40,6.0,900,25,Rice,50:26:26 NPK,0.88,0.14,2.88,6.35,17.636,3.25,0.72,50.72,1733.1,85.03,1.7491,0.8748,0.4999,-0.4807,High,5,Kharif
Satara,Red,85,40,60,6.0,1200,35,Rice,Urea,0.295,0.25,0.073,3.96,6.2,2.4,0.793,4.178,886.2,95.0,2.1245,1.4164,0.6666,0.3541,Low,6,Kharif
Satara,Red,110,55,40,6.5,1100,30,Rice,Urea,0.295,0.25,0.073,3.96,6.2,2.4,0.793,4.178,886.2,95.0,1.9996,2.7493,1.3747,0.2413,Low,6,Kharif
Satara,Red,90,40,60,6.0,1200,35,Rice,Urea,0.295,0.25,0.073,3.96,6.2,2.4,0.793,4.178,886.2,94.22,2.2494,1.4998,0.6666,0.3541,Low,6,Kharif
Pune,Black,110,50,50,5.5,700,35,Rice,Urea,0.41,0.408,0.46,1.32,2.802,0.53,0.374,6.746,861.6,74.03,2.1996,2.1996,0.9998,-0.1876,Medium,6,Kharif
Satara,Red,80,45,55,7.5,1500,35,Rice,Urea,0.295,0.25,0.073,3.96,6.2,2.4,0.793,4.178,886.2,91.44,1.7774,1.4543,0.818,0.6926,Low,6,Kharif
Satara,Red,105,50,50,7.0,1200,35,Rice,Urea,0.295,0.25,0.073,3.96,6.2,2.4,0.793,4.178,886.2,91.8,2.0996,2.0996,0.9998,0.3541,Low,6,Kharif
Satara,Red,105,60,50,7.5,1100,30,Rice,50:26:26 NPK,0.295,0.25,0.073,3.96,6.2,2.4,0.793,4.178,886.2,92.95,1.7497,2.0996,1.1998,0.2413,Low,6,Kharif
Satara,Red,110,40,50,7.0,1400,30,Rice,Urea,0.295,0.25,0.073,3.96,6.2,2.4,0.793,4.178,886.2,92.86,2.7493,2.1996,0.7998,0.5798,Low,6,Kharif
Satara,Red,120,60,40,6.5,1300,25,Rice,50:26:26 NPK,0.295,0.25,0.073,3.96,6.2,2.4,0.793,4.178,886.2,95.0,1.9997,2.9993,1.4996,0.4669,Low,6,Kharif
Pune,Black,100,55,50,6.0,800,40,Rice,Urea,0.41,0.408,0.46,1.32,2.802,0.53,0.374,6.746,861.6,79.11,1.8179,1.9996,1.0998,-0.0715,Medium,7,Kharif
Kolhapur,Medium Brown,30,15,25,6.5,900,25,Rice,Urea,0.88,0.14,2.88,6.35,17.636,3.25,0.72,50.72,1733.1,84.68,1.9987,1.1995,0.5998,-0.4807,High,5,Kharif
Satara,Red,100,55,55,7.5,1300,25,Rice,Urea,0.295,0.25,0.073,3.96,6.2,2.4,0.793,4.178,886.2,93.72,1.8179,1.8179,0.9998,0.4669,Low,6,Kharif
Pune,Black,115,55,55,6.0,800,40,Rice,Urea,0.41,0.408,0.46,1.32,2.802,0.53,0.374,6.746,861.6,73.77,2.0905,2.0905,0.9998,-0.0715,Medium,7,Kharif
Satara,Red,115,50,50,7.0,1200,35,Rice,Urea,0.295,0.25,0.073,3.96,6.2,2.4,0.793,4.178,886.2,95.0,2.2995,2.2995,0.9998,0.3541,Low,6,Kharif
Satara,Red,105,40,40,6.0,1000,25,Rice,Urea,0.295,0.25,0.073,3.96,6.2,2.4,0.793,4.178,886.2,89.36,2.6243,2.6243,0.9998,0.1284,Low,6,Kharif
Satara,Red,90,55,50,7.5,1500,35,Rice,Urea,0.295,0.25,0.073,3.96,6.2,2.4,0.793,4.178,886.2,94.28,1.6361,1.7996,1.0998,0.6926,Low,6,Kharif
Satara,Red,80,55,40,6.5,1100,30,Rice,Urea,0.295,0.25,0.073,3.96,6.2,2.4,0.793,4.178,886.2,93.07,1.4543,1.9995,1.3747,0.2413,Low,6,Kharif
Satara,Red,85,40,40,6.0,1000,25,Rice,Urea,0.295,0.25,0.073,3.96,6.2,2.4,0.793,4.178,886.2,89.53,2.1245,2.1245,0.9998,0.1284,Low,6,Kharif
Satara,Red,95,60,40,6.5,1300,25,Rice,50:26:26 NPK,0.295,0.25,0.073,3.96,6.2,2.4,0.793,4.178,886.2,95.0,1.5831,2.3744,1.4996,0.4669,Low,6,Kharif
Pune,Black,120,50,55,5.5,700,40,Rice,50:26:26 NPK,0.41,0.408,0.46,1.32,2.802,0.53,0.374,6.746,861.6,72.39,2.3995,2.1814,0.9089,-0.1876,Medium,6,Kharif
Satara,Red,110,60,50,7.5,1100,30,Rice,50:26:26 NPK,0.295,0.25,0.073,3.96,6.2,2.4,0.793,4.178,886.2,89.69,1.833,2.1996,1.1998,0.2413,Low,6,Kharif
Satara,Red,110,50,60,6.0,1000,25,Rice,Urea,0.295,0.25,0.073,3.96,6.2,2.4,0.793,4.178,886.2,88.64,2.1996,1.833,0.8332,0.1284,Low,6,Kharif
Kolhapur,Medium Brown,35,20,35,6.0,1000,30,Rice,50:26:26 NPK,0.88,0.14,2.88,6.35,17.636,3.25,0.72,50.72,1733.1,88.89,1.7491,0.9997,0.5713,-0.423,High,5,Kharif
Pune,Black,120,50,50,5.5,700,35,Rice,Urea,0.41,0.408,0.46,1.32,2.802,0.53,0.374,6.746,861.6,72.96,2.3995,2.3995,0.9998,-0.1876,Medium,6,Kharif
Satara,Red,120,50,55,7.5,1100,30,Rice,50:26:26 NPK,0.295,0.25,0.073,3.96,6.2,2.4,0.793,4.178,886.2,93.19,2.3995,2.1814,0.9089,0.2413,Low,6,Kharif
Satara,Red,110,60,60,6.0,1400,30,Rice,Urea,0.295,0.25,0.073,3.96,6.2,2.4,0.793,4.178,886.2,95.0,1.833,1.833,0.9998,0.5798,Low,6,Kharif
Satara,Red,120,45,40,6.5,1300,25,Rice,Urea,0.295,0.25,0.073,3.96,6.2,2.4,0.793,4.178,886.2,93.74,2.6661,2.9993,1.1247,0.4669,Low,6,Kharif
Satara,Red,110,55,45,7.0,1000,25,Rice,50:26:26 NPK,0.295,0.25,0.073,3.96,6.2,2.4,0.793,4.178,886.2,91.15,1.9996,2.4439,1.222,0.1284,Low,6,Kharif
Satara,Red,90,60,50,7.5,1100,30,Rice,50:26:26 NPK,0.295,0.25,0.073,3.96,6.2,2.4,0.793,4.178,886.2,95.0,1.4998,1.7996,1.1998,0.2413,Low,6,Kharif
Satara,Red,80,40,40,6.0,1000,25,Rice,Urea,0.295,0.25,0.073,3.96,6.2,2.4,0.793,4.178,886.2,87.48,1.9995,1.9995,0.9998,0.1284,Low,6,Kharif
Satara,Red,115,55,50,7.5,1500,35,Rice,Urea,0.295,0.25,0.073,3.96,6.2,2.4,0.793,4.178,886.2,93.09,2.0905,2.2995,1.0998,0.6926,Low,6,Kharif
Pune,Black,105,55,50,6.0,800,40,Rice,Urea,0.41,0.408,0.46,1.32,2.802,0.53,0.374,6.746,861.6,78.14,1.9087,2.0996,1.0998,-0.0715,Medium,7,Kharif
Pune,Black,100,55,55,6.0,800,40,Rice,Urea,0.41,0.408,0.46,1.32,2.802,0.53,0.374,6.746,861.6,75.62,1.8179,1.8179,0.9998,-0.0715,Medium,7,Kharif
Solapur,Red,50,40,30,7.5,600,30,Sorghum,10:26:26 NPK,0.45,0.32,0.16,1.56,1.56,0.58,0.5,7.05,481.1,67.51,1.2497,1.6661,1.3329,0.2471,Medium,6,Kharif
Sangli,Red,65,40,50,7.0,800,25,Sorghum,SSP,0.583,0.24,0.973,3.16,6.06,2.88,0.62,10.75,514.5,80.36,1.6246,1.2997,0.7998,0.5549,Medium,6,Kharif
Sangli,Red,75,60,60,6.0,800,25,Sorghum,10:26:26 NPK,0.583,0.24,0.973,3.16,6.06,2.88,0.62,10.75,514.5,80.64,1.2498,1.2498,0.9998,0.5549,Medium,6,Kharif
Kolhapur,Black,20,35,40,7.5,800,30,Sorghum,SSP,0.88,0.14,2.88,6.35,17.636,3.25,0.72,50.72,1733.1,77.87,0.5713,0.4999,0.8748,-0.5384,High,6,Kharif
Pune,Black,50,40,35,7.0,900,35,Sorghum,SSP,0.41,0.408,0.46,1.32,2.802,0.53,0.374,6.746,861.6,80.92,1.2497,1.4282,1.1425,0.0446,Medium,6,Kharif
Satara,Black,60,20,40,6.0,600,35,Sorghum,Urea,0.295,0.25,0.073,3.96,6.2,2.4,0.793,4.178,886.2,67.44,2.9985,1.4996,0.4999,-0.323,Low,4,Kharif
Kolhapur,Black,30,35,25,7.5,800,25,Sorghum,SSP,0.88,0.14,2.88,6.35,17.636,3.25,0.72,50.72,1733.1,79.62,0.8569,1.1995,1.3994,-0.5384,High,6,Kharif
Sangli,Red,80,45,45,6.5,900,30,Sorghum,10:26:26 NPK,0.583,0.24,0.973,3.16,6.06,2.88,0.62,10.75,514.5,79.65,1.7774,1.7774,0.9998,0.7493,Medium,7,Kharif
Satara,Black,45,20,30,7.0,500,30,Sorghum,SSP,0.295,0.25,0.073,3.96,6.2,2.4,0.793,4.178,886.2,65.38,2.2489,1.4995,0.6664,-0.4358,Low,4,Kharif
Satara,Black,50,35,35,7.5,400,25,Sorghum,10:26:26 NPK,0.295,0.25,0.073,3.96,6.2,2.4,0.793,4.178,886.2,57.7,1.4282,1.4282,0.9997,-0.5486,Low,5,Kharif
Kolhapur,Black,40,30,30,7.0,700,30,Sorghum,10:26:26 NPK,0.88,0.14,2.88,6.35,17.636,3.25,0.72,50.72,1733.1,74.71,1.3329,1.3329,0.9997,-0.5961,High,7,Kharif
Satara,Black,60,25,20,6.5,400,25,Sorghum,Urea,0.295,0.25,0.073,3.96,6.2,2.4,0.793,4.178,886.2,61.94,2.399,2.9985,1.2494,-0.5486,Low,5,Kharif
Sangli,Red,80,55,60,6.0,800,25,Sorghum,Urea,0.583,0.24,0.973,3.16,6.06,2.88,0.62,10.75,514.5,79.35,1.4543,1.3331,0.9165,0.5549,Medium,7,Kharif
Satara,Black,45,35,20,6.5,500,30,Sorghum,SSP,0.295,0.25,0.073,3.96,6.2,2.4,0.793,4.178,886.2,65.0,1.2853,2.2489,1.7491,-0.4358,Low,5,Kharif
Pune,Black,50,40,30,7.0,900,35,Sorghum,Urea,0.41,0.408,0.46,1.32,2.802,0.53,0.374,6.746,861.6,82.87,1.2497,1.6661,1.3329,0.0446,Medium,6,Kharif
Sangli,Red,60,40,50,7.0,800,25,Sorghum,SSP,0.583,0.24,0.973,3.16,6.06,2.88,0.62,10.75,514.5,78.23,1.4996,1.1998,0.7998,0.5549,Medium,6,Kharif
Satara,Black,40,20,25,6.5,600,35,Sorghum,Urea,0.295,0.25,0.073,3.96,6.2,2.4,0.793,4.178,886.2,68.68,1.999,1.5994,0.7997,-0.323,Low,4,Kharif
Sangli,Red,70,60,40,6.5,900,30,Sorghum,Urea,0.583,0.24,0.973,3.16,6.06,2.88,0.62,10.75,514.5,84.93,1.1665,1.7496,1.4996,0.7493,Medium,6,Kharif
Sangli,Red,60,55,40,6.5,900,30,Sorghum,SSP,0.583,0.24,0.973,3.16,6.06,2.88,0.62,10.75,514.5,81.57,1.0907,1.4996,1.3747,0.7493,Medium,6,Kharif
Sangli,Red,80,45,40,6.5,900,30,Sorghum,Urea,0.583,0.24,0.973,3.16,6.06,2.88,0.62,10.75,514.5,86.18,1.7774,1.9995,1.1247,0.7493,Medium,7,Kharif
Kolhapur,Black,20,25,40,6.5,600,30,Sorghum,10:26:26 NPK,0.88,0.14,2.88,6.35,17.636,3.25,0.72,50.72,1733.1,69.66,0.7997,0.4999,0.6248,-0.6538,High,6,Kharif
Pune,Black,55,40,35,7.0,900,35,Sorghum,SSP,0.41,0.408,0.46,1.32,2.802,0.53,0.374,6.746,861.6,81.78,1.3747,1.571,1.1425,0.0446,Medium,6,Kharif
Sangli,Red,75,60,45,6.0,800,25,Sorghum,Urea,0.583,0.24,0.973,3.16,6.06,2.88,0.62,10.75,514.5,79.1,1.2498,1.6663,1.333,0.5549,Medium,6,Kharif
Kolhapur,Black,20,25,25,6.5,600,25,Sorghum,10:26:26 NPK,0.88,0.14,2.88,6.35,17.636,3.25,0.72,50.72,1733.1,69.93,0.7997,0.7997,0.9996,-0.6538,High,6,Kharif
Satara,Black,45,35,40,6.0,600,35,Sorghum,Urea,0.295,0.25,0.073,3.96,6.2,2.4,0.793,4.178,886.2,67.65,1.2853,1.1247,0.8748,-0.323,Low,5,Kharif
Satara,Black,60,30,30,7.0,600,35,Sorghum,10:26:26 NPK,0.295,0.25,0.073,3.96,6.2,2.4,0.793,4.178,886.2,65.4,1.9993,1.9993,0.9997,-0.323,Low,5,Kharif
Solapur,Red,60,35,25,7.0,700,25,Sorghum,10:26:26 NPK,0.45,0.32,0.16,1.56,1.56,0.58,0.5,7.05,481.1,74.96,1.7138,2.399,1.3994,0.455,Medium,6,Kharif
Kolhapur,Black,35,25,35,6.5,600,25,Sorghum,Urea,0.88,0.14,2.88,6.35,17.636,3.25,0.72,50.72,1733.1,70.81,1.3994,0.9997,0.7141,-0.6538,High,6,Kharif
Satara,Black,50,20,20,6.0,400,25,Sorghum,10:26:26 NPK,0.295,0.25,0.073,3.96,6.2,2.4,0.793,4.178,886.2,59.83,2.4988,2.4988,0.9995,-0.5486,Low,4,Kharif
Solapur,Red,55,35,25,7.0,700,25,Sorghum,10:26:26 NPK,0.45,0.32,0.16,1.56,1.56,0.58,0.5,7.05,481.1,74.46,1.571,2.1991,1.3994,0.455,Medium,6,Kharif
Satara,Black,45,25,35,7.5,600,35,Sorghum,SSP,0.295,0.25,0.073,3.96,6.2,2.4,0.793,4.178,886.2,66.43,1.7993,1.2853,0.7141,-0.323,Low,5,Kharif
Pune,Black,55,35,40,6.5,800,30,Sorghum,Urea,0.41,0.408,0.46,1.32,2.802,0.53,0.374,6.746,861.6,76.0,1.571,1.3747,0.8748,-0.0715,Medium,6,Kharif
Sangli,Red,65,55,40,6.5,900,30,Sorghum,SSP,0.583,0.24,0.973,3.16,6.06,2.88,0.62,10.75,514.5,84.32,1.1816,1.6246,1.3747,0.7493,Medium,6,Kharif
Pune,Black,55,35,35,6.5,800,30,Sorghum,10:26:26 NPK,0.41,0.408,0.46,1.32,2.802,0.53,0.374,6.746,861.6,78.55,1.571,1.571,0.9997,-0.0715,Medium,6,Kharif
Solapur,Red,50,30,30,6.5,600,20,Sorghum,SSP,0.45,0.32,0.16,1.56,1.56,0.58,0.5,7.05,481.1,68.29,1.6661,1.6661,0.9997,0.2471,Medium,6,Kharif
Sangli,Red,80,45,50,7.0,800,25,Sorghum,Urea,0.583,0.24,0.973,3.16,6.06,2.88,0.62,10.75,514.5,79.0,1.7774,1.5997,0.8998,0.5549,Medium,7,Kharif
Satara,Black,55,30,35,7.5,500,30,Sorghum,Urea,0.295,0.25,0.073,3.96,6.2,2.4,0.793,4.178,886.2,65.13,1.8327,1.571,0.8569,-0.4358,Low,5,Kharif
Kolhapur,Black,30,35,40,7.5,800,30,Sorghum,SSP,0.88,0.14,2.88,6.35,17.636,3.25,0.72,50.72,1733.1,77.99,0.8569,0.7498,0.8748,-0.5384,High,6,Kharif
Solapur,Red,55,30,20,6.5,600,20,Sorghum,10:26:26 NPK,0.45,0.32,0.16,1.56,1.56,0.58,0.5,7.05,481.1,72.83,1.8327,2.7486,1.4993,0.2471,Medium,6,Kharif
Kolhapur,Black,20,35,30,7.5,800,30,Sorghum,Urea,0.88,0.14,2.88,6.35,17.636,3.25,0.72,50.72,1733.1,79.52,0.5713,0.6664,1.1663,-0.5384,High,6,Kharif
Solapur,Red,50,30,20,6.5,600,20,Sorghum,10:26:26 NPK,0.45,0.32,0.16,1.56,1.56,0.58,0.5,7.05,481.1,71.73,1.6661,2.4988,1.4993,0.2471,Medium,6,Kharif
Satara,Black,45,40,20,6.5,400,25,Sorghum,Urea,0.295,0.25,0.073,3.96,6.2,2.4,0.793,4.178,886.2,59.13,1.1247,2.2489,1.999,-0.5486,Low,5,Kharif
Pune,Black,60,35,40,6.5,800,30,Sorghum,Urea,0.41,0.408,0.46,1.32,2.802,0.53,0.374,6.746,861.6,77.44,1.7138,1.4996,0.8748,-0.0715,Medium,6,Kharif
Satara,Black,50,35,40,6.0,600,35,Sorghum,Urea,0.295,0.25,0.073,3.96,6.2,2.4,0.793,4.178,886.2,68.45,1.4282,1.2497,0.8748,-0.323,Low,5,Kharif
Satara,Black,55,25,35,7.5,600,35,Sorghum,SSP,0.295,0.25,0.073,3.96,6.2,2.4,0.793,4.178,886.2,66.17,2.1991,1.571,0.7141,-0.323,Low,5,Kharif
Solapur,Red,50,35,20,7.0,700,25,Sorghum,SSP,0.45,0.32,0.16,1.56,1.56,0.58,0.5,7.05,481.1,71.77,1.4282,2.4988,1.7491,0.455,Medium,6,Kharif
Kolhapur,Black,25,25,30,6.5,600,30,Sorghum,SSP,0.88,0.14,2.88,6.35,17.636,3.25,0.72,50.72,1733.1,71.29,0.9996,0.8331,0.8331,-0.6538,High,6,Kharif
Sangli,Red,70,60,50,7.5,900,30,Sorghum,10:26:26 NPK,0.583,0.24,0.973,3.16,6.06,2.88,0.62,10.75,514.5,82.06,1.1665,1.3997,1.1998,0.7493,Medium,6,Kharif
Satara,Black,60,25,25,6.5,500,30,Sorghum,10:26:26 NPK,0.295,0.25,0.073,3.96,6.2,2.4,0.793,4.178,886.2,64.35,2.399,2.399,0.9996,-0.4358,Low,5,Kharif
Satara,Black,45,40,30,7.5,500,30,Sorghum,10:26:26 NPK,0.295,0.25,0.073,3.96,6.2,2.4,0.793,4.178,886.2,64.05,1.1247,1.4995,1.3329,-0.4358,Low,5,Kharif
Kolhapur,Black,40,30,40,7.0,700,30,Sorghum,Urea,0.88,0.14,2.88,6.35,17.636,3.25,0.72,50.72,1733.1,73.95,1.3329,0.9998,0.7498,-0.5961,High,7,Kharif
Kolhapur,Black,25,35,40,7.5,800,30,Sorghum,SSP,0.88,0.14,2.88,6.35,17.636,3.25,0.72,50.72,1733.1,79.2,0.7141,0.6248,0.8748,-0.5384,High,6,Kharif
Kolhapur,Black,20,25,35,6.5,600,25,Sorghum,Urea,0.88,0.14,2.88,6.35,17.636,3.25,0.72,50.72,1733.1,69.31,0.7997,0.5713,0.7141,-0.6538,High,6,Kharif
Pune,Black,60,40,30,7.0,900,35,Sorghum,Urea,0.41,0.408,0.46,1.32,2.802,0.53,0.374,6.746,861.6,82.41,1.4996,1.9993,1.3329,0.0446,Medium,6,Kharif
Pune,Black,55,35,30,6.5,800,30,Sorghum,SSP,0.41,0.408,0.46,1.32,2.802,0.53,0.374,6.746,861.6,78.25,1.571,1.8327,1.1663,-0.0715,Medium,6,Kharif
Satara,Black,55,25,30,7.0,400,25,Sorghum,Urea,0.295,0.25,0.073,3.96,6.2,2.4,0.793,4.178,886.2,61.03,2.1991,1.8327,0.8331,-0.5486,Low,5,Kharif
Satara,Black,60,30,40,6.0,400,25,Sorghum,SSP,0.295,0.25,0.073,3.96,6.2,2.4,0.793,4.178,886.2,58.84,1.9993,1.4996,0.7498,-0.5486,Low,5,Kharif
Satara,Black,55,35,20,6.5,500,30,Sorghum,SSP,0.295,0.25,0.073,3.96,6.2,2.4,0.793,4.178,886.2,64.15,1.571,2.7486,1.7491,-0.4358,Low,5,Kharif
Kolhapur,Black,30,30,25,7.0,700,25,Sorghum,Urea,0.88,0.14,2.88,6.35,17.636,3.25,0.72,50.72,1733.1,74.22,0.9997,1.1995,1.1995,-0.5961,High,6,Kharif
Kolhapur,Black,25,25,35,6.5,600,25,Sorghum,Urea,0.88,0.14,2.88,6.35,17.636,3.25,0.72,50.72,1733.1,68.4,0.9996,0.7141,0.7141,-0.6538,High,6,Kharif
Solapur,Red,55,35,20,7.0,700,25,Sorghum,SSP,0.45,0.32,0.16,1.56,1.56,0.58,0.5,7.05,481.1,77.33,1.571,2.7486,1.7491,0.455,Medium,6,Kharif
Satara,Black,55,35,25,7.0,400,25,Sorghum,10:26:26 NPK,0.295,0.25,0.073,3.96,6.2,2.4,0.793,4.178,886.2,61.72,1.571,2.1991,1.3994,-0.5486,Low,5,Kharif
Pune,Black,60,30,30,6.0,700,25,Sorghum,10:26:26 NPK,0.41,0.408,0.46,1.32,2.802,0.53,0.374,6.746,861.6,73.6,1.9993,1.9993,0.9997,-0.1876,Medium,6,Kharif
Satara,Black,50,20,35,7.5,400,25,Sorghum,10:26:26 NPK,0.295,0.25,0.073,3.96,6.2,2.4,0.793,4.178,886.2,59.58,2.4988,1.4282,0.5713,-0.5486,Low,4,Kharif
Sangli,Red,75,60,50,7.5,900,30,Sorghum,10:26:26 NPK,0.583,0.24,0.973,3.16,6.06,2.88,0.62,10.75,514.5,83.2,1.2498,1.4997,1.1998,0.7493,Medium,6,Kharif
Satara,Black,50,25,40,6.0,500,30,Sorghum,10:26:26 NPK,0.295,0.25,0.073,3.96,6.2,2.4,0.793,4.178,886.2,64.61,1.9992,1.2497,0.6248,-0.4358,Low,5,Kharif
Sangli,Red,70,60,45,6.0,800,25,Sorghum,Urea,0.583,0.24,0.973,3.16,6.06,2.88,0.62,10.75,514.5,79.61,1.1665,1.5552,1.333,0.5549,Medium,6,Kharif
Satara,Black,60,40,25,7.0,600,35,Sorghum,SSP,0.295,0.25,0.073,3.96,6.2,2.4,0.793,4.178,886.2,66.47,1.4996,2.399,1.5994,-0.323,Low,5,Kharif
Sangli,Red,80,60,60,6.0,800,25,Sorghum,10:26:26 NPK,0.583,0.24,0.973,3.16,6.06,2.88,0.62,10.75,514.5,79.98,1.3331,1.3331,0.9998,0.5549,Medium,7,Kharif
Kolhapur,Black,20,30,30,7.0,700,30,Sorghum,10:26:26 NPK,0.88,0.14,2.88,6.35,17.636,3.25,0.72,50.72,1733.1,73.4,0.6664,0.6664,0.9997,-0.5961,High,6,Kharif
Kolhapur,Black,20,25,30,6.5,600,30,Sorghum,SSP,0.88,0.14,2.88,6.35,17.636,3.25,0.72,50.72,1733.1,66.66,0.7997,0.6664,0.8331,-0.6538,High,6,Kharif
Solapur,Red,50,35,30,7.0,600,25,Sorghum,Urea,0.45,0.32,0.16,1.56,1.56,0.58,0.5,7.05,481.1,71.03,1.4282,1.6661,1.1663,0.2471,Medium,6,Kharif
Sangli,Red,60,55,55,7.5,900,30,Sorghum,10:26:26 NPK,0.583,0.24,0.973,3.16,6.06,2.88,0.62,10.75,514.5,86.51,1.0907,1.0907,0.9998,0.7493,Medium,6,Kharif
Satara,Black,45,30,30,7.0,600,35,Sorghum,10:26:26 NPK,0.295,0.25,0.073,3.96,6.2,2.4,0.793,4.178,886.2,67.46,1.4995,1.4995,0.9997,-0.323,Low,5,Kharif
Pune,Black,70,40,40,7.0,900,35,Sorghum,10:26:26 NPK,0.41,0.408,0.46,1.32,2.802,0.53,0.374,6.746,861.6,83.44,1.7496,1.7496,0.9998,0.0446,Medium,6,Kharif
Solapur,Red,55,30,25,6.5,700,20,Sorghum,Urea,0.45,0.32,0.16,1.56,1.56,0.58,0.5,7.05,481.1,75.44,1.8327,2.1991,1.1995,0.455,Medium,6,Kharif
Satara,Black,40,35,35,7.5,400,25,Sorghum,10:26:26 NPK,0.295,0.25,0.073,3.96,6.2,2.4,0.793,4.178,886.2,61.66,1.1425,1.1425,0.9997,-0.5486,Low,5,Kharif
Kolhapur,Black,35,25,25,6.5,600,25,Sorghum,10:26:26 NPK,0.88,0.14,2.88,6.35,17.636,3.25,0.72,50.72,1733.1,71.64,1.3994,1.3994,0.9996,-0.6538,High,6,Kharif
Kolhapur,Black,35,25,40,6.5,600,30,Sorghum,10:26:26 NPK,0.88,0.14,2.88,6.35,17.636,3.25,0.72,50.72,1733.1,69.19,1.3994,0.8748,0.6248,-0.6538,High,6,Kharif
Sangli,Red,60,45,40,6.5,900,30,Sorghum,Urea,0.583,0.24,0.973,3.16,6.06,2.88,0.62,10.75,514.5,85.96,1.333,1.4996,1.1247,0.7493,Medium,6,Kharif
Satara,Black,55,25,40,6.0,500,30,Sorghum,10:26:26 NPK,0.295,0.25,0.073,3.96,6.2,2.4,0.793,4.178,886.2,65.44,2.1991,1.3747,0.6248,-0.4358,Low,5,Kharif
Satara,Black,55,40,25,7.0,600,35,Sorghum,SSP,0.295,0.25,0.073,3.96,6.2,2.4,0.793,4.178,886.2,69.77,1.3747,2.1991,1.5994,-0.323,Low,5,Kharif
Kolhapur,Black,40,25,25,6.5,700,30,Sorghum,10:26:26 NPK,0.88,0.14,2.88,6.35,17.636,3.25,0.72,50.72,1733.1,77.1,1.5994,1.5994,0.9996,-0.5961,High,7,Kharif
Sangli,Red,75,55,50,7.5,900,30,Sorghum,Urea,0.583,0.24,0.973,3.16,6.06,2.88,0.62,10.75,514.5,83.7,1.3634,1.4997,1.0998,0.7493,Medium,6,Kharif
Sangli,Red,60,45,45,6.5,900,30,Sorghum,10:26:26 NPK,0.583,0.24,0.973,3.16,6.06,2.88,0.62,10.75,514.5,84.64,1.333,1.333,0.9998,0.7493,Medium,6,Kharif
Pune,Black,70,30,40,6.0,700,25,Sorghum,SSP,0.41,0.408,0.46,1.32,2.802,0.53,0.374,6.746,861.6,71.94,2.3326,1.7496,0.7498,-0.1876,Medium,6,Kharif
Pune,Black,65,30,40,6.0,700,25,Sorghum,SSP,0.41,0.408,0.46,1.32,2.802,0.53,0.374,6.746,861.6,78.12,2.1659,1.6246,0.7498,-0.1876,Medium,6,Kharif
Sangli,Red,70,50,40,6.5,900,30,Sorghum,10:26:26 NPK,0.583,0.24,0.973,3.16,6.06,2.88,0.62,10.75,514.5,82.66,1.3997,1.7496,1.2497,0.7493,Medium,6,Kharif
Satara,Black,45,40,35,6.0,400,25,Sorghum,Urea,0.295,0.25,0.073,3.96,6.2,2.4,0.793,4.178,886.2,59.49,1.1247,1.2853,1.1425,-0.5486,Low,5,Kharif
Satara,Black,50,25,30,7.0,400,25,Sorghum,Urea,0.295,0.25,0.073,3.96,6.2,2.4,0.793,4.178,886.2,56.94,1.9992,1.6661,0.8331,-0.5486,Low,5,Kharif
Sangli,Red,70,45,55,7.5,900,30,Sorghum,SSP,0.583,0.24,0.973,3.16,6.06,2.88,0.62,10.75,514.5,84.02,1.5552,1.2725,0.818,0.7493,Medium,6,Kharif
Pune,Black,65,35,35,6.5,800,30,Sorghum,10:26:26 NPK,0.41,0.408,0.46,1.32,2.802,0.53,0.374,6.746,861.6,79.16,1.8566,1.8566,0.9997,-0.0715,Medium,6,Kharif
Sangli,Red,75,50,50,7.0,800,25,Sorghum,10:26:26 NPK,0.583,0.24,0.973,3.16,6.06,2.88,0.62,10.75,514.5,78.83,1.4997,1.4997,0.9998,0.5549,Medium,6,Kharif
Pune,Black,65,30,35,6.0,700,25,Sorghum,Urea,0.41,0.408,0.46,1.32,2.802,0.53,0.374,6.746,861.6,73.82,2.1659,1.8566,0.8569,-0.1876,Medium,6,Kharif
Pune,Black,65,40,35,7.0,900,35,Sorghum,SSP,0.41,0.408,0.46,1.32,2.802,0.53,0.374,6.746,861.6,84.92,1.6246,1.8566,1.1425,0.0446,Medium,6,Kharif
Satara,Black,40,30,25,7.0,500,30,Sorghum,Urea,0.295,0.25,0.073,3.96,6.2,2.4,0.793,4.178,886.2,63.34,1.3329,1.5994,1.1995,-0.4358,Low,5,Kharif
Solapur,Red,50,35,25,7.0,700,25,Sorghum,10:26:26 NPK,0.45,0.32,0.16,1.56,1.56,0.58,0.5,7.05,481.1,77.99,1.4282,1.9992,1.3994,0.455,Medium,6,Kharif
Satara,Black,40,25,25,6.5,500,30,Sorghum,10:26:26 NPK,0.295,0.25,0.073,3.96,6.2,2.4,0.793,4.178,886.2,61.99,1.5994,1.5994,0.9996,-0.4358,Low,5,Kharif
Sangli,Red,70,55,60,6.0,800,25,Sorghum,Urea,0.583,0.24,0.973,3.16,6.06,2.88,0.62,10.75,514.5,79.83,1.2725,1.1665,0.9165,0.5549,Medium,6,Kharif
Kolhapur,Black,25,25,40,6.5,600,30,Sorghum,10:26:26 NPK,0.88,0.14,2.88,6.35,17.636,3.25,0.72,50.72,1733.1,67.94,0.9996,0.6248,0.6248,-0.6538,High,6,Kharif
Kolhapur,Black,40,20,25,7.0,800,25,Sorghum,10:26:26 NPK,0.88,0.14,2.88,6.35,17.636,3.25,0.72,50.72,1733.1,81.63,1.999,1.5994,0.7997,-0.5384,High,6,Kharif
Satara,Black,60,25,35,7.5,600,35,Sorghum,SSP,0.295,0.25,0.073,3.96,6.2,2.4,0.793,4.178,886.2,66.34,2.399,1.7138,0.7141,-0.323,Low,5,Kharif
Kolhapur,Black,30,30,30,7.0,700,30,Sorghum,10:26:26 NPK,0.88,0.14,2.88,6.35,17.636,3.25,0.72,50.72,1733.1,70.02,0.9997,0.9997,0.9997,-0.5961,High,6,Kharif
Kolhapur,Black,40,25,40,6.5,600,30,Sorghum,10:26:26 NPK,0.88,0.14,2.88,6.35,17.636,3.25,0.72,50.72,1733.1,70.94,1.5994,0.9998,0.6248,-0.6538,High,7,Kharif
Sangli,Red,60,45,60,6.0,800,25,Sorghum,10:26:26 NPK,0.583,0.24,0.973,3.16,6.06,2.88,0.62,10.75,514.5,79.75,1.333,0.9998,0.7499,0.5549,Medium,6,Kharif
Pune,Black,50,30,30,6.0,700,25,Sorghum,10:26:26 NPK,0.41,0.408,0.46,1.32,2.802,0.53,0.374,6.746,861.6,74.39,1.6661,1.6661,0.9997,-0.1876,Medium,6,Kharif
Pune,Black,70,35,40,6.5,800,30,Sorghum,Urea,0.41,0.408,0.46,1.32,2.802,0.53,0.374,6.746,861.6,80.77,1.9994,1.7496,0.8748,-0.0715,Medium,6,Kharif
Satara,Black,60,35,35,7.5,400,25,Sorghum,10:26:26 NPK,0.295,0.25,0.073,3.96,6.2,2.4,0.793,4.178,886.2,63.08,1.7138,1.7138,0.9997,-0.5486,Low,5,Kharif
Satara,Black,55,20,35,7.5,400,25,Sorghum,10:26:26 NPK,0.295,0.25,0.073,3.96,6.2,2.4,0.793,4.178,886.2,62.15,2.7486,1.571,0.5713,-0.5486,Low,4,Kharif
Sangli,Red,75,50,60,6.0,800,25,Sorghum,SSP,0.583,0.24,0.973,3.16,6.06,2.88,0.62,10.75,514.5,77.22,1.4997,1.2498,0.8332,0.5549,Medium,6,Kharif
Pune,Black,55,30,40,6.0,700,25,Sorghum,SSP,0.41,0.408,0.46,1.32,2.802,0.53,0.374,6.746,861.6,77.29,1.8327,1.3747,0.7498,-0.1876,Medium,6,Kharif
Sangli,Red,75,55,40,6.5,900,30,Sorghum,SSP,0.583,0.24,0.973,3.16,6.06,2.88,0.62,10.75,514.5,85.03,1.3634,1.8745,1.3747,0.7493,Medium,6,Kharif
Kolhapur,Black,40,20,20,6.0,600,25,Sorghum,10:26:26 NPK,0.88,0.14,2.88,6.35,17.636,3.25,0.72,50.72,1733.1,67.88,1.999,1.999,0.9995,-0.6538,High,6,Kharif
Solapur,Red,55,40,30,7.5,600,30,Sorghum,10:26:26 NPK,0.45,0.32,0.16,1.56,1.56,0.58,0.5,7.05,481.1,64.15,1.3747,1.8327,1.3329,0.2471,Medium,6,Kharif
Sangli,Red,65,45,55,7.5,900,30,Sorghum,SSP,0.583,0.24,0.973,3.16,6.06,2.88,0.62,10.75,514.5,83.52,1.4441,1.1816,0.818,0.7493,Medium,6,Kharif
Pune,Black,50,35,35,6.5,800,30,Sorghum,10:26:26 NPK,0.41,0.408,0.46,1.32,2.802,0.53,0.374,6.746,861.6,81.62,1.4282,1.4282,0.9997,-0.0715,Medium,6,Kharif
Sangli,Red,60,40,45,6.5,900,30,Sorghum,Urea,0.583,0.24,0.973,3.16,6.06,2.88,0.62,10.75,514.5,82.37,1.4996,1.333,0.8887,0.7493,Medium,6,Kharif
Satara,Black,60,20,30,7.0,500,30,Sorghum,SSP,0.295,0.25,0.073,3.96,6.2,2.4,0.793,4.178,886.2,64.59,2.9985,1.9993,0.6664,-0.4358,Low,4,Kharif
Satara,Black,40,30,30,7.0,600,35,Sorghum,10:26:26 NPK,0.295,0.25,0.073,3.96,6.2,2.4,0.793,4.178,886.2,66.91,1.3329,1.3329,0.9997,-0.323,Low,5,Kharif
Kolhapur,Black,30,25,40,6.5,600,30,Sorghum,10:26:26 NPK,0.88,0.14,2.88,6.35,17.636,3.25,0.72,50.72,1733.1,70.03,1.1995,0.7498,0.6248,-0.6538,High,6,Kharif
Pune,Black,70,30,30,6.0,700,25,Sorghum,10:26:26 NPK,0.41,0.408,0.46,1.32,2.802,0.53,0.374,6.746,861.6,71.18,2.3326,2.3326,0.9997,-0.1876,Medium,6,Kharif
Kolhapur,Black,40,30,25,7.0,700,25,Sorghum,Urea,0.88,0.14,2.88,6.35,17.636,3.25,0.72,50.72,1733.1,75.59,1.3329,1.5994,1.1995,-0.5961,High,7,Kharif
Satara,Black,50,20,25,6.5,600,35,Sorghum,Urea,0.295,0.25,0.073,3.96,6.2,2.4,0.793,4.178,886.2,65.35,2.4988,1.9992,0.7997,-0.323,Low,4,Kharif
Sangli,Red,65,60,45,6.0,800,25,Sorghum,Urea,0.583,0.24,0.973,3.16,6.06,2.88,0.62,10.75,514.5,78.55,1.0832,1.4441,1.333,0.5549,Medium,6,Kharif
Satara,Black,45,20,35,7.5,400,25,Sorghum,10:26:26 NPK,0.295,0.25,0.073,3.96,6.2,2.4,0.793,4.178,886.2,61.37,2.2489,1.2853,0.5713,-0.5486,Low,4,Kharif
Sangli,Red,75,45,45,6.5,900,30,Sorghum,10:26:26 NPK,0.583,0.24,0.973,3.16,6.06,2.88,0.62,10.75,514.5,83.64,1.6663,1.6663,0.9998,0.7493,Medium,6,Kharif
Satara,Black,60,35,25,7.0,400,25,Sorghum,10:26:26 NPK,0.295,0.25,0.073,3.96,6.2,2.4,0.793,4.178,886.2,59.23,1.7138,2.399,1.3994,-0.5486,Low,5,Kharif
Sangli,Red,80,50,50,7.0,800,25,Sorghum,10:26:26 NPK,0.583,0.24,0.973,3.16,6.06,2.88,0.62,10.75,514.5,80.66,1.5997,1.5997,0.9998,0.5549,Medium,7,Kharif
Satara,Black,55,20,30,7.0,500,30,Sorghum,SSP,0.295,0.25,0.073,3.96,6.2,2.4,0.793,4.178,886.2,64.53,2.7486,1.8327,0.6664,-0.4358,Low,4,Kharif
Sangli,Red,60,60,45,7.0,800,25,Sorghum,SSP,0.583,0.24,0.973,3.16,6.06,2.88,0.62,10.75,514.5,76.06,0.9998,1.333,1.333,0.5549,Medium,6,Kharif
Pune,Black,55,30,35,6.0,700,25,Sorghum,Urea,0.41,0.408,0.46,1.32,2.802,0.53,0.374,6.746,861.6,72.94,1.8327,1.571,0.8569,-0.1876,Medium,6,Kharif
Satara,Black,45,25,40,6.0,500,30,Sorghum,10:26:26 NPK,0.295,0.25,0.073,3.96,6.2,2.4,0.793,4.178,886.2,61.24,1.7993,1.1247,0.6248,-0.4358,Low,5,Kharif
Satara,Black,40,40,40,6.0,500,30,Sorghum,10:26:26 NPK,0.295,0.25,0.073,3.96,6.2,2.4,0.793,4.178,886.2,61.75,0.9998,0.9998,0.9998,-0.4358,Low,5,Kharif
Pune,Black,55,40,30,7.0,900,35,Sorghum,Urea,0.41,0.408,0.46,1.32,2.802,0.53,0.374,6.746,861.6,83.49,1.3747,1.8327,1.3329,0.0446,Medium,6,Kharif
Satara,Black,40,40,35,6.0,400,25,Sorghum,Urea,0.295,0.25,0.073,3.96,6.2,2.4,0.793,4.178,886.2,61.1,0.9998,1.1425,1.1425,-0.5486,Low,5,Kharif
Satara,Black,40,35,40,6.0,600,35,Sorghum,Urea,0.295,0.25,0.073,3.96,6.2,2.4,0.793,4.178,886.2,67.95,1.1425,0.9998,0.8748,-0.323,Low,5,Kharif
Satara,Black,60,40,20,6.5,400,25,Sorghum,Urea,0.295,0.25,0.073,3.96,6.2,2.4,0.793,4.178,886.2,62.76,1.4996,2.9985,1.999,-0.5486,Low,5,Kharif
Sangli,Red,75,40,55,7.5,900,30,Sorghum,10:26:26 NPK,0.583,0.24,0.973,3.16,6.06,2.88,0.62,10.75,514.5,80.41,1.8745,1.3634,0.7271,0.7493,Medium,6,Kharif
Kolhapur,Black,25,30,40,7.0,700,30,Sorghum,Urea,0.88,0.14,2.88,6.35,17.636,3.25,0.72,50.72,1733.1,74.52,0.8331,0.6248,0.7498,-0.5961,High,6,Kharif
Sangli,Red,70,50,60,6.0,800,25,Sorghum,SSP,0.583,0.24,0.973,3.16,6.06,2.88,0.62,10.75,514.5,77.97,1.3997,1.1665,0.8332,0.5549,Medium,6,Kharif
Satara,Black,50,30,25,7.0,500,30,Sorghum,Urea,0.295,0.25,0.073,3.96,6.2,2.4,0.793,4.178,886.2,61.83,1.6661,1.9992,1.1995,-0.4358,Low,5,Kharif
Sangli,Red,65,40,40,6.0,800,25,Sorghum,10:26:26 NPK,0.583,0.24,0.973,3.16,6.06,2.88,0.62,10.75,514.5,79.26,1.6246,1.6246,0.9998,0.5549,Medium,6,Kharif
Sangli,Red,75,40,60,6.0,800,25,Sorghum,Urea,0.583,0.24,0.973,3.16,6.06,2.88,0.62,10.75,514.5,78.77,1.8745,1.2498,0.6666,0.5549,Medium,6,Kharif
Kolhapur,Black,40,35,40,7.5,800,30,Sorghum,SSP,0.88,0.14,2.88,6.35,17.636,3.25,0.72,50.72,1733.1,79.14,1.1425,0.9998,0.8748,-0.5384,High,7,Kharif
Satara,Black,50,30,30,7.0,600,35,Sorghum,10:26:26 NPK,0.295,0.25,0.073,3.96,6.2,2.4,0.793,4.178,886.2,71.35,1.6661,1.6661,0.9997,-0.323,Low,5,Kharif
Pune,Black,50,35,40,6.5,800,30,Sorghum,Urea,0.41,0.408,0.46,1.32,2.802,0.53,0.374,6.746,861.6,79.14,1.4282,1.2497,0.8748,-0.0715,Medium,6,Kharif
Satara,Black,60,35,20,6.5,500,30,Sorghum,SSP,0.295,0.25,0.073,3.96,6.2,2.4,0.793,4.178,886.2,65.49,1.7138,2.9985,1.7491,-0.4358,Low,5,Kharif
Kolhapur,Black,25,30,30,7.0,700,30,Sorghum,10:26:26 NPK,0.88,0.14,2.88,6.35,17.636,3.25,0.72,50.72,1733.1,74.18,0.8331,0.8331,0.9997,-0.5961,High,6,Kharif
Sangli,Red,80,45,55,7.5,900,30,Sorghum,SSP,0.583,0.24,0.973,3.16,6.06,2.88,0.62,10.75,514.5,83.67,1.7774,1.4543,0.818,0.7493,Medium,7,Kharif
Sangli,Red,65,60,50,7.5,900,30,Sorghum,10:26:26 NPK,0.583,0.24,0.973,3.16,6.06,2.88,0.62,10.75,514.5,81.15,1.0832,1.2997,1.1998,0.7493,Medium,6,Kharif
Kolhapur,Black,20,35,35,7.5,800,25,Sorghum,10:26:26 NPK,0.88,0.14,2.88,6.35,17.636,3.25,0.72,50.72,1733.1,82.96,0.5713,0.5713,0.9997,-0.5384,High,6,Kharif
Satara,Black,55,20,40,6.0,600,35,Sorghum,Urea,0.295,0.25,0.073,3.96,6.2,2.4,0.793,4.178,886.2,69.63,2.7486,1.3747,0.4999,-0.323,Low,4,Kharif
Satara,Black,60,20,20,6.0,400,25,Sorghum,10:26:26 NPK,0.295,0.25,0.073,3.96,6.2,2.4,0.793,4.178,886.2,58.16,2.9985,2.9985,0.9995,-0.5486,Low,4,Kharif
Solapur,Red,50,30,25,6.5,700,20,Sorghum,Urea,0.45,0.32,0.16,1.56,1.56,0.58,0.5,7.05,481.1,77.47,1.6661,1.9992,1.1995,0.455,Medium,6,Kharif
Satara,Black,60,35,30,7.5,600,35,Sorghum,Urea,0.295,0.25,0.073,3.96,6.2,2.4,0.793,4.178,886.2,69.09,1.7138,1.9993,1.1663,-0.323,Low,5,Kharif
Sangli,Red,60,50,50,7.0,800,25,Sorghum,10:26:26 NPK,0.583,0.24,0.973,3.16,6.06,2.88,0.62,10.75,514.5,80.36,1.1998,1.1998,0.9998,0.5549,Medium,6,Kharif
Sangli,Red,80,60,50,7.5,900,30,Sorghum,10:26:26 NPK,0.583,0.24,0.973,3.16,6.06,2.88,0.62,10.75,514.5,86.48,1.3331,1.5997,1.1998,0.7493,Medium,7,Kharif
Satara,Black,45,30,25,7.0,500,30,Sorghum,Urea,0.295,0.25,0.073,3.96,6.2,2.4,0.793,4.178,886.2,62.78,1.4995,1.7993,1.1995,-0.4358,Low,5,Kharif
Sangli,Red,70,60,45,7.0,800,25,Sorghum,SSP,0.583,0.24,0.973,3.16,6.06,2.88,0.62,10.75,514.5,81.62,1.1665,1.5552,1.333,0.5549,Medium,6,Kharif
Sangli,Red,60,40,60,6.0,800,25,Sorghum,Urea,0.583,0.24,0.973,3.16,6.06,2.88,0.62,10.75,514.5,80.76,1.4996,0.9998,0.6666,0.5549,Medium,6,Kharif
Solapur,Red,60,40,20,7.5,700,30,Sorghum,Urea,0.45,0.32,0.16,1.56,1.56,0.58,0.5,7.05,481.1,74.59,1.4996,2.9985,1.999,0.455,Medium,6,Kharif
Sangli,Red,65,60,60,6.0,800,25,Sorghum,10:26:26 NPK,0.583,0.24,0.973,3.16,6.06,2.88,0.62,10.75,514.5,80.55,1.0832,1.0832,0.9998,0.5549,Medium,6,Kharif
Satara,Black,55,40,20,6.5,400,25,Sorghum,Urea,0.295,0.25,0.073,3.96,6.2,2.4,0.793,4.178,886.2,63.5,1.3747,2.7486,1.999,-0.5486,Low,5,Kharif
Sangli,Red,75,50,45,7.0,800,25,Sorghum,Urea,0.583,0.24,0.973,3.16,6.06,2.88,0.62,10.75,514.5,78.95,1.4997,1.6663,1.1109,0.5549,Medium,6,Kharif
Solapur,Red,60,30,30,6.5,600,20,Sorghum,SSP,0.45,0.32,0.16,1.56,1.56,0.58,0.5,7.05,481.1,70.93,1.9993,1.9993,0.9997,0.2471,Medium,6,Kharif
Kolhapur,Black,40,25,20,7.5,600,30,Sorghum,10:26:26 NPK,0.88,0.14,2.88,6.35,17.636,3.25,0.72,50.72,1733.1,71.61,1.5994,1.999,1.2494,-0.6538,High,7,Kharif
Satara,Black,60,40,40,6.0,500,30,Sorghum,10:26:26 NPK,0.295,0.25,0.073,3.96,6.2,2.4,0.793,4.178,886.2,65.1,1.4996,1.4996,0.9998,-0.4358,Low,5,Kharif
Solapur,Red,50,40,25,7.5,600,30,Sorghum,SSP,0.45,0.32,0.16,1.56,1.56,0.58,0.5,7.05,481.1,67.38,1.2497,1.9992,1.5994,0.2471,Medium,6,Kharif
Satara,Black,60,35,40,6.0,600,35,Sorghum,Urea,0.295,0.25,0.073,3.96,6.2,2.4,0.793,4.178,886.2,67.74,1.7138,1.4996,0.8748,-0.323,Low,5,Kharif
Sangli,Red,80,60,45,7.0,800,25,Sorghum,SSP,0.583,0.24,0.973,3.16,6.06,2.88,0.62,10.75,514.5,80.84,1.3331,1.7774,1.333,0.5549,Medium,7,Kharif
Solapur,Red,55,40,25,7.5,600,30,Sorghum,SSP,0.45,0.32,0.16,1.56,1.56,0.58,0.5,7.05,481.1,69.4,1.3747,2.1991,1.5994,0.2471,Medium,6,Kharif
Satara,Black,60,40,35,6.0,400,25,Sorghum,Urea,0.295,0.25,0.073,3.96,6.2,2.4,0.793,4.178,886.2,60.17,1.4996,1.7138,1.1425,-0.5486,Low,5,Kharif
Kolhapur,Black,50,20,25,7.0,800,25,Sorghum,10:26:26 NPK,0.88,0.14,2.88,6.35,17.636,3.25,0.72,50.72,1733.1,80.45,2.4988,1.9992,0.7997,-0.5384,High,6,Kharif
Kolhapur,Black,35,30,25,7.0,700,25,Sorghum,Urea,0.88,0.14,2.88,6.35,17.636,3.25,0.72,50.72,1733.1,72.07,1.1663,1.3994,1.1995,-0.5961,High,6,Kharif
Kolhapur,Black,30,30,40,7.0,700,30,Sorghum,Urea,0.88,0.14,2.88,6.35,17.636,3.25,0.72,50.72,1733.1,73.85,0.9997,0.7498,0.7498,-0.5961,High,6,Kharif
Satara,Black,40,40,20,6.5,400,25,Sorghum,Urea,0.295,0.25,0.073,3.96,6.2,2.4,0.793,4.178,886.2,61.65,0.9998,1.999,1.999,-0.5486,Low,5,Kharif
Satara,Black,55,40,40,6.0,500,30,Sorghum,10:26:26 NPK,0.295,0.25,0.073,3.96,6.2,2.4,0.793,4.178,886.2,64.54,1.3747,1.3747,0.9998,-0.4358,Low,5,Kharif
Kolhapur,Black,45,20,25,7.0,800,25,Sorghum,10:26:26 NPK,0.88,0.14,2.88,6.35,17.636,3.25,0.72,50.72,1733.1,77.54,2.2489,1.7993,0.7997,-0.5384,High,6,Kharif
Sangli,Red,65,50,45,7.0,800,25,Sorghum,Urea,0.583,0.24,0.973,3.16,6.06,2.88,0.62,10.75,514.5,79.7,1.2997,1.4441,1.1109,0.5549,Medium,6,Kharif
Sangli,Red,60,55,45,7.0,800,25,Sorghum,10:26:26 NPK,0.583,0.24,0.973,3.16,6.06,2.88,0.62,10.75,514.5,80.98,1.0907,1.333,1.222,0.5549,Medium,6,Kharif
Pune,Black,50,30,35,6.0,700,25,Sorghum,Urea,0.41,0.408,0.46,1.32,2.802,0.53,0.374,6.746,861.6,77.47,1.6661,1.4282,0.8569,-0.1876,Medium,6,Kharif
Sangli,Red,75,50,40,6.5,900,30,Sorghum,10:26:26 NPK,0.583,0.24,0.973,3.16,6.06,2.88,0.62,10.75,514.5,86.34,1.4997,1.8745,1.2497,0.7493,Medium,6,Kharif
Pune,Black,70,35,30,6.5,800,30,Sorghum,SSP,0.41,0.408,0.46,1.32,2.802,0.53,0.374,6.746,861.6,78.09,1.9994,2.3326,1.1663,-0.0715,Medium,6,Kharif
Satara,Black,45,20,25,6.5,600,35,Sorghum,Urea,0.295,0.25,0.073,3.96,6.2,2.4,0.793,4.178,886.2,68.78,2.2489,1.7993,0.7997,-0.323,Low,4,Kharif
Satara,Black,50,40,20,6.5,400,25,Sorghum,Urea,0.295,0.25,0.073,3.96,6.2,2.4,0.793,4.178,886.2,56.79,1.2497,2.4988,1.999,-0.5486,Low,5,Kharif
Sangli,Red,80,40,40,6.0,800,25,Sorghum,10:26:26 NPK,0.583,0.24,0.973,3.16,6.06,2.88,0.62,10.75,514.5,81.04,1.9995,1.9995,0.9998,0.5549,Medium,7,Kharif
Solapur,Red,60,35,30,7.0,600,25,Sorghum,Urea,0.45,0.32,0.16,1.56,1.56,0.58,0.5,7.05,481.1,68.94,1.7138,1.9993,1.1663,0.2471,Medium,6,Kharif
Sangli,Red,70,45,40,6.5,900,30,Sorghum,Urea,0.583,0.24,0.973,3.16,6.06,2.88,0.62,10.75,514.5,87.22,1.5552,1.7496,1.1247,0.7493,Medium,6,Kharif
Satara,Black,60,40,30,7.5,500,30,Sorghum,10:26:26 NPK,0.295,0.25,0.073,3.96,6.2,2.4,0.793,4.178,886.2,62.62,1.4996,1.9993,1.3329,-0.4358,Low,5,Kharif
Sangli,Red,75,45,40,6.5,900,30,Sorghum,Urea,0.583,0.24,0.973,3.16,6.06,2.88,0.62,10.75,514.5,85.66,1.6663,1.8745,1.1247,0.7493,Medium,6,Kharif
Satara,Black,40,40,30,7.5,500,30,Sorghum,10:26:26 NPK,0.295,0.25,0.073,3.96,6.2,2.4,0.793,4.178,886.2,63.91,0.9998,1.3329,1.3329,-0.4358,Low,5,Kharif
Sangli,Red,80,40,45,6.5,900,30,Sorghum,Urea,0.583,0.24,0.973,3.16,6.06,2.88,0.62,10.75,514.5,82.05,1.9995,1.7774,0.8887,0.7493,Medium,7,Kharif
Sangli,Red,75,60,45,7.0,800,25,Sorghum,SSP,0.583,0.24,0.973,3.16,6.06,2.88,0.62,10.75,514.5,78.01,1.2498,1.6663,1.333,0.5549,Medium,6,Kharif
Satara,Black,60,25,40,6.0,500,30,Sorghum,10:26:26 NPK,0.295,0.25,0.073,3.96,6.2,2.4,0.793,4.178,886.2,63.54,2.399,1.4996,0.6248,-0.4358,Low,5,Kharif
Satara,Black,50,40,30,7.5,500,30,Sorghum,10:26:26 NPK,0.295,0.25,0.073,3.96,6.2,2.4,0.793,4.178,886.2,60.16,1.2497,1.6661,1.3329,-0.4358,Low,5,Kharif
Sangli,Red,80,40,50,7.0,800,25,Sorghum,SSP,0.583,0.24,0.973,3.16,6.06,2.88,0.62,10.75,514.5,79.18,1.9995,1.5997,0.7998,0.5549,Medium,7,Kharif
Satara,Black,55,40,35,6.0,400,25,Sorghum,Urea,0.295,0.25,0.073,3.96,6.2,2.4,0.793,4.178,886.2,60.66,1.3747,1.571,1.1425,-0.5486,Low,5,Kharif
Sangli,Red,75,40,50,7.0,800,25,Sorghum,SSP,0.583,0.24,0.973,3.16,6.06,2.88,0.62,10.75,514.5,81.17,1.8745,1.4997,0.7998,0.5549,Medium,6,Kharif
Satara,Black,40,25,30,7.0,400,25,Sorghum,Urea,0.295,0.25,0.073,3.96,6.2,2.4,0.793,4.178,886.2,59.54,1.5994,1.3329,0.8331,-0.5486,Low,5,Kharif
Kolhapur,Black,35,30,40,7.0,700,30,Sorghum,Urea,0.88,0.14,2.88,6.35,17.636,3.25,0.72,50.72,1733.1,70.16,1.1663,0.8748,0.7498,-0.5961,High,6,Kharif
Kolhapur,Black,25,35,35,7.5,800,25,Sorghum,10:26:26 NPK,0.88,0.14,2.88,6.35,17.636,3.25,0.72,50.72,1733.1,78.96,0.7141,0.7141,0.9997,-0.5384,High,6,Kharif
Sangli,Red,65,55,60,6.0,800,25,Sorghum,Urea,0.583,0.24,0.973,3.16,6.06,2.88,0.62,10.75,514.5,75.85,1.1816,1.0832,0.9165,0.5549,Medium,6,Kharif
Satara,Black,45,30,20,6.5,600,35,Sorghum,10:26:26 NPK,0.295,0.25,0.073,3.96,6.2,2.4,0.793,4.178,886.2,65.32,1.4995,2.2489,1.4993,-0.323,Low,5,Kharif
Sangli,Red,60,50,60,6.0,800,25,Sorghum,SSP,0.583,0.24,0.973,3.16,6.06,2.88,0.62,10.75,514.5,80.42,1.1998,0.9998,0.8332,0.5549,Medium,6,Kharif
Satara,Black,55,30,30,7.0,600,35,Sorghum,10:26:26 NPK,0.295,0.25,0.073,3.96,6.2,2.4,0.793,4.178,886.2,70.68,1.8327,1.8327,0.9997,-0.323,Low,5,Kharif
Satara,Black,40,25,40,6.0,500,30,Sorghum,10:26:26 NPK,0.295,0.25,0.073,3.96,6.2,2.4,0.793,4.178,886.2,62.43,1.5994,0.9998,0.6248,-0.4358,Low,5,Kharif
Sangli,Red,70,55,50,7.5,900,30,Sorghum,Urea,0.583,0.24,0.973,3.16,6.06,2.88,0.62,10.75,514.5,83.27,1.2725,1.3997,1.0998,0.7493,Medium,6,Kharif
Sangli,Red,65,45,50,7.0,800,25,Sorghum,Urea,0.583,0.24,0.973,3.16,6.06,2.88,0.62,10.75,514.5,81.33,1.4441,1.2997,0.8998,0.5549,Medium,6,Kharif
Satara,Black,55,35,35,7.5,400,25,Sorghum,10:26:26 NPK,0.295,0.25,0.073,3.96,6.2,2.4,0.793,4.178,886.2,61.64,1.571,1.571,0.9997,-0.5486,Low,5,Kharif
Pune,Black,65,40,40,7.0,900,35,Sorghum,10:26:26 NPK,0.41,0.408,0.46,1.32,2.802,0.53,0.374,6.746,861.6,82.77,1.6246,1.6246,0.9998,0.0446,Medium,6,Kharif
Sangli,Red,75,60,40,6.5,900,30,Sorghum,Urea,0.583,0.24,0.973,3.16,6.06,2.88,0.62,10.75,514.5,82.9,1.2498,1.8745,1.4996,0.7493,Medium,6,Kharif
Pune,Black,70,40,30,7.0,900,35,Sorghum,Urea,0.41,0.408,0.46,1.32,2.802,0.53,0.374,6.746,861.6,82.6,1.7496,2.3326,1.3329,0.0446,Medium,6,Kharif
Sangli,Red,75,45,55,7.5,900,30,Sorghum,SSP,0.583,0.24,0.973,3.16,6.06,2.88,0.62,10.75,514.5,83.35,1.6663,1.3634,0.818,0.7493,Medium,6,Kharif
Pune,Black,60,35,35,6.5,800,30,Sorghum,10:26:26 NPK,0.41,0.408,0.46,1.32,2.802,0.53,0.374,6.746,861.6,80.72,1.7138,1.7138,0.9997,-0.0715,Medium,6,Kharif
Satara,Black,40,35,20,6.5,500,30,Sorghum,SSP,0.295,0.25,0.073,3.96,6.2,2.4,0.793,4.178,886.2,64.48,1.1425,1.999,1.7491,-0.4358,Low,5,Kharif
Sangli,Red,70,60,60,6.0,800,25,Sorghum,10:26:26 NPK,0.583,0.24,0.973,3.16,6.06,2.88,0.62,10.75,514.5,79.96,1.1665,1.1665,0.9998,0.5549,Medium,6,Kharif
Satara,Black,50,30,35,7.5,500,30,Sorghum,Urea,0.295,0.25,0.073,3.96,6.2,2.4,0.793,4.178,886.2,63.33,1.6661,1.4282,0.8569,-0.4358,Low,5,Kharif
Satara,Black,40,25,35,7.5,600,35,Sorghum,SSP,0.295,0.25,0.073,3.96,6.2,2.4,0.793,4.178,886.2,67.53,1.5994,1.1425,0.7141,-0.323,Low,5,Kharif
Satara,Black,40,20,40,6.0,600,35,Sorghum,Urea,0.295,0.25,0.073,3.96,6.2,2.4,0.793,4.178,886.2,67.01,1.999,0.9998,0.4999,-0.323,Low,4,Kharif
Satara,Black,55,40,30,7.5,500,30,Sorghum,10:26:26 NPK,0.295,0.25,0.073,3.96,6.2,2.4,0.793,4.178,886.2,63.97,1.3747,1.8327,1.3329,-0.4358,Low,5,Kharif
Pune,Black,60,35,30,6.5,800,30,Sorghum,SSP,0.41,0.408,0.46,1.32,2.802,0.53,0.374,6.746,861.6,78.51,1.7138,1.9993,1.1663,-0.0715,Medium,6,Kharif
Kolhapur,Black,30,25,25,6.5,600,25,Sorghum,10:26:26 NPK,0.88,0.14,2.88,6.35,17.636,3.25,0.72,50.72,1733.1,64.76,1.1995,1.1995,0.9996,-0.6538,High,6,Kharif
Satara,Black,40,25,20,6.5,400,25,Sorghum,Urea,0.295,0.25,0.073,3.96,6.2,2.4,0.793,4.178,886.2,59.44,1.5994,1.999,1.2494,-0.5486,Low,5,Kharif
Satara,Black,45,35,35,7.5,400,25,Sorghum,10:26:26 NPK,0.295,0.25,0.073,3.96,6.2,2.4,0.793,4.178,886.2,61.62,1.2853,1.2853,0.9997,-0.5486,Low,5,Kharif
Sangli,Red,75,40,40,6.0,800,25,Sorghum,10:26:26 NPK,0.583,0.24,0.973,3.16,6.06,2.88,0.62,10.75,514.5,78.57,1.8745,1.8745,0.9998,0.5549,Medium,6,Kharif
Sangli,Red,70,45,45,6.5,900,30,Sorghum,10:26:26 NPK,0.583,0.24,0.973,3.16,6.06,2.88,0.62,10.75,514.5,82.01,1.5552,1.5552,0.9998,0.7493,Medium,6,Kharif
Kolhapur,Black,25,35,30,7.5,800,30,Sorghum,Urea,0.88,0.14,2.88,6.35,17.636,3.25,0.72,50.72,1733.1,79.01,0.7141,0.8331,1.1663,-0.5384,High,6,Kharif
Satara,Black,45,40,40,6.0,500,30,Sorghum,10:26:26 NPK,0.295,0.25,0.073,3.96,6.2,2.4,0.793,4.178,886.2,62.16,1.1247,1.1247,0.9998,-0.4358,Low,5,Kharif
Sangli,Red,70,40,55,7.5,900,30,Sorghum,10:26:26 NPK,0.583,0.24,0.973,3.16,6.06,2.88,0.62,10.75,514.5,81.47,1.7496,1.2725,0.7271,0.7493,Medium,6,Kharif
Sangli,Red,60,40,40,6.0,800,25,Sorghum,10:26:26 NPK,0.583,0.24,0.973,3.16,6.06,2.88,0.62,10.75,514.5,79.68,1.4996,1.4996,0.9998,0.5549,Medium,6,Kharif
Sangli,Red,70,50,55,7.5,900,30,Sorghum,Urea,0.583,0.24,0.973,3.16,6.06,2.88,0.62,10.75,514.5,80.46,1.3997,1.2725,0.9089,0.7493,Medium,6,Kharif
Sangli,Red,75,50,55,7.5,900,30,Sorghum,Urea,0.583,0.24,0.973,3.16,6.06,2.88,0.62,10.75,514.5,84.94,1.4997,1.3634,0.9089,0.7493,Medium,6,Kharif
Sangli,Red,65,50,40,6.5,900,30,Sorghum,10:26:26 NPK,0.583,0.24,0.973,3.16,6.06,2.88,0.62,10.75,514.5,84.37,1.2997,1.6246,1.2497,0.7493,Medium,6,Kharif
Sangli,Red,80,50,45,7.0,800,25,Sorghum,Urea,0.583,0.24,0.973,3.16,6.06,2.88,0.62,10.75,514.5,80.99,1.5997,1.7774,1.1109,0.5549,Medium,7,Kharif
Satara,Black,55,20,25,6.5,600,35,Sorghum,Urea,0.295,0.25,0.073,3.96,6.2,2.4,0.793,4.178,886.2,70.09,2.7486,2.1991,0.7997,-0.323,Low,4,Kharif
Solapur,Red,60,30,20,6.5,600,20,Sorghum,10:26:26 NPK,0.45,0.32,0.16,1.56,1.56,0.58,0.5,7.05,481.1,69.39,1.9993,2.9985,1.4993,0.2471,Medium,6,Kharif
Sangli,Red,75,55,45,7.0,800,25,Sorghum,10:26:26 NPK,0.583,0.24,0.973,3.16,6.06,2.88,0.62,10.75,514.5,79.59,1.3634,1.6663,1.222,0.5549,Medium,6,Kharif
Kolhapur,Black,40,35,30,7.5,800,30,Sorghum,Urea,0.88,0.14,2.88,6.35,17.636,3.25,0.72,50.72,1733.1,78.16,1.1425,1.3329,1.1663,-0.5384,High,7,Kharif
Solapur,Red,60,30,25,6.5,700,20,Sorghum,Urea,0.45,0.32,0.16,1.56,1.56,0.58,0.5,7.05,481.1,76.13,1.9993,2.399,1.1995,0.455,Medium,6,Kharif
Sangli,Red,65,40,60,6.0,800,25,Sorghum,Urea,0.583,0.24,0.973,3.16,6.06,2.88,0.62,10.75,514.5,78.06,1.6246,1.0832,0.6666,0.5549,Medium,6,Kharif
Satara,Black,55,25,25,6.5,500,30,Sorghum,10:26:26 NPK,0.295,0.25,0.073,3.96,6.2,2.4,0.793,4.178,886.2,62.56,2.1991,2.1991,0.9996,-0.4358,Low,5,Kharif
Pune,Black,60,30,35,6.0,700,25,Sorghum,Urea,0.41,0.408,0.46,1.32,2.802,0.53,0.374,6.746,861.6,76.19,1.9993,1.7138,0.8569,-0.1876,Medium,6,Kharif
Sangli,Red,65,40,45,6.5,900,30,Sorghum,Urea,0.583,0.24,0.973,3.16,6.06,2.88,0.62,10.75,514.5,85.65,1.6246,1.4441,0.8887,0.7493,Medium,6,Kharif
Satara,Black,60,25,30,7.0,400,25,Sorghum,Urea,0.295,0.25,0.073,3.96,6.2,2.4,0.793,4.178,886.2,61.14,2.399,1.9993,0.8331,-0.5486,Low,5,Kharif
Sangli,Red,60,60,60,6.0,800,25,Sorghum,10:26:26 NPK,0.583,0.24,0.973,3.16,6.06,2.88,0.62,10.75,514.5,84.08,0.9998,0.9998,0.9998,0.5549,Medium,6,Kharif
Satara,Black,40,30,20,6.5,600,35,Sorghum,10:26:26 NPK,0.295,0.25,0.073,3.96,6.2,2.4,0.793,4.178,886.2,70.91,1.3329,1.999,1.4993,-0.323,Low,5,Kharif
Sangli,Red,65,50,60,6.0,800,25,Sorghum,SSP,0.583,0.24,0.973,3.16,6.06,2.88,0.62,10.75,514.5,78.01,1.2997,1.0832,0.8332,0.5549,Medium,6,Kharif
Kolhapur,Black,40,35,25,7.5,800,25,Sorghum,SSP,0.88,0.14,2.88,6.35,17.636,3.25,0.72,50.72,1733.1,79.93,1.1425,1.5994,1.3994,-0.5384,High,7,Kharif
Pune,Black,60,40,40,7.0,900,35,Sorghum,10:26:26 NPK,0.41,0.408,0.46,1.32,2.802,0.53,0.374,6.746,861.6,85.84,1.4996,1.4996,0.9998,0.0446,Medium,6,Kharif
Kolhapur,Black,50,25,25,6.5,700,30,Sorghum,10:26:26 NPK,0.88,0.14,2.88,6.35,17.636,3.25,0.72,50.72,1733.1,73.36,1.9992,1.9992,0.9996,-0.5961,High,7,Kharif
Sangli,Red,70,55,40,6.5,900,30,Sorghum,SSP,0.583,0.24,0.973,3.16,6.06,2.88,0.62,10.75,514.5,82.21,1.2725,1.7496,1.3747,0.7493,Medium,6,Kharif
Solapur,Red,55,35,30,7.0,600,25,Sorghum,Urea,0.45,0.32,0.16,1.56,1.56,0.58,0.5,7.05,481.1,66.87,1.571,1.8327,1.1663,0.2471,Medium,6,Kharif
Sangli,Red,75,55,55,7.5,900,30,Sorghum,10:26:26 NPK,0.583,0.24,0.973,3.16,6.06,2.88,0.62,10.75,514.5,80.06,1.3634,1.3634,0.9998,0.7493,Medium,6,Kharif
Satara,Black,50,30,20,6.5,600,35,Sorghum,10:26:26 NPK,0.295,0.25,0.073,3.96,6.2,2.4,0.793,4.178,886.2,69.39,1.6661,2.4988,1.4993,-0.323,Low,5,Kharif
Kolhapur,Black,45,25,20,7.5,600,30,Sorghum,10:26:26 NPK,0.88,0.14,2.88,6.35,17.636,3.25,0.72,50.72,1733.1,65.79,1.7993,2.2489,1.2494,-0.6538,High,7,Kharif
Satara,Black,40,30,40,6.0,400,25,Sorghum,SSP,0.295,0.25,0.073,3.96,6.2,2.4,0.793,4.178,886.2,59.87,1.3329,0.9998,0.7498,-0.5486,Low,5,Kharif
Kolhapur,Black,30,35,35,7.5,800,25,Sorghum,10:26:26 NPK,0.88,0.14,2.88,6.35,17.636,3.25,0.72,50.72,1733.1,78.38,0.8569,0.8569,0.9997,-0.5384,High,6,Kharif
Kolhapur,Black,20,30,40,7.0,700,30,Sorghum,Urea,0.88,0.14,2.88,6.35,17.636,3.25,0.72,50.72,1733.1,74.35,0.6664,0.4999,0.7498,-0.5961,High,6,Kharif
Kolhapur,Black,35,35,30,7.5,800,30,Sorghum,Urea,0.88,0.14,2.88,6.35,17.636,3.25,0.72,50.72,1733.1,76.17,0.9997,1.1663,1.1663,-0.5384,High,6,Kharif
Satara,Black,45,40,25,7.0,600,35,Sorghum,SSP,0.295,0.25,0.073,3.96,6.2,2.4,0.793,4.178,886.2,65.52,1.1247,1.7993,1.5994,-0.323,Low,5,Kharif
Satara,Black,55,35,40,6.0,600,35,Sorghum,Urea,0.295,0.25,0.073,3.96,6.2,2.4,0.793,4.178,886.2,67.26,1.571,1.3747,0.8748,-0.323,Low,5,Kharif
Pune,Black,70,30,35,6.0,700,25,Sorghum,Urea,0.41,0.408,0.46,1.32,2.802,0.53,0.374,6.746,861.6,74.74,2.3326,1.9994,0.8569,-0.1876,Medium,6,Kharif
Sangli,Red,70,55,45,7.0,800,25,Sorghum,10:26:26 NPK,0.583,0.24,0.973,3.16,6.06,2.88,0.62,10.75,514.5,80.96,1.2725,1.5552,1.222,0.5549,Medium,6,Kharif
Satara,Black,50,40,35,6.0,400,25,Sorghum,Urea,0.295,0.25,0.073,3.96,6.2,2.4,0.793,4.178,886.2,59.75,1.2497,1.4282,1.1425,-0.5486,Low,5,Kharif
Solapur,Red,60,35,20,7.0,700,25,Sorghum,SSP,0.45,0.32,0.16,1.56,1.56,0.58,0.5,7.05,481.1,73.53,1.7138,2.9985,1.7491,0.455,Medium,6,Kharif
Kolhapur,Black,25,30,35,7.0,700,25,Sorghum,SSP,0.88,0.14,2.88,6.35,17.636,3.25,0.72,50.72,1733.1,72.2,0.8331,0.7141,0.8569,-0.5961,High,6,Kharif
Sangli,Red,65,55,55,7.5,900,30,Sorghum,10:26:26 NPK,0.583,0.24,0.973,3.16,6.06,2.88,0.62,10.75,514.5,83.1,1.1816,1.1816,0.9998,0.7493,Medium,6,Kharif
Pune,Black,60,30,40,6.0,700,25,Sorghum,SSP,0.41,0.408,0.46,1.32,2.802,0.53,0.374,6.746,861.6,73.45,1.9993,1.4996,0.7498,-0.1876,Medium,6,Kharif
Sangli,Red,60,40,55,7.5,900,30,Sorghum,10:26:26 NPK,0.583,0.24,0.973,3.16,6.06,2.88,0.62,10.75,514.5,82.29,1.4996,1.0907,0.7271,0.7493,Medium,6,Kharif
Satara,Black,60,20,35,7.5,400,25,Sorghum,10:26:26 NPK,0.295,0.25,0.073,3.96,6.2,2.4,0.793,4.178,886.2,64.73,2.9985,1.7138,0.5713,-0.5486,Low,4,Kharif
Kolhapur,Black,25,35,25,7.5,800,25,Sorghum,SSP,0.88,0.14,2.88,6.35,17.636,3.25,0.72,50.72,1733.1,84.93,0.7141,0.9996,1.3994,-0.5384,High,6,Kharif
Sangli,Red,65,45,60,6.0,800,25,Sorghum,10:26:26 NPK,0.583,0.24,0.973,3.16,6.06,2.88,0.62,10.75,514.5,79.2,1.4441,1.0832,0.7499,0.5549,Medium,6,Kharif
Satara,Black,50,25,20,6.5,400,25,Sorghum,Urea,0.295,0.25,0.073,3.96,6.2,2.4,0.793,4.178,886.2,60.68,1.9992,2.4988,1.2494,-0.5486,Low,5,Kharif
Sangli,Red,60,45,50,7.0,800,25,Sorghum,Urea,0.583,0.24,0.973,3.16,6.06,2.88,0.62,10.75,514.5,82.61,1.333,1.1998,0.8998,0.5549,Medium,6,Kharif
Sangli,Red,70,40,60,6.0,800,25,Sorghum,Urea,0.583,0.24,0.973,3.16,6.06,2.88,0.62,10.75,514.5,79.38,1.7496,1.1665,0.6666,0.5549,Medium,6,Kharif
Kolhapur,Black,40,25,25,6.5,600,25,Sorghum,10:26:26 NPK,0.88,0.14,2.88,6.35,17.636,3.25,0.72,50.72,1733.1,70.17,1.5994,1.5994,0.9996,-0.6538,High,7,Kharif
Sangli,Red,70,45,50,7.0,800,25,Sorghum,Urea,0.583,0.24,0.973,3.16,6.06,2.88,0.62,10.75,514.5,78.89,1.5552,1.3997,0.8998,0.5549,Medium,6,Kharif
Pune,Black,65,30,30,6.0,700,25,Sorghum,10:26:26 NPK,0.41,0.408,0.46,1.32,2.802,0.53,0.374,6.746,861.6,78.36,2.1659,2.1659,0.9997,-0.1876,Medium,6,Kharif
Satara,Black,45,20,20,6.0,400,25,Sorghum,10:26:26 NPK,0.295,0.25,0.073,3.96,6.2,2.4,0.793,4.178,886.2,58.7,2.2489,2.2489,0.9995,-0.5486,Low,4,Kharif
Sangli,Red,70,40,40,6.0,800,25,Sorghum,10:26:26 NPK,0.583,0.24,0.973,3.16,6.06,2.88,0.62,10.75,514.5,77.3,1.7496,1.7496,0.9998,0.5549,Medium,6,Kharif
Sangli,Red,70,50,45,7.0,800,25,Sorghum,Urea,0.583,0.24,0.973,3.16,6.06,2.88,0.62,10.75,514.5,77.13,1.3997,1.5552,1.1109,0.5549,Medium,6,Kharif
Satara,Black,60,30,25,7.0,500,30,Sorghum,Urea,0.295,0.25,0.073,3.96,6.2,2.4,0.793,4.178,886.2,69.9,1.9993,2.399,1.1995,-0.4358,Low,5,Kharif
Satara,Black,50,40,25,7.0,600,35,Sorghum,SSP,0.295,0.25,0.073,3.96,6.2,2.4,0.793,4.178,886.2,69.74,1.2497,1.9992,1.5994,-0.323,Low,5,Kharif
Solapur,Red,60,40,25,7.5,600,30,Sorghum,SSP,0.45,0.32,0.16,1.56,1.56,0.58,0.5,7.05,481.1,71.3,1.4996,2.399,1.5994,0.2471,Medium,6,Kharif
Satara,Black,45,35,30,7.5,600,35,Sorghum,Urea,0.295,0.25,0.073,3.96,6.2,2.4,0.793,4.178,886.2,65.3,1.2853,1.4995,1.1663,-0.323,Low,5,Kharif
Kolhapur,Black,45,20,20,6.0,600,25,Sorghum,10:26:26 NPK,0.88,0.14,2.88,6.35,17.636,3.25,0.72,50.72,1733.1,70.95,2.2489,2.2489,0.9995,-0.6538,High,6,Kharif
Kolhapur,Black,30,25,30,6.5,600,30,Sorghum,SSP,0.88,0.14,2.88,6.35,17.636,3.25,0.72,50.72,1733.1,70.5,1.1995,0.9997,0.8331,-0.6538,High,6,Kharif
Kolhapur,Black,30,25,35,6.5,600,25,Sorghum,Urea,0.88,0.14,2.88,6.35,17.636,3.25,0.72,50.72,1733.1,69.68,1.1995,0.8569,0.7141,-0.6538,High,6,Kharif
Sangli,Red,75,55,60,6.0,800,25,Sorghum,Urea,0.583,0.24,0.973,3.16,6.06,2.88,0.62,10.75,514.5,79.7,1.3634,1.2498,0.9165,0.5549,Medium,6,Kharif
Satara,Black,45,20,40,6.0,600,35,Sorghum,Urea,0.295,0.25,0.073,3.96,6.2,2.4,0.793,4.178,886.2,70.89,2.2489,1.1247,0.4999,-0.323,Low,4,Kharif
Pune,Black,55,30,30,6.0,700,25,Sorghum,10:26:26 NPK,0.41,0.408,0.46,1.32,2.802,0.53,0.374,6.746,861.6,76.27,1.8327,1.8327,0.9997,-0.1876,Medium,6,Kharif
Kolhapur,Black,30,35,30,7.5,800,30,Sorghum,Urea,0.88,0.14,2.88,6.35,17.636,3.25,0.72,50.72,1733.1,78.53,0.8569,0.9997,1.1663,-0.5384,High,6,Kharif
Sangli,Red,75,45,60,6.0,800,25,Sorghum,10:26:26 NPK,0.583,0.24,0.973,3.16,6.06,2.88,0.62,10.75,514.5,79.2,1.6663,1.2498,0.7499,0.5549,Medium,6,Kharif
Sangli,Red,65,45,45,6.5,900,30,Sorghum,10:26:26 NPK,0.583,0.24,0.973,3.16,6.06,2.88,0.62,10.75,514.5,84.34,1.4441,1.4441,0.9998,0.7493,Medium,6,Kharif
Sangli,Red,65,50,55,7.5,900,30,Sorghum,Urea,0.583,0.24,0.973,3.16,6.06,2.88,0.62,10.75,514.5,82.48,1.2997,1.1816,0.9089,0.7493,Medium,6,Kharif
Sangli,Red,80,50,60,6.0,800,25,Sorghum,SSP,0.583,0.24,0.973,3.16,6.06,2.88,0.62,10.75,514.5,76.8,1.5997,1.3331,0.8332,0.5549,Medium,7,Kharif
Satara,Black,55,30,40,6.0,400,25,Sorghum,SSP,0.295,0.25,0.073,3.96,6.2,2.4,0.793,4.178,886.2,62.97,1.8327,1.3747,0.7498,-0.5486,Low,5,Kharif
Sangli,Red,60,50,45,7.0,800,25,Sorghum,Urea,0.583,0.24,0.973,3.16,6.06,2.88,0.62,10.75,514.5,79.07,1.1998,1.333,1.1109,0.5549,Medium,6,Kharif
Satara,Black,60,30,35,7.5,500,30,Sorghum,Urea,0.295,0.25,0.073,3.96,6.2,2.4,0.793,4.178,886.2,61.96,1.9993,1.7138,0.8569,-0.4358,Low,5,Kharif
Kolhapur,Black,50,20,20,6.0,600,25,Sorghum,10:26:26 NPK,0.88,0.14,2.88,6.35,17.636,3.25,0.72,50.72,1733.1,68.16,2.4988,2.4988,0.9995,-0.6538,High,6,Kharif
Satara,Black,45,30,35,7.5,500,30,Sorghum,Urea,0.295,0.25,0.073,3.96,6.2,2.4,0.793,4.178,886.2,66.25,1.4995,1.2853,0.8569,-0.4358,Low,5,Kharif
Satara,Black,60,20,25,6.5,600,35,Sorghum,Urea,0.295,0.25,0.073,3.96,6.2,2.4,0.793,4.178,886.2,70.34,2.9985,2.399,0.7997,-0.323,Low,4,Kharif
Kolhapur,Black,35,30,30,7.0,700,30,Sorghum,10:26:26 NPK,0.88,0.14,2.88,6.35,17.636,3.25,0.72,50.72,1733.1,73.56,1.1663,1.1663,0.9997,-0.5961,High,6,Kharif
Kolhapur,Black,45,25,25,6.5,700,30,Sorghum,10:26:26 NPK,0.88,0.14,2.88,6.35,17.636,3.25,0.72,50.72,1733.1,72.43,1.7993,1.7993,0.9996,-0.5961,High,7,Kharif
Sangli,Red,65,40,55,7.5,900,30,Sorghum,10:26:26 NPK,0.583,0.24,0.973,3.16,6.06,2.88,0.62,10.75,514.5,84.2,1.6246,1.1816,0.7271,0.7493,Medium,6,Kharif
Kolhapur,Black,40,35,35,7.5,800,25,Sorghum,10:26:26 NPK,0.88,0.14,2.88,6.35,17.636,3.25,0.72,50.72,1733.1,81.83,1.1425,1.1425,0.9997,-0.5384,High,7,Kharif
Satara,Black,50,25,35,7.5,600,35,Sorghum,SSP,0.295,0.25,0.073,3.96,6.2,2.4,0.793,4.178,886.2,66.62,1.9992,1.4282,0.7141,-0.323,Low,5,Kharif
Kolhapur,Black,20,35,25,7.5,800,25,Sorghum,SSP,0.88,0.14,2.88,6.35,17.636,3.25,0.72,50.72,1733.1,80.12,0.5713,0.7997,1.3994,-0.5384,High,6,Kharif
Pune,Black,55,40,40,7.0,900,35,Sorghum,10:26:26 NPK,0.41,0.408,0.46,1.32,2.802,0.53,0.374,6.746,861.6,80.8,1.3747,1.3747,0.9998,0.0446,Medium,6,Kharif
Sangli,Red,80,55,45,7.0,800,25,Sorghum,10:26:26 NPK,0.583,0.24,0.973,3.16,6.06,2.88,0.62,10.75,514.5,78.94,1.4543,1.7774,1.222,0.5549,Medium,7,Kharif
Satara,Black,50,35,30,7.5,600,35,Sorghum,Urea,0.295,0.25,0.073,3.96,6.2,2.4,0.793,4.178,886.2,65.36,1.4282,1.6661,1.1663,-0.323,Low,5,Kharif
Sangli,Red,60,45,55,7.5,900,30,Sorghum,SSP,0.583,0.24,0.973,3.16,6.06,2.88,0.62,10.75,514.5,84.51,1.333,1.0907,0.818,0.7493,Medium,6,Kharif
Sangli,Red,65,55,50,7.5,900,30,Sorghum,Urea,0.583,0.24,0.973,3.16,6.06,2.88,0.62,10.75,514.5,81.79,1.1816,1.2997,1.0998,0.7493,Medium,6,Kharif
Sangli,Red,70,50,50,7.0,800,25,Sorghum,10:26:26 NPK,0.583,0.24,0.973,3.16,6.06,2.88,0.62,10.75,514.5,77.05,1.3997,1.3997,0.9998,0.5549,Medium,6,Kharif
Satara,Black,55,25,20,6.5,400,25,Sorghum,Urea,0.295,0.25,0.073,3.96,6.2,2.4,0.793,4.178,886.2,61.14,2.1991,2.7486,1.2494,-0.5486,Low,5,Kharif
Satara,Black,55,30,25,7.0,500,30,Sorghum,Urea,0.295,0.25,0.073,3.96,6.2,2.4,0.793,4.178,886.2,62.35,1.8327,2.1991,1.1995,-0.4358,Low,5,Kharif
Solapur,Black,60,35,20,6.5,400,25,Soyabean,SSP,0.45,0.32,0.16,1.56,1.56,0.58,0.5,7.05,481.1,59.95,1.7138,2.9985,1.7491,-0.1686,Medium,6,Kharif
Solapur,Black,40,40,20,7.0,400,30,Soyabean,20:20:20 NPK,0.45,0.32,0.16,1.56,1.56,0.58,0.5,7.05,481.1,57.75,0.9998,1.999,1.999,-0.1686,Medium,6,Kharif
Solapur,Black,45,40,20,7.0,400,30,Soyabean,20:20:20 NPK,0.45,0.32,0.16,1.56,1.56,0.58,0.5,7.05,481.1,60.72,1.1247,2.2489,1.999,-0.1686,Medium,6,Kharif
Solapur,Black,55,40,25,7.0,300,30,Soyabean,SSP,0.45,0.32,0.16,1.56,1.56,0.58,0.5,7.05,481.1,52.65,1.3747,2.1991,1.5994,-0.3764,Medium,6,Kharif
Solapur,Black,40,35,20,6.5,400,25,Soyabean,SSP,0.45,0.32,0.16,1.56,1.56,0.58,0.5,7.05,481.1,62.38,1.1425,1.999,1.7491,-0.1686,Medium,6,Kharif
Solapur,Black,45,40,25,7.0,300,30,Soyabean,SSP,0.45,0.32,0.16,1.56,1.56,0.58,0.5,7.05,481.1,53.67,1.1247,1.7993,1.5994,-0.3764,Medium,6,Kharif
Solapur,Black,60,30,20,6.0,300,20,Soyabean,Urea,0.45,0.32,0.16,1.56,1.56,0.58,0.5,7.05,481.1,56.57,1.9993,2.9985,1.4993,-0.3764,Medium,6,Kharif
Solapur,Black,50,40,30,7.0,300,30,Soyabean,Urea,0.45,0.32,0.16,1.56,1.56,0.58,0.5,7.05,481.1,56.27,1.2497,1.6661,1.3329,-0.3764,Medium,6,Kharif
Solapur,Black,55,35,25,6.5,400,25,Soyabean,Urea,0.45,0.32,0.16,1.56,1.56,0.58,0.5,7.05,481.1,60.18,1.571,2.1991,1.3994,-0.1686,Medium,6,Kharif
Solapur,Black,55,30,20,6.0,300,20,Soyabean,Urea,0.45,0.32,0.16,1.56,1.56,0.58,0.5,7.05,481.1,55.89,1.8327,2.7486,1.4993,-0.3764,Medium,6,Kharif
Solapur,Black,45,35,25,6.5,400,25,Soyabean,Urea,0.45,0.32,0.16,1.56,1.56,0.58,0.5,7.05,481.1,61.29,1.2853,1.7993,1.3994,-0.1686,Medium,6,Kharif
Solapur,Black,60,35,30,6.5,300,25,Soyabean,20:20:20 NPK,0.45,0.32,0.16,1.56,1.56,0.58,0.5,7.05,481.1,52.24,1.7138,1.9993,1.1663,-0.3764,Medium,6,Kharif
Solapur,Black,50,30,30,6.0,300,20,Soyabean,SSP,0.45,0.32,0.16,1.56,1.56,0.58,0.5,7.05,481.1,56.86,1.6661,1.6661,0.9997,-0.3764,Medium,6,Kharif
Solapur,Black,60,30,25,6.0,400,20,Soyabean,20:20:20 NPK,0.45,0.32,0.16,1.56,1.56,0.58,0.5,7.05,481.1,63.25,1.9993,2.399,1.1995,-0.1686,Medium,6,Kharif
Solapur,Black,50,30,25,6.0,400,20,Soyabean,20:20:20 NPK,0.45,0.32,0.16,1.56,1.56,0.58,0.5,7.05,481.1,60.96,1.6661,1.9992,1.1995,-0.1686,Medium,6,Kharif
Solapur,Black,55,40,30,7.0,300,30,Soyabean,Urea,0.45,0.32,0.16,1.56,1.56,0.58,0.5,7.05,481.1,55.19,1.3747,1.8327,1.3329,-0.3764,Medium,6,Kharif
Solapur,Black,50,40,25,7.0,300,30,Soyabean,SSP,0.45,0.32,0.16,1.56,1.56,0.58,0.5,7.05,481.1,52.51,1.2497,1.9992,1.5994,-0.3764,Medium,6,Kharif
Solapur,Black,40,30,25,6.0,400,20,Soyabean,20:20:20 NPK,0.45,0.32,0.16,1.56,1.56,0.58,0.5,7.05,481.1,62.31,1.3329,1.5994,1.1995,-0.1686,Medium,6,Kharif
Solapur,Black,60,35,25,6.5,400,25,Soyabean,Urea,0.45,0.32,0.16,1.56,1.56,0.58,0.5,7.05,481.1,59.61,1.7138,2.399,1.3994,-0.1686,Medium,6,Kharif
Solapur,Black,45,30,25,6.0,400,20,Soyabean,20:20:20 NPK,0.45,0.32,0.16,1.56,1.56,0.58,0.5,7.05,481.1,61.39,1.4995,1.7993,1.1995,-0.1686,Medium,6,Kharif
Solapur,Black,50,35,20,6.5,400,25,Soyabean,SSP,0.45,0.32,0.16,1.56,1.56,0.58,0.5,7.05,481.1,60.7,1.4282,2.4988,1.7491,-0.1686,Medium,6,Kharif
Solapur,Black,45,30,30,6.0,300,20,Soyabean,SSP,0.45,0.32,0.16,1.56,1.56,0.58,0.5,7.05,481.1,54.72,1.4995,1.4995,0.9997,-0.3764,Medium,6,Kharif
Solapur,Black,50,40,20,7.0,400,30,Soyabean,20:20:20 NPK,0.45,0.32,0.16,1.56,1.56,0.58,0.5,7.05,481.1,60.91,1.2497,2.4988,1.999,-0.1686,Medium,6,Kharif
Solapur,Black,40,30,20,6.0,300,20,Soyabean,Urea,0.45,0.32,0.16,1.56,1.56,0.58,0.5,7.05,481.1,62.28,1.3329,1.999,1.4993,-0.3764,Medium,6,Kharif
Solapur,Black,40,30,30,6.0,300,20,Soyabean,SSP,0.45,0.32,0.16,1.56,1.56,0.58,0.5,7.05,481.1,57.03,1.3329,1.3329,0.9997,-0.3764,Medium,6,Kharif
Solapur,Black,60,40,20,7.0,400,30,Soyabean,20:20:20 NPK,0.45,0.32,0.16,1.56,1.56,0.58,0.5,7.05,481.1,60.45,1.4996,2.9985,1.999,-0.1686,Medium,6,Kharif
Solapur,Black,40,35,25,6.5,400,25,Soyabean,Urea,0.45,0.32,0.16,1.56,1.56,0.58,0.5,7.05,481.1,61.04,1.1425,1.5994,1.3994,-0.1686,Medium,6,Kharif
Solapur,Black,45,40,30,7.0,300,30,Soyabean,Urea,0.45,0.32,0.16,1.56,1.56,0.58,0.5,7.05,481.1,53.61,1.1247,1.4995,1.3329,-0.3764,Medium,6,Kharif
Solapur,Black,55,30,30,6.0,300,20,Soyabean,SSP,0.45,0.32,0.16,1.56,1.56,0.58,0.5,7.05,481.1,57.6,1.8327,1.8327,0.9997,-0.3764,Medium,6,Kharif
Solapur,Black,45,30,20,6.0,300,20,Soyabean,Urea,0.45,0.32,0.16,1.56,1.56,0.58,0.5,7.05,481.1,58.11,1.4995,2.2489,1.4993,-0.3764,Medium,6,Kharif
Solapur,Black,40,40,25,7.0,300,30,Soyabean,SSP,0.45,0.32,0.16,1.56,1.56,0.58,0.5,7.05,481.1,52.24,0.9998,1.5994,1.5994,-0.3764,Medium,6,Kharif
Solapur,Black,45,35,30,6.5,300,25,Soyabean,20:20:20 NPK,0.45,0.32,0.16,1.56,1.56,0.58,0.5,7.05,481.1,53.45,1.2853,1.4995,1.1663,-0.3764,Medium,6,Kharif
Solapur,Black,50,30,20,6.0,300,20,Soyabean,Urea,0.45,0.32,0.16,1.56,1.56,0.58,0.5,7.05,481.1,56.45,1.6661,2.4988,1.4993,-0.3764,Medium,6,Kharif
Solapur,Black,60,30,30,6.0,300,20,Soyabean,SSP,0.45,0.32,0.16,1.56,1.56,0.58,0.5,7.05,481.1,57.51,1.9993,1.9993,0.9997,-0.3764,Medium,6,Kharif
Solapur,Black,55,35,30,6.5,300,25,Soyabean,20:20:20 NPK,0.45,0.32,0.16,1.56,1.56,0.58,0.5,7.05,481.1,53.06,1.571,1.8327,1.1663,-0.3764,Medium,6,Kharif
Solapur,Black,45,35,20,6.5,400,25,Soyabean,SSP,0.45,0.32,0.16,1.56,1.56,0.58,0.5,7.05,481.1,61.42,1.2853,2.2489,1.7491,-0.1686,Medium,6,Kharif
Solapur,Black,40,40,30,7.0,300,30,Soyabean,Urea,0.45,0.32,0.16,1.56,1.56,0.58,0.5,7.05,481.1,53.7,0.9998,1.3329,1.3329,-0.3764,Medium,6,Kharif
Sangli,Reddish Brown,140,60,85,7.0,800,30,Sugarcane,Urea,0.583,0.24,0.973,3.16,6.06,2.88,0.62,10.75,514.5,76.07,2.3329,1.6469,0.7058,0.5549,Medium,7,Kharif
Pune,Black,130,75,135,6.5,1300,35,Sugarcane,MOP,0.41,0.408,0.46,1.32,2.802,0.53,0.374,6.746,861.6,94.14,1.7331,0.9629,0.5555,0.5088,Medium,8,Kharif
Sangli,Reddish Brown,135,75,80,7.0,800,25,Sugarcane,MOP,0.583,0.24,0.973,3.16,6.06,2.88,0.62,10.75,514.5,75.95,1.7998,1.6873,0.9374,0.5549,Medium,7,Kharif
Satara,Black,135,75,125,7.0,900,30,Sugarcane,MOP,0.295,0.25,0.073,3.96,6.2,2.4,0.793,4.178,886.2,82.46,1.7998,1.0799,0.6,0.0156,Low,7,Kharif
Satara,Black,130,85,135,6.5,900,20,Sugarcane,MOP,0.295,0.25,0.073,3.96,6.2,2.4,0.793,4.178,886.2,86.6,1.5292,0.9629,0.6296,0.0156,Low,7,Kharif
Sangli,Reddish Brown,140,80,80,7.0,800,20,Sugarcane,Urea,0.583,0.24,0.973,3.16,6.06,2.88,0.62,10.75,514.5,79.1,1.7498,1.7498,0.9999,0.5549,Medium,7,Kharif
Satara,Black,140,65,120,6.5,1000,35,Sugarcane,Urea,0.295,0.25,0.073,3.96,6.2,2.4,0.793,4.178,886.2,87.9,2.1535,1.1666,0.5416,0.1284,Low,7,Kharif
Satara,Black,140,85,135,6.5,900,20,Sugarcane,MOP,0.295,0.25,0.073,3.96,6.2,2.4,0.793,4.178,886.2,91.39,1.6469,1.037,0.6296,0.0156,Low,7,Kharif
Satara,Black,140,75,140,6.5,900,30,Sugarcane,DAP,0.295,0.25,0.073,3.96,6.2,2.4,0.793,4.178,886.2,83.09,1.8664,0.9999,0.5357,0.0156,Low,7,Kharif
Kolhapur,Black,95,60,115,7.5,1500,35,Sugarcane,MOP,0.88,0.14,2.88,6.35,17.636,3.25,0.72,50.72,1733.1,95.0,1.5831,0.826,0.5217,-0.1345,High,9,Kharif
Pune,Black,130,60,135,7.0,1400,30,Sugarcane,DAP,0.41,0.408,0.46,1.32,2.802,0.53,0.374,6.746,861.6,95.0,2.1663,0.9629,0.4444,0.6249,Medium,8,Kharif
Satara,Black,135,65,145,7.0,1000,25,Sugarcane,DAP,0.295,0.25,0.073,3.96,6.2,2.4,0.793,4.178,886.2,92.96,2.0766,0.931,0.4482,0.1284,Low,7,Kharif
Pune,Black,120,75,145,6.5,1300,25,Sugarcane,MOP,0.41,0.408,0.46,1.32,2.802,0.53,0.374,6.746,861.6,92.61,1.5998,0.8275,0.5172,0.5088,Medium,8,Kharif
Sangli,Reddish Brown,125,65,95,7.0,800,30,Sugarcane,MOP,0.583,0.24,0.973,3.16,6.06,2.88,0.62,10.75,514.5,82.56,1.9228,1.3157,0.6841,0.5549,Medium,7,Kharif
Satara,Black,120,60,120,6.0,900,20,Sugarcane,Urea,0.295,0.25,0.073,3.96,6.2,2.4,0.793,4.178,886.2,81.56,1.9997,0.9999,0.5,0.0156,Low,7,Kharif
Sangli,Reddish Brown,130,75,95,7.0,800,20,Sugarcane,DAP,0.583,0.24,0.973,3.16,6.06,2.88,0.62,10.75,514.5,79.79,1.7331,1.3683,0.7894,0.5549,Medium,7,Kharif
Pune,Black,130,65,140,7.5,1500,35,Sugarcane,DAP,0.41,0.408,0.46,1.32,2.802,0.53,0.374,6.746,861.6,91.84,1.9997,0.9285,0.4643,0.7409,Medium,8,Kharif
Sangli,Reddish Brown,130,65,100,6.5,700,25,Sugarcane,DAP,0.583,0.24,0.973,3.16,6.06,2.88,0.62,10.75,514.5,75.6,1.9997,1.2999,0.6499,0.3605,Medium,8,Kharif
Satara,Black,130,60,125,6.5,1000,35,Sugarcane,DAP,0.295,0.25,0.073,3.96,6.2,2.4,0.793,4.178,886.2,89.72,2.1663,1.0399,0.48,0.1284,Low,7,Kharif
Solapur,Black,125,80,80,8.5,1100,20,Sugarcane,Urea,0.45,0.32,0.16,1.56,1.56,0.58,0.5,7.05,481.1,92.89,1.5623,1.5623,0.9999,1.2864,Medium,5,Kharif
Pune,Black,140,80,145,7.0,1100,35,Sugarcane,MOP,0.41,0.408,0.46,1.32,2.802,0.53,0.374,6.746,861.6,94.69,1.7498,0.9655,0.5517,0.2767,Medium,8,Kharif
Pune,Black,120,70,125,7.0,1400,30,Sugarcane,Urea,0.41,0.408,0.46,1.32,2.802,0.53,0.374,6.746,861.6,95.0,1.714,0.9599,0.56,0.6249,Medium,8,Kharif
Solapur,Black,125,60,80,6.5,1200,20,Sugarcane,MOP,0.45,0.32,0.16,1.56,1.56,0.58,0.5,7.05,481.1,95.0,2.083,1.5623,0.7499,1.4943,Medium,7,Kharif
Solapur,Black,140,75,70,8.0,1200,35,Sugarcane,MOP,0.45,0.32,0.16,1.56,1.56,0.58,0.5,7.05,481.1,94.38,1.8664,1.9997,1.0713,1.4943,Medium,6,Kharif
Sangli,Reddish Brown,145,60,80,6.5,700,20,Sugarcane,DAP,0.583,0.24,0.973,3.16,6.06,2.88,0.62,10.75,514.5,75.8,2.4163,1.8123,0.7499,0.3605,Medium,7,Kharif
Satara,Black,150,80,140,6.5,900,20,Sugarcane,Urea,0.295,0.25,0.073,3.96,6.2,2.4,0.793,4.178,886.2,82.24,1.8748,1.0714,0.5714,0.0156,Low,7,Kharif
Pune,Black,120,60,125,6.5,1300,35,Sugarcane,MOP,0.41,0.408,0.46,1.32,2.802,0.53,0.374,6.746,861.6,95.0,1.9997,0.9599,0.48,0.5088,Medium,8,Kharif
Satara,Black,140,85,145,7.0,1000,25,Sugarcane,Urea,0.295,0.25,0.073,3.96,6.2,2.4,0.793,4.178,886.2,84.73,1.6469,0.9655,0.5862,0.1284,Low,7,Kharif
Pune,Black,135,70,125,7.0,1400,30,Sugarcane,Urea,0.41,0.408,0.46,1.32,2.802,0.53,0.374,6.746,861.6,92.73,1.9283,1.0799,0.56,0.6249,Medium,8,Kharif
Pune,Black,135,70,135,7.5,1500,25,Sugarcane,MOP,0.41,0.408,0.46,1.32,2.802,0.53,0.374,6.746,861.6,95.0,1.9283,0.9999,0.5185,0.7409,Medium,8,Kharif
Satara,Black,120,75,120,6.5,1000,35,Sugarcane,DAP,0.295,0.25,0.073,3.96,6.2,2.4,0.793,4.178,886.2,91.97,1.5998,0.9999,0.6249,0.1284,Low,7,Kharif
Pune,Black,135,80,140,7.0,1400,20,Sugarcane,MOP,0.41,0.408,0.46,1.32,2.802,0.53,0.374,6.746,861.6,93.41,1.6873,0.9642,0.5714,0.6249,Medium,8,Kharif
Solapur,Black,135,75,75,8.0,1000,35,Sugarcane,Urea,0.45,0.32,0.16,1.56,1.56,0.58,0.5,7.05,481.1,87.3,1.7998,1.7998,0.9999,1.0786,Medium,6,Kharif
Solapur,Black,140,80,75,8.5,1000,20,Sugarcane,MOP,0.45,0.32,0.16,1.56,1.56,0.58,0.5,7.05,481.1,89.39,1.7498,1.8664,1.0665,1.0786,Medium,5,Kharif
Pune,Black,145,70,135,7.5,1500,25,Sugarcane,MOP,0.41,0.408,0.46,1.32,2.802,0.53,0.374,6.746,861.6,95.0,2.0711,1.074,0.5185,0.7409,Medium,8,Kharif
Solapur,Black,140,60,60,6.5,1000,20,Sugarcane,Urea,0.45,0.32,0.16,1.56,1.56,0.58,0.5,7.05,481.1,90.76,2.3329,2.3329,0.9998,1.0786,Medium,7,Kharif
Pune,Black,135,80,145,7.0,1100,35,Sugarcane,MOP,0.41,0.408,0.46,1.32,2.802,0.53,0.374,6.746,861.6,92.75,1.6873,0.931,0.5517,0.2767,Medium,8,Kharif
Solapur,Black,140,80,70,8.5,1100,35,Sugarcane,MOP,0.45,0.32,0.16,1.56,1.56,0.58,0.5,7.05,481.1,93.32,1.7498,1.9997,1.1427,1.2864,Medium,5,Kharif
Satara,Black,145,65,125,6.5,1000,25,Sugarcane,Urea,0.295,0.25,0.073,3.96,6.2,2.4,0.793,4.178,886.2,87.74,2.2304,1.1599,0.52,0.1284,Low,7,Kharif
Solapur,Black,130,70,80,7.5,1000,20,Sugarcane,MOP,0.45,0.32,0.16,1.56,1.56,0.58,0.5,7.05,481.1,92.34,1.8569,1.6248,0.8749,1.0786,Medium,7,Kharif
Sangli,Reddish Brown,130,65,80,7.0,800,20,Sugarcane,Urea,0.583,0.24,0.973,3.16,6.06,2.88,0.62,10.75,514.5,80.34,1.9997,1.6248,0.8124,0.5549,Medium,7,Kharif
Satara,Black,135,85,125,7.0,900,30,Sugarcane,Urea,0.295,0.25,0.073,3.96,6.2,2.4,0.793,4.178,886.2,88.02,1.588,1.0799,0.6799,0.0156,Low,7,Kharif
Satara,Black,120,85,150,6.0,900,20,Sugarcane,DAP,0.295,0.25,0.073,3.96,6.2,2.4,0.793,4.178,886.2,87.24,1.4116,0.7999,0.5666,0.0156,Low,8,Kharif
Pune,Black,130,70,150,6.5,1300,35,Sugarcane,DAP,0.41,0.408,0.46,1.32,2.802,0.53,0.374,6.746,861.6,95.0,1.8569,0.8666,0.4666,0.5088,Medium,9,Kharif
Satara,Black,140,70,135,6.0,1000,25,Sugarcane,DAP,0.295,0.25,0.073,3.96,6.2,2.4,0.793,4.178,886.2,92.19,1.9997,1.037,0.5185,0.1284,Low,7,Kharif
Satara,Black,145,90,150,6.0,900,30,Sugarcane,Urea,0.295,0.25,0.073,3.96,6.2,2.4,0.793,4.178,886.2,82.21,1.6109,0.9666,0.6,0.0156,Low,8,Kharif
Satara,Black,130,85,120,6.5,1000,35,Sugarcane,MOP,0.295,0.25,0.073,3.96,6.2,2.4,0.793,4.178,886.2,89.02,1.5292,1.0832,0.7083,0.1284,Low,7,Kharif
Satara,Black,125,90,125,7.0,900,20,Sugarcane,MOP,0.295,0.25,0.073,3.96,6.2,2.4,0.793,4.178,886.2,86.34,1.3887,0.9999,0.7199,0.0156,Low,7,Kharif
Satara,Black,150,80,135,6.5,900,30,Sugarcane,Urea,0.295,0.25,0.073,3.96,6.2,2.4,0.793,4.178,886.2,81.81,1.8748,1.111,0.5925,0.0156,Low,7,Kharif
Pune,Black,130,65,130,7.0,1400,20,Sugarcane,MOP,0.41,0.408,0.46,1.32,2.802,0.53,0.374,6.746,861.6,93.67,1.9997,0.9999,0.5,0.6249,Medium,8,Kharif
Satara,Black,150,90,130,6.0,1000,35,Sugarcane,Urea,0.295,0.25,0.073,3.96,6.2,2.4,0.793,4.178,886.2,89.0,1.6665,1.1538,0.6923,0.1284,Low,7,Kharif
Sangli,Reddish Brown,145,75,85,6.5,700,20,Sugarcane,DAP,0.583,0.24,0.973,3.16,6.06,2.88,0.62,10.75,514.5,76.46,1.9331,1.7057,0.8822,0.3605,Medium,7,Kharif
Kolhapur,Black,100,50,105,6.5,1300,25,Sugarcane,MOP,0.88,0.14,2.88,6.35,17.636,3.25,0.72,50.72,1733.1,95.0,1.9996,0.9523,0.4761,-0.2499,High,9,Kharif
Sangli,Reddish Brown,140,70,100,6.5,700,20,Sugarcane,MOP,0.583,0.24,0.973,3.16,6.06,2.88,0.62,10.75,514.5,74.02,1.9997,1.3999,0.6999,0.3605,Medium,8,Kharif
Satara,Black,140,75,145,7.0,1000,25,Sugarcane,MOP,0.295,0.25,0.073,3.96,6.2,2.4,0.793,4.178,886.2,93.62,1.8664,0.9655,0.5172,0.1284,Low,7,Kharif
Satara,Black,140,85,130,6.0,1000,25,Sugarcane,DAP,0.295,0.25,0.073,3.96,6.2,2.4,0.793,4.178,886.2,89.07,1.6469,1.0768,0.6538,0.1284,Low,7,Kharif
Satara,Black,125,85,120,6.5,1000,35,Sugarcane,MOP,0.295,0.25,0.073,3.96,6.2,2.4,0.793,4.178,886.2,91.04,1.4704,1.0416,0.7083,0.1284,Low,7,Kharif
Kolhapur,Black,75,50,105,6.5,1300,25,Sugarcane,MOP,0.88,0.14,2.88,6.35,17.636,3.25,0.72,50.72,1733.1,95.0,1.4997,0.7142,0.4761,-0.2499,High,8,Kharif
Kolhapur,Black,100,50,115,6.5,1300,35,Sugarcane,Urea,0.88,0.14,2.88,6.35,17.636,3.25,0.72,50.72,1733.1,92.15,1.9996,0.8695,0.4347,-0.2499,High,9,Kharif
Kolhapur,Black,75,60,105,7.5,1500,25,Sugarcane,DAP,0.88,0.14,2.88,6.35,17.636,3.25,0.72,50.72,1733.1,93.8,1.2498,0.7142,0.5714,-0.1345,High,8,Kharif
Pune,Black,135,65,130,7.0,1400,20,Sugarcane,MOP,0.41,0.408,0.46,1.32,2.802,0.53,0.374,6.746,861.6,95.0,2.0766,1.0384,0.5,0.6249,Medium,8,Kharif
Satara,Black,125,85,125,7.0,900,30,Sugarcane,Urea,0.295,0.25,0.073,3.96,6.2,2.4,0.793,4.178,886.2,84.77,1.4704,0.9999,0.6799,0.0156,Low,7,Kharif
Kolhapur,Black,95,55,105,7.0,1100,25,Sugarcane,Urea,0.88,0.14,2.88,6.35,17.636,3.25,0.72,50.72,1733.1,94.07,1.727,0.9047,0.5238,-0.3653,High,9,Kharif
Sangli,Reddish Brown,135,80,80,7.0,800,20,Sugarcane,Urea,0.583,0.24,0.973,3.16,6.06,2.88,0.62,10.75,514.5,83.56,1.6873,1.6873,0.9999,0.5549,Medium,7,Kharif
Pune,Black,150,65,150,6.5,1000,30,Sugarcane,Urea,0.41,0.408,0.46,1.32,2.802,0.53,0.374,6.746,861.6,86.75,2.3073,0.9999,0.4333,0.1606,Medium,9,Kharif
Satara,Black,145,85,130,6.0,1000,25,Sugarcane,DAP,0.295,0.25,0.073,3.96,6.2,2.4,0.793,4.178,886.2,89.7,1.7057,1.1153,0.6538,0.1284,Low,7,Kharif
Satara,Black,130,60,150,6.0,900,30,Sugarcane,Urea,0.295,0.25,0.073,3.96,6.2,2.4,0.793,4.178,886.2,83.36,2.1663,0.8666,0.4,0.0156,Low,8,Kharif
Solapur,Black,125,75,65,8.0,1000,30,Sugarcane,MOP,0.45,0.32,0.16,1.56,1.56,0.58,0.5,7.05,481.1,87.78,1.6664,1.9228,1.1537,1.0786,Medium,6,Kharif
Satara,Black,130,65,150,6.0,900,20,Sugarcane,MOP,0.295,0.25,0.073,3.96,6.2,2.4,0.793,4.178,886.2,84.51,1.9997,0.8666,0.4333,0.0156,Low,8,Kharif
Pune,Black,120,60,140,7.0,1100,25,Sugarcane,DAP,0.41,0.408,0.46,1.32,2.802,0.53,0.374,6.746,861.6,95.0,1.9997,0.8571,0.4285,0.2767,Medium,8,Kharif
Solapur,Black,120,60,65,6.5,1200,25,Sugarcane,DAP,0.45,0.32,0.16,1.56,1.56,0.58,0.5,7.05,481.1,95.0,1.9997,1.8459,0.9229,1.4943,Medium,7,Kharif
Solapur,Black,150,60,80,6.5,1200,20,Sugarcane,MOP,0.45,0.32,0.16,1.56,1.56,0.58,0.5,7.05,481.1,95.0,2.4996,1.8748,0.7499,1.4943,Medium,7,Kharif
Pune,Black,150,70,125,7.0,1400,30,Sugarcane,Urea,0.41,0.408,0.46,1.32,2.802,0.53,0.374,6.746,861.6,95.0,2.1426,1.1999,0.56,0.6249,Medium,8,Kharif
Solapur,Black,140,80,65,8.5,1200,30,Sugarcane,MOP,0.45,0.32,0.16,1.56,1.56,0.58,0.5,7.05,481.1,95.0,1.7498,2.1535,1.2306,1.4943,Medium,5,Kharif
Sangli,Reddish Brown,120,80,90,7.0,800,25,Sugarcane,DAP,0.583,0.24,0.973,3.16,6.06,2.88,0.62,10.75,514.5,79.57,1.4998,1.3332,0.8888,0.5549,Medium,7,Kharif
Pune,Black,140,65,130,7.0,1400,20,Sugarcane,MOP,0.41,0.408,0.46,1.32,2.802,0.53,0.374,6.746,861.6,93.79,2.1535,1.0768,0.5,0.6249,Medium,8,Kharif
Pune,Black,120,80,135,6.5,1000,20,Sugarcane,Urea,0.41,0.408,0.46,1.32,2.802,0.53,0.374,6.746,861.6,93.35,1.4998,0.8888,0.5925,0.1606,Medium,8,Kharif
Satara,Black,120,60,135,6.0,1000,25,Sugarcane,Urea,0.295,0.25,0.073,3.96,6.2,2.4,0.793,4.178,886.2,90.93,1.9997,0.8888,0.4444,0.1284,Low,7,Kharif
Kolhapur,Black,90,50,110,6.5,1000,30,Sugarcane,DAP,0.88,0.14,2.88,6.35,17.636,3.25,0.72,50.72,1733.1,89.39,1.7996,0.8181,0.4545,-0.423,High,9,Kharif
Pune,Black,145,80,130,6.5,1300,25,Sugarcane,Urea,0.41,0.408,0.46,1.32,2.802,0.53,0.374,6.746,861.6,91.68,1.8123,1.1153,0.6153,0.5088,Medium,8,Kharif
Pune,Black,125,65,125,7.0,1100,25,Sugarcane,MOP,0.41,0.408,0.46,1.32,2.802,0.53,0.374,6.746,861.6,93.8,1.9228,0.9999,0.52,0.2767,Medium,8,Kharif
Satara,Black,150,60,130,7.0,900,30,Sugarcane,MOP,0.295,0.25,0.073,3.96,6.2,2.4,0.793,4.178,886.2,85.58,2.4996,1.1538,0.4615,0.0156,Low,7,Kharif
Kolhapur,Black,75,60,115,7.5,1500,35,Sugarcane,MOP,0.88,0.14,2.88,6.35,17.636,3.25,0.72,50.72,1733.1,94.86,1.2498,0.6521,0.5217,-0.1345,High,8,Kharif
Satara,Black,130,80,140,6.5,900,20,Sugarcane,Urea,0.295,0.25,0.073,3.96,6.2,2.4,0.793,4.178,886.2,84.87,1.6248,0.9285,0.5714,0.0156,Low,7,Kharif
Kolhapur,Black,80,60,115,7.5,1500,35,Sugarcane,MOP,0.88,0.14,2.88,6.35,17.636,3.25,0.72,50.72,1733.1,95.0,1.3331,0.6956,0.5217,-0.1345,High,9,Kharif
Pune,Black,145,60,150,7.5,1200,20,Sugarcane,Urea,0.41,0.408,0.46,1.32,2.802,0.53,0.374,6.746,861.6,90.0,2.4163,0.9666,0.4,0.3928,Medium,9,Kharif
Satara,Black,135,90,130,6.0,1000,35,Sugarcane,Urea,0.295,0.25,0.073,3.96,6.2,2.4,0.793,4.178,886.2,91.13,1.4998,1.0384,0.6923,0.1284,Low,7,Kharif
Sangli,Reddish Brown,150,60,100,6.5,700,30,Sugarcane,Urea,0.583,0.24,0.973,3.16,6.06,2.88,0.62,10.75,514.5,75.75,2.4996,1.4999,0.5999,0.3605,Medium,8,Kharif
Satara,Black,120,60,125,6.5,1000,35,Sugarcane,DAP,0.295,0.25,0.073,3.96,6.2,2.4,0.793,4.178,886.2,86.01,1.9997,0.9599,0.48,0.1284,Low,7,Kharif
Sangli,Reddish Brown,130,80,100,6.5,700,25,Sugarcane,DAP,0.583,0.24,0.973,3.16,6.06,2.88,0.62,10.75,514.5,75.32,1.6248,1.2999,0.7999,0.3605,Medium,8,Kharif
Satara,Black,145,90,135,6.5,900,30,Sugarcane,DAP,0.295,0.25,0.073,3.96,6.2,2.4,0.793,4.178,886.2,85.26,1.6109,1.074,0.6666,0.0156,Low,7,Kharif
Pune,Black,145,70,120,7.0,1100,35,Sugarcane,Urea,0.41,0.408,0.46,1.32,2.802,0.53,0.374,6.746,861.6,95.0,2.0711,1.2082,0.5833,0.2767,Medium,8,Kharif
Satara,Black,135,70,125,7.0,900,20,Sugarcane,Urea,0.295,0.25,0.073,3.96,6.2,2.4,0.793,4.178,886.2,87.9,1.9283,1.0799,0.56,0.0156,Low,7,Kharif
Satara,Black,130,80,120,6.5,1000,25,Sugarcane,Urea,0.295,0.25,0.073,3.96,6.2,2.4,0.793,4.178,886.2,90.67,1.6248,1.0832,0.6666,0.1284,Low,7,Kharif
Pune,Black,145,70,125,7.0,1400,30,Sugarcane,Urea,0.41,0.408,0.46,1.32,2.802,0.53,0.374,6.746,861.6,93.31,2.0711,1.1599,0.56,0.6249,Medium,8,Kharif
Satara,Black,130,70,135,6.0,1000,25,Sugarcane,DAP,0.295,0.25,0.073,3.96,6.2,2.4,0.793,4.178,886.2,89.89,1.8569,0.9629,0.5185,0.1284,Low,7,Kharif
Solapur,Black,120,65,80,7.0,1100,20,Sugarcane,MOP,0.45,0.32,0.16,1.56,1.56,0.58,0.5,7.05,481.1,93.03,1.8459,1.4998,0.8124,1.2864,Medium,7,Kharif
Satara,Black,125,85,150,6.0,900,20,Sugarcane,DAP,0.295,0.25,0.073,3.96,6.2,2.4,0.793,4.178,886.2,84.73,1.4704,0.8333,0.5666,0.0156,Low,8,Kharif
Solapur,Black,130,70,70,7.5,1200,30,Sugarcane,Urea,0.45,0.32,0.16,1.56,1.56,0.58,0.5,7.05,481.1,95.0,1.8569,1.8569,0.9999,1.4943,Medium,7,Kharif
Kolhapur,Black,90,55,110,7.0,1400,30,Sugarcane,MOP,0.88,0.14,2.88,6.35,17.636,3.25,0.72,50.72,1733.1,92.61,1.6361,0.8181,0.5,-0.1922,High,9,Kharif
Pune,Black,150,80,130,6.5,1300,25,Sugarcane,Urea,0.41,0.408,0.46,1.32,2.802,0.53,0.374,6.746,861.6,95.0,1.8748,1.1538,0.6153,0.5088,Medium,8,Kharif
Satara,Black,120,85,140,7.0,1000,35,Sugarcane,Urea,0.295,0.25,0.073,3.96,6.2,2.4,0.793,4.178,886.2,86.82,1.4116,0.8571,0.6071,0.1284,Low,7,Kharif
Solapur,Black,135,60,80,6.5,1200,20,Sugarcane,MOP,0.45,0.32,0.16,1.56,1.56,0.58,0.5,7.05,481.1,93.71,2.2496,1.6873,0.7499,1.4943,Medium,7,Kharif
Sangli,Reddish Brown,140,75,95,7.0,800,20,Sugarcane,DAP,0.583,0.24,0.973,3.16,6.06,2.88,0.62,10.75,514.5,80.08,1.8664,1.4735,0.7894,0.5549,Medium,7,Kharif
Satara,Black,120,75,125,7.0,900,30,Sugarcane,MOP,0.295,0.25,0.073,3.96,6.2,2.4,0.793,4.178,886.2,81.92,1.5998,0.9599,0.6,0.0156,Low,7,Kharif
Satara,Black,125,90,150,6.0,900,30,Sugarcane,Urea,0.295,0.25,0.073,3.96,6.2,2.4,0.793,4.178,886.2,81.97,1.3887,0.8333,0.6,0.0156,Low,8,Kharif
Satara,Black,140,80,150,6.0,900,30,Sugarcane,MOP,0.295,0.25,0.073,3.96,6.2,2.4,0.793,4.178,886.2,81.19,1.7498,0.9333,0.5333,0.0156,Low,8,Kharif
Pune,Black,120,75,140,6.5,1000,30,Sugarcane,MOP,0.41,0.408,0.46,1.32,2.802,0.53,0.374,6.746,861.6,90.68,1.5998,0.8571,0.5357,0.1606,Medium,8,Kharif
Pune,Black,125,80,125,7.5,1500,25,Sugarcane,DAP,0.41,0.408,0.46,1.32,2.802,0.53,0.374,6.746,861.6,95.0,1.5623,0.9999,0.6399,0.7409,Medium,8,Kharif
Pune,Black,150,60,140,7.0,1100,25,Sugarcane,DAP,0.41,0.408,0.46,1.32,2.802,0.53,0.374,6.746,861.6,95.0,2.4996,1.0714,0.4285,0.2767,Medium,8,Kharif
Pune,Black,120,75,135,6.5,1300,35,Sugarcane,MOP,0.41,0.408,0.46,1.32,2.802,0.53,0.374,6.746,861.6,95.0,1.5998,0.8888,0.5555,0.5088,Medium,8,Kharif
Satara,Black,135,80,120,6.5,1000,25,Sugarcane,Urea,0.295,0.25,0.073,3.96,6.2,2.4,0.793,4.178,886.2,92.86,1.6873,1.1249,0.6666,0.1284,Low,7,Kharif
Sangli,Reddish Brown,125,60,95,7.0,800,20,Sugarcane,DAP,0.583,0.24,0.973,3.16,6.06,2.88,0.62,10.75,514.5,83.12,2.083,1.3157,0.6315,0.5549,Medium,7,Kharif
Pune,Black,150,70,140,7.5,1200,20,Sugarcane,MOP,0.41,0.408,0.46,1.32,2.802,0.53,0.374,6.746,861.6,90.66,2.1426,1.0714,0.5,0.3928,Medium,8,Kharif
Satara,Black,150,65,130,7.0,900,20,Sugarcane,DAP,0.295,0.25,0.073,3.96,6.2,2.4,0.793,4.178,886.2,89.52,2.3073,1.1538,0.5,0.0156,Low,7,Kharif
Solapur,Black,120,70,70,7.5,1200,30,Sugarcane,Urea,0.45,0.32,0.16,1.56,1.56,0.58,0.5,7.05,481.1,94.48,1.714,1.714,0.9999,1.4943,Medium,7,Kharif
Sangli,Reddish Brown,125,60,100,6.5,700,30,Sugarcane,Urea,0.583,0.24,0.973,3.16,6.06,2.88,0.62,10.75,514.5,74.16,2.083,1.2499,0.5999,0.3605,Medium,8,Kharif
Sangli,Reddish Brown,140,75,90,7.0,800,30,Sugarcane,Urea,0.583,0.24,0.973,3.16,6.06,2.88,0.62,10.75,514.5,79.43,1.8664,1.5554,0.8332,0.5549,Medium,7,Kharif
Satara,Black,120,70,135,6.0,1000,25,Sugarcane,DAP,0.295,0.25,0.073,3.96,6.2,2.4,0.793,4.178,886.2,90.74,1.714,0.8888,0.5185,0.1284,Low,7,Kharif
Satara,Black,140,90,140,7.0,1000,25,Sugarcane,MOP,0.295,0.25,0.073,3.96,6.2,2.4,0.793,4.178,886.2,91.83,1.5554,0.9999,0.6428,0.1284,Low,7,Kharif
Solapur,Black,125,80,60,8.5,1000,25,Sugarcane,DAP,0.45,0.32,0.16,1.56,1.56,0.58,0.5,7.05,481.1,93.39,1.5623,2.083,1.3331,1.0786,Medium,5,Kharif
Pune,Black,140,70,150,6.5,1300,35,Sugarcane,DAP,0.41,0.408,0.46,1.32,2.802,0.53,0.374,6.746,861.6,95.0,1.9997,0.9333,0.4666,0.5088,Medium,9,Kharif
Pune,Black,135,75,145,6.5,1300,25,Sugarcane,MOP,0.41,0.408,0.46,1.32,2.802,0.53,0.374,6.746,861.6,91.83,1.7998,0.931,0.5172,0.5088,Medium,8,Kharif
Sangli,Reddish Brown,145,80,90,7.0,800,25,Sugarcane,DAP,0.583,0.24,0.973,3.16,6.06,2.88,0.62,10.75,514.5,82.71,1.8123,1.6109,0.8888,0.5549,Medium,7,Kharif
Satara,Black,120,70,130,7.0,900,30,Sugarcane,Urea,0.295,0.25,0.073,3.96,6.2,2.4,0.793,4.178,886.2,82.15,1.714,0.923,0.5384,0.0156,Low,7,Kharif
Satara,Black,150,60,150,6.0,900,30,Sugarcane,Urea,0.295,0.25,0.073,3.96,6.2,2.4,0.793,4.178,886.2,84.74,2.4996,0.9999,0.4,0.0156,Low,8,Kharif
Solapur,Black,145,75,60,8.0,1100,25,Sugarcane,MOP,0.45,0.32,0.16,1.56,1.56,0.58,0.5,7.05,481.1,91.97,1.9331,2.4163,1.2498,1.2864,Medium,6,Kharif
Pune,Black,140,75,135,6.5,1300,35,Sugarcane,MOP,0.41,0.408,0.46,1.32,2.802,0.53,0.374,6.746,861.6,94.58,1.8664,1.037,0.5555,0.5088,Medium,8,Kharif
Satara,Black,145,60,140,6.5,900,20,Sugarcane,DAP,0.295,0.25,0.073,3.96,6.2,2.4,0.793,4.178,886.2,84.82,2.4163,1.0356,0.4285,0.0156,Low,7,Kharif
Solapur,Black,140,80,60,8.5,1000,25,Sugarcane,DAP,0.45,0.32,0.16,1.56,1.56,0.58,0.5,7.05,481.1,88.52,1.7498,2.3329,1.3331,1.0786,Medium,5,Kharif
Sangli,Reddish Brown,140,75,80,7.0,800,25,Sugarcane,MOP,0.583,0.24,0.973,3.16,6.06,2.88,0.62,10.75,514.5,77.86,1.8664,1.7498,0.9374,0.5549,Medium,7,Kharif
Sangli,Reddish Brown,150,60,90,6.5,700,25,Sugarcane,MOP,0.583,0.24,0.973,3.16,6.06,2.88,0.62,10.75,514.5,78.05,2.4996,1.6665,0.6666,0.3605,Medium,7,Kharif
Pune,Black,125,75,150,7.0,1100,25,Sugarcane,DAP,0.41,0.408,0.46,1.32,2.802,0.53,0.374,6.746,861.6,95.0,1.6664,0.8333,0.5,0.2767,Medium,9,Kharif
Satara,Black,145,75,125,7.0,900,30,Sugarcane,MOP,0.295,0.25,0.073,3.96,6.2,2.4,0.793,4.178,886.2,83.09,1.9331,1.1599,0.6,0.0156,Low,7,Kharif
Pune,Black,130,80,150,7.0,1400,30,Sugarcane,MOP,0.41,0.408,0.46,1.32,2.802,0.53,0.374,6.746,861.6,95.0,1.6248,0.8666,0.5333,0.6249,Medium,9,Kharif
Satara,Black,150,85,135,6.5,900,20,Sugarcane,MOP,0.295,0.25,0.073,3.96,6.2,2.4,0.793,4.178,886.2,83.99,1.7645,1.111,0.6296,0.0156,Low,7,Kharif
Kolhapur,Black,80,50,105,6.5,1300,25,Sugarcane,MOP,0.88,0.14,2.88,6.35,17.636,3.25,0.72,50.72,1733.1,95.0,1.5997,0.7618,0.4761,-0.2499,High,9,Kharif
Solapur,Black,150,65,70,7.0,1000,30,Sugarcane,DAP,0.45,0.32,0.16,1.56,1.56,0.58,0.5,7.05,481.1,91.75,2.3073,2.1426,0.9284,1.0786,Medium,7,Kharif
Satara,Black,135,85,135,6.5,900,20,Sugarcane,MOP,0.295,0.25,0.073,3.96,6.2,2.4,0.793,4.178,886.2,86.37,1.588,0.9999,0.6296,0.0156,Low,7,Kharif
Kolhapur,Black,80,55,100,7.0,1400,20,Sugarcane,DAP,0.88,0.14,2.88,6.35,17.636,3.25,0.72,50.72,1733.1,95.0,1.4543,0.7999,0.5499,-0.1922,High,9,Kharif
Solapur,Black,120,60,60,6.5,1000,20,Sugarcane,Urea,0.45,0.32,0.16,1.56,1.56,0.58,0.5,7.05,481.1,94.8,1.9997,1.9997,0.9998,1.0786,Medium,7,Kharif
Kolhapur,Black,85,55,115,7.0,1100,35,Sugarcane,DAP,0.88,0.14,2.88,6.35,17.636,3.25,0.72,50.72,1733.1,90.04,1.5452,0.7391,0.4782,-0.3653,High,9,Kharif
Satara,Black,130,60,120,6.0,900,20,Sugarcane,Urea,0.295,0.25,0.073,3.96,6.2,2.4,0.793,4.178,886.2,84.3,2.1663,1.0832,0.5,0.0156,Low,7,Kharif
Satara,Black,135,65,140,6.5,900,30,Sugarcane,Urea,0.295,0.25,0.073,3.96,6.2,2.4,0.793,4.178,886.2,81.98,2.0766,0.9642,0.4643,0.0156,Low,7,Kharif
Pune,Black,145,65,140,7.5,1500,35,Sugarcane,DAP,0.41,0.408,0.46,1.32,2.802,0.53,0.374,6.746,861.6,90.93,2.2304,1.0356,0.4643,0.7409,Medium,8,Kharif
Sangli,Reddish Brown,125,65,100,6.5,700,25,Sugarcane,DAP,0.583,0.24,0.973,3.16,6.06,2.88,0.62,10.75,514.5,76.21,1.9228,1.2499,0.6499,0.3605,Medium,8,Kharif
Pune,Black,150,65,120,6.5,1300,25,Sugarcane,Urea,0.41,0.408,0.46,1.32,2.802,0.53,0.374,6.746,861.6,92.83,2.3073,1.2499,0.5416,0.5088,Medium,8,Kharif
Solapur,Black,120,75,65,8.0,1000,30,Sugarcane,MOP,0.45,0.32,0.16,1.56,1.56,0.58,0.5,7.05,481.1,89.57,1.5998,1.8459,1.1537,1.0786,Medium,6,Kharif
Satara,Black,125,60,150,6.0,900,30,Sugarcane,Urea,0.295,0.25,0.073,3.96,6.2,2.4,0.793,4.178,886.2,87.48,2.083,0.8333,0.4,0.0156,Low,8,Kharif
Satara,Black,135,65,135,6.0,1000,35,Sugarcane,MOP,0.295,0.25,0.073,3.96,6.2,2.4,0.793,4.178,886.2,86.28,2.0766,0.9999,0.4814,0.1284,Low,7,Kharif
Satara,Black,150,75,140,6.5,900,30,Sugarcane,DAP,0.295,0.25,0.073,3.96,6.2,2.4,0.793,4.178,886.2,84.12,1.9997,1.0714,0.5357,0.0156,Low,7,Kharif
Sangli,Reddish Brown,135,75,100,6.5,700,30,Sugarcane,Urea,0.583,0.24,0.973,3.16,6.06,2.88,0.62,10.75,514.5,75.43,1.7998,1.3499,0.7499,0.3605,Medium,8,Kharif
Pune,Black,140,65,120,6.5,1300,25,Sugarcane,Urea,0.41,0.408,0.46,1.32,2.802,0.53,0.374,6.746,861.6,90.56,2.1535,1.1666,0.5416,0.5088,Medium,8,Kharif
Solapur,Black,130,75,70,8.0,1200,35,Sugarcane,MOP,0.45,0.32,0.16,1.56,1.56,0.58,0.5,7.05,481.1,92.79,1.7331,1.8569,1.0713,1.4943,Medium,6,Kharif
Satara,Black,140,85,140,7.0,1000,35,Sugarcane,Urea,0.295,0.25,0.073,3.96,6.2,2.4,0.793,4.178,886.2,86.9,1.6469,0.9999,0.6071,0.1284,Low,7,Kharif
Pune,Black,130,65,145,7.5,1200,30,Sugarcane,DAP,0.41,0.408,0.46,1.32,2.802,0.53,0.374,6.746,861.6,95.0,1.9997,0.8965,0.4482,0.3928,Medium,8,Kharif
Pune,Black,135,60,140,7.0,1100,25,Sugarcane,DAP,0.41,0.408,0.46,1.32,2.802,0.53,0.374,6.746,861.6,93.24,2.2496,0.9642,0.4285,0.2767,Medium,8,Kharif
Pune,Black,130,60,150,7.5,1200,20,Sugarcane,Urea,0.41,0.408,0.46,1.32,2.802,0.53,0.374,6.746,861.6,93.66,2.1663,0.8666,0.4,0.3928,Medium,9,Kharif
Satara,Black,135,60,125,6.5,1000,35,Sugarcane,DAP,0.295,0.25,0.073,3.96,6.2,2.4,0.793,4.178,886.2,87.53,2.2496,1.0799,0.48,0.1284,Low,7,Kharif
Kolhapur,Black,75,55,110,7.0,1400,30,Sugarcane,MOP,0.88,0.14,2.88,6.35,17.636,3.25,0.72,50.72,1733.1,94.04,1.3634,0.6818,0.5,-0.1922,High,8,Kharif
Satara,Black,135,80,145,7.0,1000,35,Sugarcane,DAP,0.295,0.25,0.073,3.96,6.2,2.4,0.793,4.178,886.2,88.42,1.6873,0.931,0.5517,0.1284,Low,7,Kharif
Pune,Black,145,75,130,7.5,1500,35,Sugarcane,Urea,0.41,0.408,0.46,1.32,2.802,0.53,0.374,6.746,861.6,93.89,1.9331,1.1153,0.5769,0.7409,Medium,8,Kharif
Sangli,Reddish Brown,140,65,85,7.0,800,25,Sugarcane,DAP,0.583,0.24,0.973,3.16,6.06,2.88,0.62,10.75,514.5,79.78,2.1535,1.6469,0.7646,0.5549,Medium,7,Kharif
Satara,Black,140,60,140,6.5,900,20,Sugarcane,DAP,0.295,0.25,0.073,3.96,6.2,2.4,0.793,4.178,886.2,87.77,2.3329,0.9999,0.4285,0.0156,Low,7,Kharif
Pune,Black,125,80,130,6.5,1300,25,Sugarcane,Urea,0.41,0.408,0.46,1.32,2.802,0.53,0.374,6.746,861.6,95.0,1.5623,0.9615,0.6153,0.5088,Medium,8,Kharif
Sangli,Reddish Brown,140,75,100,6.5,700,30,Sugarcane,Urea,0.583,0.24,0.973,3.16,6.06,2.88,0.62,10.75,514.5,70.23,1.8664,1.3999,0.7499,0.3605,Medium,8,Kharif
Sangli,Reddish Brown,125,65,85,7.0,800,25,Sugarcane,DAP,0.583,0.24,0.973,3.16,6.06,2.88,0.62,10.75,514.5,80.94,1.9228,1.4704,0.7646,0.5549,Medium,7,Kharif
Satara,Black,135,60,150,6.0,900,30,Sugarcane,Urea,0.295,0.25,0.073,3.96,6.2,2.4,0.793,4.178,886.2,87.67,2.2496,0.8999,0.4,0.0156,Low,8,Kharif
Pune,Black,145,70,130,7.5,1200,30,Sugarcane,MOP,0.41,0.408,0.46,1.32,2.802,0.53,0.374,6.746,861.6,95.0,2.0711,1.1153,0.5384,0.3928,Medium,8,Kharif
Satara,Black,130,65,130,7.0,900,20,Sugarcane,DAP,0.295,0.25,0.073,3.96,6.2,2.4,0.793,4.178,886.2,83.78,1.9997,0.9999,0.5,0.0156,Low,7,Kharif
Satara,Black,125,75,140,6.5,900,30,Sugarcane,DAP,0.295,0.25,0.073,3.96,6.2,2.4,0.793,4.178,886.2,82.4,1.6664,0.8928,0.5357,0.0156,Low,7,Kharif
Sangli,Reddish Brown,130,80,95,6.5,700,20,Sugarcane,Urea,0.583,0.24,0.973,3.16,6.06,2.88,0.62,10.75,514.5,76.72,1.6248,1.3683,0.842,0.3605,Medium,7,Kharif
Satara,Black,130,60,145,7.0,1000,35,Sugarcane,MOP,0.295,0.25,0.073,3.96,6.2,2.4,0.793,4.178,886.2,88.51,2.1663,0.8965,0.4138,0.1284,Low,7,Kharif
Satara,Black,140,70,130,7.0,900,30,Sugarcane,Urea,0.295,0.25,0.073,3.96,6.2,2.4,0.793,4.178,886.2,83.41,1.9997,1.0768,0.5384,0.0156,Low,7,Kharif
Solapur,Black,135,60,65,6.5,1200,25,Sugarcane,DAP,0.45,0.32,0.16,1.56,1.56,0.58,0.5,7.05,481.1,95.0,2.2496,2.0766,0.9229,1.4943,Medium,7,Kharif
Sangli,Reddish Brown,145,80,85,6.5,700,30,Sugarcane,MOP,0.583,0.24,0.973,3.16,6.06,2.88,0.62,10.75,514.5,74.02,1.8123,1.7057,0.9411,0.3605,Medium,7,Kharif
Pune,Black,140,60,140,7.0,1100,25,Sugarcane,DAP,0.41,0.408,0.46,1.32,2.802,0.53,0.374,6.746,861.6,95.0,2.3329,0.9999,0.4285,0.2767,Medium,8,Kharif
Satara,Black,120,85,135,6.5,900,20,Sugarcane,MOP,0.295,0.25,0.073,3.96,6.2,2.4,0.793,4.178,886.2,82.43,1.4116,0.8888,0.6296,0.0156,Low,7,Kharif
Satara,Black,130,65,125,6.5,1000,25,Sugarcane,Urea,0.295,0.25,0.073,3.96,6.2,2.4,0.793,4.178,886.2,90.84,1.9997,1.0399,0.52,0.1284,Low,7,Kharif
Satara,Black,150,65,125,6.5,1000,25,Sugarcane,Urea,0.295,0.25,0.073,3.96,6.2,2.4,0.793,4.178,886.2,90.95,2.3073,1.1999,0.52,0.1284,Low,7,Kharif
Sangli,Reddish Brown,130,65,90,6.5,700,20,Sugarcane,Urea,0.583,0.24,0.973,3.16,6.06,2.88,0.62,10.75,514.5,77.04,1.9997,1.4443,0.7221,0.3605,Medium,7,Kharif
Pune,Black,130,75,125,7.5,1200,20,Sugarcane,Urea,0.41,0.408,0.46,1.32,2.802,0.53,0.374,6.746,861.6,93.81,1.7331,1.0399,0.6,0.3928,Medium,8,Kharif
Satara,Black,120,85,125,7.0,900,30,Sugarcane,Urea,0.295,0.25,0.073,3.96,6.2,2.4,0.793,4.178,886.2,86.66,1.4116,0.9599,0.6799,0.0156,Low,7,Kharif
Sangli,Reddish Brown,145,60,85,7.0,800,30,Sugarcane,Urea,0.583,0.24,0.973,3.16,6.06,2.88,0.62,10.75,514.5,78.0,2.4163,1.7057,0.7058,0.5549,Medium,7,Kharif
Satara,Black,120,85,120,6.5,1000,35,Sugarcane,MOP,0.295,0.25,0.073,3.96,6.2,2.4,0.793,4.178,886.2,86.18,1.4116,0.9999,0.7083,0.1284,Low,7,Kharif
Satara,Black,140,85,125,7.0,900,30,Sugarcane,Urea,0.295,0.25,0.073,3.96,6.2,2.4,0.793,4.178,886.2,86.05,1.6469,1.1199,0.6799,0.0156,Low,7,Kharif
Sangli,Reddish Brown,140,60,100,6.5,700,30,Sugarcane,Urea,0.583,0.24,0.973,3.16,6.06,2.88,0.62,10.75,514.5,74.06,2.3329,1.3999,0.5999,0.3605,Medium,8,Kharif
Solapur,Black,130,80,60,8.5,1000,25,Sugarcane,DAP,0.45,0.32,0.16,1.56,1.56,0.58,0.5,7.05,481.1,88.75,1.6248,2.1663,1.3331,1.0786,Medium,5,Kharif
Satara,Black,145,65,135,6.0,1000,35,Sugarcane,MOP,0.295,0.25,0.073,3.96,6.2,2.4,0.793,4.178,886.2,89.4,2.2304,1.074,0.4814,0.1284,Low,7,Kharif
Satara,Black,125,85,135,6.5,900,20,Sugarcane,MOP,0.295,0.25,0.073,3.96,6.2,2.4,0.793,4.178,886.2,85.28,1.4704,0.9259,0.6296,0.0156,Low,7,Kharif
Solapur,Black,130,65,60,7.0,1000,25,Sugarcane,MOP,0.45,0.32,0.16,1.56,1.56,0.58,0.5,7.05,481.1,92.78,1.9997,2.1663,1.0832,1.0786,Medium,7,Kharif
Sangli,Reddish Brown,145,75,90,7.0,800,30,Sugarcane,Urea,0.583,0.24,0.973,3.16,6.06,2.88,0.62,10.75,514.5,76.95,1.9331,1.6109,0.8332,0.5549,Medium,7,Kharif
Sangli,Reddish Brown,150,60,80,6.5,700,20,Sugarcane,DAP,0.583,0.24,0.973,3.16,6.06,2.88,0.62,10.75,514.5,74.79,2.4996,1.8748,0.7499,0.3605,Medium,7,Kharif
Satara,Black,140,70,125,7.0,900,20,Sugarcane,Urea,0.295,0.25,0.073,3.96,6.2,2.4,0.793,4.178,886.2,85.27,1.9997,1.1199,0.56,0.0156,Low,7,Kharif
Satara,Black,140,70,140,6.5,900,20,Sugarcane,MOP,0.295,0.25,0.073,3.96,6.2,2.4,0.793,4.178,886.2,86.62,1.9997,0.9999,0.5,0.0156,Low,7,Kharif
Satara,Black,145,80,130,6.0,1000,35,Sugarcane,MOP,0.295,0.25,0.073,3.96,6.2,2.4,0.793,4.178,886.2,86.3,1.8123,1.1153,0.6153,0.1284,Low,7,Kharif
Solapur,Black,135,80,70,8.5,1100,35,Sugarcane,MOP,0.45,0.32,0.16,1.56,1.56,0.58,0.5,7.05,481.1,93.19,1.6873,1.9283,1.1427,1.2864,Medium,5,Kharif
Satara,Black,135,70,145,7.0,1000,35,Sugarcane,Urea,0.295,0.25,0.073,3.96,6.2,2.4,0.793,4.178,886.2,87.4,1.9283,0.931,0.4827,0.1284,Low,7,Kharif
Satara,Black,135,85,150,6.0,900,20,Sugarcane,DAP,0.295,0.25,0.073,3.96,6.2,2.4,0.793,4.178,886.2,84.75,1.588,0.8999,0.5666,0.0156,Low,8,Kharif
Solapur,Black,145,80,70,8.5,1100,35,Sugarcane,MOP,0.45,0.32,0.16,1.56,1.56,0.58,0.5,7.05,481.1,90.94,1.8123,2.0711,1.1427,1.2864,Medium,5,Kharif
Satara,Black,145,60,130,7.0,900,30,Sugarcane,MOP,0.295,0.25,0.073,3.96,6.2,2.4,0.793,4.178,886.2,85.41,2.4163,1.1153,0.4615,0.0156,Low,7,Kharif
Solapur,Black,150,60,60,6.5,1000,20,Sugarcane,Urea,0.45,0.32,0.16,1.56,1.56,0.58,0.5,7.05,481.1,92.69,2.4996,2.4996,0.9998,1.0786,Medium,7,Kharif
Kolhapur,Black,100,55,100,7.0,1400,20,Sugarcane,DAP,0.88,0.14,2.88,6.35,17.636,3.25,0.72,50.72,1733.1,94.42,1.8179,0.9999,0.5499,-0.1922,High,9,Kharif
Satara,Black,145,80,140,6.5,900,20,Sugarcane,Urea,0.295,0.25,0.073,3.96,6.2,2.4,0.793,4.178,886.2,82.83,1.8123,1.0356,0.5714,0.0156,Low,7,Kharif
Satara,Black,130,90,145,6.0,900,20,Sugarcane,Urea,0.295,0.25,0.073,3.96,6.2,2.4,0.793,4.178,886.2,84.97,1.4443,0.8965,0.6206,0.0156,Low,7,Kharif
Sangli,Reddish Brown,125,75,90,7.0,800,30,Sugarcane,Urea,0.583,0.24,0.973,3.16,6.06,2.88,0.62,10.75,514.5,81.27,1.6664,1.3887,0.8332,0.5549,Medium,7,Kharif
Pune,Black,125,70,130,7.5,1200,30,Sugarcane,MOP,0.41,0.408,0.46,1.32,2.802,0.53,0.374,6.746,861.6,95.0,1.7855,0.9615,0.5384,0.3928,Medium,8,Kharif
Satara,Black,120,90,150,6.0,900,30,Sugarcane,Urea,0.295,0.25,0.073,3.96,6.2,2.4,0.793,4.178,886.2,85.85,1.3332,0.7999,0.6,0.0156,Low,8,Kharif
Solapur,Black,130,75,60,8.0,1100,25,Sugarcane,MOP,0.45,0.32,0.16,1.56,1.56,0.58,0.5,7.05,481.1,95.0,1.7331,2.1663,1.2498,1.2864,Medium,6,Kharif
Sangli,Reddish Brown,125,70,90,6.5,700,30,Sugarcane,DAP,0.583,0.24,0.973,3.16,6.06,2.88,0.62,10.75,514.5,68.19,1.7855,1.3887,0.7777,0.3605,Medium,7,Kharif
Pune,Black,140,60,125,6.5,1300,35,Sugarcane,MOP,0.41,0.408,0.46,1.32,2.802,0.53,0.374,6.746,861.6,95.0,2.3329,1.1199,0.48,0.5088,Medium,8,Kharif
Sangli,Reddish Brown,140,75,85,6.5,700,20,Sugarcane,DAP,0.583,0.24,0.973,3.16,6.06,2.88,0.62,10.75,514.5,75.24,1.8664,1.6469,0.8822,0.3605,Medium,7,Kharif
Kolhapur,Black,100,55,110,7.0,1400,30,Sugarcane,MOP,0.88,0.14,2.88,6.35,17.636,3.25,0.72,50.72,1733.1,95.0,1.8179,0.909,0.5,-0.1922,High,9,Kharif
Solapur,Black,150,80,60,8.5,1000,25,Sugarcane,DAP,0.45,0.32,0.16,1.56,1.56,0.58,0.5,7.05,481.1,88.78,1.8748,2.4996,1.3331,1.0786,Medium,5,Kharif
Satara,Black,120,80,140,6.5,900,20,Sugarcane,Urea,0.295,0.25,0.073,3.96,6.2,2.4,0.793,4.178,886.2,86.87,1.4998,0.8571,0.5714,0.0156,Low,7,Kharif
Pune,Black,120,60,135,7.0,1400,30,Sugarcane,DAP,0.41,0.408,0.46,1.32,2.802,0.53,0.374,6.746,861.6,90.87,1.9997,0.8888,0.4444,0.6249,Medium,8,Kharif
Sangli,Reddish Brown,130,80,80,7.0,800,20,Sugarcane,Urea,0.583,0.24,0.973,3.16,6.06,2.88,0.62,10.75,514.5,81.44,1.6248,1.6248,0.9999,0.5549,Medium,7,Kharif
Satara,Black,125,75,120,6.5,1000,35,Sugarcane,DAP,0.295,0.25,0.073,3.96,6.2,2.4,0.793,4.178,886.2,86.94,1.6664,1.0416,0.6249,0.1284,Low,7,Kharif
Sangli,Reddish Brown,135,65,95,7.0,800,30,Sugarcane,MOP,0.583,0.24,0.973,3.16,6.06,2.88,0.62,10.75,514.5,77.95,2.0766,1.4209,0.6841,0.5549,Medium,7,Kharif
Satara,Black,130,75,140,6.5,900,30,Sugarcane,DAP,0.295,0.25,0.073,3.96,6.2,2.4,0.793,4.178,886.2,83.87,1.7331,0.9285,0.5357,0.0156,Low,7,Kharif
Satara,Black,140,60,135,6.0,1000,25,Sugarcane,Urea,0.295,0.25,0.073,3.96,6.2,2.4,0.793,4.178,886.2,91.1,2.3329,1.037,0.4444,0.1284,Low,7,Kharif
Satara,Black,135,65,130,7.0,900,20,Sugarcane,DAP,0.295,0.25,0.073,3.96,6.2,2.4,0.793,4.178,886.2,88.93,2.0766,1.0384,0.5,0.0156,Low,7,Kharif
Satara,Black,140,65,130,7.0,900,20,Sugarcane,DAP,0.295,0.25,0.073,3.96,6.2,2.4,0.793,4.178,886.2,87.99,2.1535,1.0768,0.5,0.0156,Low,7,Kharif
Pune,Black,120,80,130,6.5,1300,25,Sugarcane,Urea,0.41,0.408,0.46,1.32,2.802,0.53,0.374,6.746,861.6,92.69,1.4998,0.923,0.6153,0.5088,Medium,8,Kharif
Satara,Black,130,85,150,6.0,900,20,Sugarcane,DAP,0.295,0.25,0.073,3.96,6.2,2.4,0.793,4.178,886.2,83.62,1.5292,0.8666,0.5666,0.0156,Low,8,Kharif
Kolhapur,Black,80,60,100,7.5,1200,20,Sugarcane,MOP,0.88,0.14,2.88,6.35,17.636,3.25,0.72,50.72,1733.1,91.47,1.3331,0.7999,0.5999,-0.3076,High,9,Kharif
Pune,Black,140,75,125,7.5,1200,20,Sugarcane,Urea,0.41,0.408,0.46,1.32,2.802,0.53,0.374,6.746,861.6,95.0,1.8664,1.1199,0.6,0.3928,Medium,8,Kharif
Kolhapur,Black,85,50,100,6.5,1000,20,Sugarcane,Urea,0.88,0.14,2.88,6.35,17.636,3.25,0.72,50.72,1733.1,92.3,1.6997,0.8499,0.5,-0.423,High,9,Kharif
Satara,Black,120,65,120,6.5,1000,35,Sugarcane,Urea,0.295,0.25,0.073,3.96,6.2,2.4,0.793,4.178,886.2,88.79,1.8459,0.9999,0.5416,0.1284,Low,7,Kharif
Satara,Black,120,65,135,6.0,1000,35,Sugarcane,MOP,0.295,0.25,0.073,3.96,6.2,2.4,0.793,4.178,886.2,88.17,1.8459,0.8888,0.4814,0.1284,Low,7,Kharif
Pune,Black,120,65,120,6.5,1300,25,Sugarcane,Urea,0.41,0.408,0.46,1.32,2.802,0.53,0.374,6.746,861.6,95.0,1.8459,0.9999,0.5416,0.5088,Medium,8,Kharif
Pune,Black,140,65,145,7.5,1200,30,Sugarcane,DAP,0.41,0.408,0.46,1.32,2.802,0.53,0.374,6.746,861.6,95.0,2.1535,0.9655,0.4482,0.3928,Medium,8,Kharif
Satara,Black,125,60,130,7.0,900,30,Sugarcane,MOP,0.295,0.25,0.073,3.96,6.2,2.4,0.793,4.178,886.2,82.53,2.083,0.9615,0.4615,0.0156,Low,7,Kharif
Pune,Black,125,80,150,7.0,1400,30,Sugarcane,MOP,0.41,0.408,0.46,1.32,2.802,0.53,0.374,6.746,861.6,95.0,1.5623,0.8333,0.5333,0.6249,Medium,9,Kharif
Pune,Black,135,75,125,7.5,1200,20,Sugarcane,Urea,0.41,0.408,0.46,1.32,2.802,0.53,0.374,6.746,861.6,95.0,1.7998,1.0799,0.6,0.3928,Medium,8,Kharif
Satara,Black,145,85,140,7.0,1000,35,Sugarcane,Urea,0.295,0.25,0.073,3.96,6.2,2.4,0.793,4.178,886.2,89.67,1.7057,1.0356,0.6071,0.1284,Low,7,Kharif
Kolhapur,Black,90,60,105,7.5,1500,25,Sugarcane,DAP,0.88,0.14,2.88,6.35,17.636,3.25,0.72,50.72,1733.1,92.88,1.4998,0.8571,0.5714,-0.1345,High,9,Kharif
Kolhapur,Black,80,60,105,7.5,1500,25,Sugarcane,DAP,0.88,0.14,2.88,6.35,17.636,3.25,0.72,50.72,1733.1,95.0,1.3331,0.7618,0.5714,-0.1345,High,9,Kharif
Solapur,Black,145,70,65,7.5,1100,30,Sugarcane,MOP,0.45,0.32,0.16,1.56,1.56,0.58,0.5,7.05,481.1,95.0,2.0711,2.2304,1.0768,1.2864,Medium,7,Kharif
Sangli,Reddish Brown,135,75,90,7.0,800,30,Sugarcane,Urea,0.583,0.24,0.973,3.16,6.06,2.88,0.62,10.75,514.5,77.12,1.7998,1.4998,0.8332,0.5549,Medium,7,Kharif
Solapur,Black,125,70,60,7.5,1200,25,Sugarcane,MOP,0.45,0.32,0.16,1.56,1.56,0.58,0.5,7.05,481.1,95.0,1.7855,2.083,1.1665,1.4943,Medium,7,Kharif
Satara,Black,125,75,125,7.0,900,30,Sugarcane,MOP,0.295,0.25,0.073,3.96,6.2,2.4,0.793,4.178,886.2,83.03,1.6664,0.9999,0.6,0.0156,Low,7,Kharif
Kolhapur,Black,90,50,100,6.5,1000,20,Sugarcane,Urea,0.88,0.14,2.88,6.35,17.636,3.25,0.72,50.72,1733.1,94.05,1.7996,0.8999,0.5,-0.423,High,9,Kharif
Solapur,Black,150,75,65,8.0,1000,30,Sugarcane,MOP,0.45,0.32,0.16,1.56,1.56,0.58,0.5,7.05,481.1,88.58,1.9997,2.3073,1.1537,1.0786,Medium,6,Kharif
Satara,Black,145,90,140,7.0,1000,25,Sugarcane,MOP,0.295,0.25,0.073,3.96,6.2,2.4,0.793,4.178,886.2,88.9,1.6109,1.0356,0.6428,0.1284,Low,7,Kharif
Sangli,Reddish Brown,130,60,90,6.5,700,25,Sugarcane,MOP,0.583,0.24,0.973,3.16,6.06,2.88,0.62,10.75,514.5,75.9,2.1663,1.4443,0.6666,0.3605,Medium,7,Kharif
Pune,Black,150,65,135,7.0,1100,35,Sugarcane,MOP,0.41,0.408,0.46,1.32,2.802,0.53,0.374,6.746,861.6,91.08,2.3073,1.111,0.4814,0.2767,Medium,8,Kharif
Solapur,Black,130,60,65,6.5,1200,25,Sugarcane,DAP,0.45,0.32,0.16,1.56,1.56,0.58,0.5,7.05,481.1,93.15,2.1663,1.9997,0.9229,1.4943,Medium,7,Kharif
Sangli,Reddish Brown,145,65,85,7.0,800,25,Sugarcane,DAP,0.583,0.24,0.973,3.16,6.06,2.88,0.62,10.75,514.5,78.21,2.2304,1.7057,0.7646,0.5549,Medium,7,Kharif
Solapur,Black,145,60,60,6.5,1000,20,Sugarcane,Urea,0.45,0.32,0.16,1.56,1.56,0.58,0.5,7.05,481.1,86.65,2.4163,2.4163,0.9998,1.0786,Medium,7,Kharif
Solapur,Black,145,65,65,7.0,1100,25,Sugarcane,Urea,0.45,0.32,0.16,1.56,1.56,0.58,0.5,7.05,481.1,94.13,2.2304,2.2304,0.9998,1.2864,Medium,7,Kharif
Satara,Black,150,80,130,6.0,1000,35,Sugarcane,MOP,0.295,0.25,0.073,3.96,6.2,2.4,0.793,4.178,886.2,89.15,1.8748,1.1538,0.6153,0.1284,Low,7,Kharif
Solapur,Black,135,65,65,7.0,1100,25,Sugarcane,Urea,0.45,0.32,0.16,1.56,1.56,0.58,0.5,7.05,481.1,95.0,2.0766,2.0766,0.9998,1.2864,Medium,7,Kharif
Satara,Black,120,65,125,6.5,1000,25,Sugarcane,Urea,0.295,0.25,0.073,3.96,6.2,2.4,0.793,4.178,886.2,91.84,1.8459,0.9599,0.52,0.1284,Low,7,Kharif
Sangli,Reddish Brown,150,80,95,6.5,700,20,Sugarcane,Urea,0.583,0.24,0.973,3.16,6.06,2.88,0.62,10.75,514.5,76.9,1.8748,1.5788,0.842,0.3605,Medium,7,Kharif
Satara,Black,150,80,120,6.5,1000,25,Sugarcane,Urea,0.295,0.25,0.073,3.96,6.2,2.4,0.793,4.178,886.2,91.24,1.8748,1.2499,0.6666,0.1284,Low,7,Kharif
Pune,Black,135,65,120,6.5,1300,25,Sugarcane,Urea,0.41,0.408,0.46,1.32,2.802,0.53,0.374,6.746,861.6,94.3,2.0766,1.1249,0.5416,0.5088,Medium,8,Kharif
Satara,Black,135,80,130,6.0,1000,35,Sugarcane,MOP,0.295,0.25,0.073,3.96,6.2,2.4,0.793,4.178,886.2,86.15,1.6873,1.0384,0.6153,0.1284,Low,7,Kharif
Satara,Black,135,75,120,6.5,1000,35,Sugarcane,DAP,0.295,0.25,0.073,3.96,6.2,2.4,0.793,4.178,886.2,88.68,1.7998,1.1249,0.6249,0.1284,Low,7,Kharif
Sangli,Reddish Brown,145,70,95,7.0,800,25,Sugarcane,Urea,0.583,0.24,0.973,3.16,6.06,2.88,0.62,10.75,514.5,81.42,2.0711,1.5262,0.7368,0.5549,Medium,7,Kharif
Kolhapur,Black,100,50,100,6.5,1000,20,Sugarcane,Urea,0.88,0.14,2.88,6.35,17.636,3.25,0.72,50.72,1733.1,90.53,1.9996,0.9999,0.5,-0.423,High,9,Kharif
Satara,Black,140,65,140,6.5,900,30,Sugarcane,Urea,0.295,0.25,0.073,3.96,6.2,2.4,0.793,4.178,886.2,80.07,2.1535,0.9999,0.4643,0.0156,Low,7,Kharif
Satara,Black,140,75,120,6.5,1000,35,Sugarcane,DAP,0.295,0.25,0.073,3.96,6.2,2.4,0.793,4.178,886.2,91.11,1.8664,1.1666,0.6249,0.1284,Low,7,Kharif
Solapur,Black,140,75,75,8.0,1000,35,Sugarcane,Urea,0.45,0.32,0.16,1.56,1.56,0.58,0.5,7.05,481.1,87.96,1.8664,1.8664,0.9999,1.0786,Medium,6,Kharif
Pune,Black,120,75,130,7.5,1500,35,Sugarcane,Urea,0.41,0.408,0.46,1.32,2.802,0.53,0.374,6.746,861.6,94.03,1.5998,0.923,0.5769,0.7409,Medium,8,Kharif
Satara,Black,120,70,140,6.5,900,20,Sugarcane,MOP,0.295,0.25,0.073,3.96,6.2,2.4,0.793,4.178,886.2,85.04,1.714,0.8571,0.5,0.0156,Low,7,Kharif
Pune,Black,150,60,125,6.5,1300,35,Sugarcane,MOP,0.41,0.408,0.46,1.32,2.802,0.53,0.374,6.746,861.6,93.45,2.4996,1.1999,0.48,0.5088,Medium,8,Kharif
Satara,Black,145,70,130,7.0,900,30,Sugarcane,Urea,0.295,0.25,0.073,3.96,6.2,2.4,0.793,4.178,886.2,85.95,2.0711,1.1153,0.5384,0.0156,Low,7,Kharif
Satara,Black,120,80,120,6.5,1000,25,Sugarcane,Urea,0.295,0.25,0.073,3.96,6.2,2.4,0.793,4.178,886.2,89.92,1.4998,0.9999,0.6666,0.1284,Low,7,Kharif
Satara,Black,145,70,150,6.0,900,30,Sugarcane,DAP,0.295,0.25,0.073,3.96,6.2,2.4,0.793,4.178,886.2,85.13,2.0711,0.9666,0.4666,0.0156,Low,8,Kharif
Sangli,Reddish Brown,120,60,95,7.0,800,20,Sugarcane,DAP,0.583,0.24,0.973,3.16,6.06,2.88,0.62,10.75,514.5,77.66,1.9997,1.263,0.6315,0.5549,Medium,7,Kharif
Pune,Black,145,80,125,7.5,1500,25,Sugarcane,DAP,0.41,0.408,0.46,1.32,2.802,0.53,0.374,6.746,861.6,94.08,1.8123,1.1599,0.6399,0.7409,Medium,8,Kharif
Satara,Black,125,60,145,7.0,1000,35,Sugarcane,MOP,0.295,0.25,0.073,3.96,6.2,2.4,0.793,4.178,886.2,86.74,2.083,0.862,0.4138,0.1284,Low,7,Kharif
Solapur,Black,140,65,70,7.0,1000,30,Sugarcane,DAP,0.45,0.32,0.16,1.56,1.56,0.58,0.5,7.05,481.1,85.34,2.1535,1.9997,0.9284,1.0786,Medium,7,Kharif
Pune,Black,135,80,125,7.5,1500,25,Sugarcane,DAP,0.41,0.408,0.46,1.32,2.802,0.53,0.374,6.746,861.6,95.0,1.6873,1.0799,0.6399,0.7409,Medium,8,Kharif
Satara,Black,135,60,120,6.0,900,20,Sugarcane,Urea,0.295,0.25,0.073,3.96,6.2,2.4,0.793,4.178,886.2,86.35,2.2496,1.1249,0.5,0.0156,Low,7,Kharif
Satara,Black,140,90,120,6.5,1000,25,Sugarcane,DAP,0.295,0.25,0.073,3.96,6.2,2.4,0.793,4.178,886.2,89.6,1.5554,1.1666,0.7499,0.1284,Low,7,Kharif
Kolhapur,Black,90,55,105,7.0,1100,25,Sugarcane,Urea,0.88,0.14,2.88,6.35,17.636,3.25,0.72,50.72,1733.1,95.0,1.6361,0.8571,0.5238,-0.3653,High,9,Kharif
Solapur,Black,145,70,60,7.5,1200,25,Sugarcane,MOP,0.45,0.32,0.16,1.56,1.56,0.58,0.5,7.05,481.1,95.0,2.0711,2.4163,1.1665,1.4943,Medium,7,Kharif
Sangli,Reddish Brown,140,65,80,7.0,800,20,Sugarcane,Urea,0.583,0.24,0.973,3.16,6.06,2.88,0.62,10.75,514.5,79.74,2.1535,1.7498,0.8124,0.5549,Medium,7,Kharif
Solapur,Black,130,65,65,7.0,1100,25,Sugarcane,Urea,0.45,0.32,0.16,1.56,1.56,0.58,0.5,7.05,481.1,95.0,1.9997,1.9997,0.9998,1.2864,Medium,7,Kharif
Pune,Black,125,65,145,7.5,1200,30,Sugarcane,DAP,0.41,0.408,0.46,1.32,2.802,0.53,0.374,6.746,861.6,94.0,1.9228,0.862,0.4482,0.3928,Medium,8,Kharif
Satara,Black,125,85,130,6.0,1000,25,Sugarcane,DAP,0.295,0.25,0.073,3.96,6.2,2.4,0.793,4.178,886.2,89.59,1.4704,0.9615,0.6538,0.1284,Low,7,Kharif
Sangli,Reddish Brown,120,60,85,7.0,800,30,Sugarcane,Urea,0.583,0.24,0.973,3.16,6.06,2.88,0.62,10.75,514.5,76.37,1.9997,1.4116,0.7058,0.5549,Medium,7,Kharif
Solapur,Black,150,75,70,8.0,1200,35,Sugarcane,MOP,0.45,0.32,0.16,1.56,1.56,0.58,0.5,7.05,481.1,95.0,1.9997,2.1426,1.0713,1.4943,Medium,6,Kharif
Satara,Black,135,90,150,6.0,900,30,Sugarcane,Urea,0.295,0.25,0.073,3.96,6.2,2.4,0.793,4.178,886.2,82.15,1.4998,0.8999,0.6,0.0156,Low,8,Kharif
Solapur,Black,150,80,70,8.5,1100,35,Sugarcane,MOP,0.45,0.32,0.16,1.56,1.56,0.58,0.5,7.05,481.1,95.0,1.8748,2.1426,1.1427,1.2864,Medium,5,Kharif
Pune,Black,130,80,145,7.0,1100,35,Sugarcane,MOP,0.41,0.408,0.46,1.32,2.802,0.53,0.374,6.746,861.6,93.7,1.6248,0.8965,0.5517,0.2767,Medium,8,Kharif
Satara,Black,130,70,140,6.5,900,20,Sugarcane,MOP,0.295,0.25,0.073,3.96,6.2,2.4,0.793,4.178,886.2,86.93,1.8569,0.9285,0.5,0.0156,Low,7,Kharif
Satara,Black,145,85,135,6.5,900,20,Sugarcane,MOP,0.295,0.25,0.073,3.96,6.2,2.4,0.793,4.178,886.2,86.7,1.7057,1.074,0.6296,0.0156,Low,7,Kharif
Solapur,Black,125,70,65,7.5,1100,30,Sugarcane,MOP,0.45,0.32,0.16,1.56,1.56,0.58,0.5,7.05,481.1,95.0,1.7855,1.9228,1.0768,1.2864,Medium,7,Kharif
Pune,Black,125,80,120,7.5,1200,30,Sugarcane,DAP,0.41,0.408,0.46,1.32,2.802,0.53,0.374,6.746,861.6,95.0,1.5623,1.0416,0.6666,0.3928,Medium,8,Kharif
Satara,Black,135,70,140,6.5,900,20,Sugarcane,MOP,0.295,0.25,0.073,3.96,6.2,2.4,0.793,4.178,886.2,86.39,1.9283,0.9642,0.5,0.0156,Low,7,Kharif
Pune,Black,135,70,145,6.5,1000,20,Sugarcane,DAP,0.41,0.408,0.46,1.32,2.802,0.53,0.374,6.746,861.6,92.43,1.9283,0.931,0.4827,0.1606,Medium,8,Kharif
Pune,Black,120,70,150,6.5,1300,35,Sugarcane,DAP,0.41,0.408,0.46,1.32,2.802,0.53,0.374,6.746,861.6,92.33,1.714,0.7999,0.4666,0.5088,Medium,9,Kharif
Pune,Black,135,75,120,7.0,1400,20,Sugarcane,DAP,0.41,0.408,0.46,1.32,2.802,0.53,0.374,6.746,861.6,95.0,1.7998,1.1249,0.6249,0.6249,Medium,8,Kharif
Satara,Black,150,70,140,6.5,900,20,Sugarcane,MOP,0.295,0.25,0.073,3.96,6.2,2.4,0.793,4.178,886.2,88.14,2.1426,1.0714,0.5,0.0156,Low,7,Kharif
Pune,Black,145,60,120,6.5,1000,20,Sugarcane,MOP,0.41,0.408,0.46,1.32,2.802,0.53,0.374,6.746,861.6,88.84,2.4163,1.2082,0.5,0.1606,Medium,8,Kharif
Pune,Black,135,75,150,7.0,1100,25,Sugarcane,DAP,0.41,0.408,0.46,1.32,2.802,0.53,0.374,6.746,861.6,95.0,1.7998,0.8999,0.5,0.2767,Medium,9,Kharif
Satara,Black,145,75,145,7.0,1000,25,Sugarcane,MOP,0.295,0.25,0.073,3.96,6.2,2.4,0.793,4.178,886.2,89.56,1.9331,0.9999,0.5172,0.1284,Low,7,Kharif
Kolhapur,Black,80,55,105,7.0,1100,25,Sugarcane,Urea,0.88,0.14,2.88,6.35,17.636,3.25,0.72,50.72,1733.1,95.0,1.4543,0.7618,0.5238,-0.3653,High,9,Kharif
Solapur,Black,150,65,75,7.0,1200,35,Sugarcane,MOP,0.45,0.32,0.16,1.56,1.56,0.58,0.5,7.05,481.1,91.25,2.3073,1.9997,0.8666,1.4943,Medium,7,Kharif
Satara,Black,140,60,150,6.0,900,30,Sugarcane,Urea,0.295,0.25,0.073,3.96,6.2,2.4,0.793,4.178,886.2,85.63,2.3329,0.9333,0.4,0.0156,Low,8,Kharif
Pune,Black,120,65,150,6.5,1000,30,Sugarcane,Urea,0.41,0.408,0.46,1.32,2.802,0.53,0.374,6.746,861.6,89.09,1.8459,0.7999,0.4333,0.1606,Medium,9,Kharif
Satara,Black,120,90,135,6.5,900,30,Sugarcane,DAP,0.295,0.25,0.073,3.96,6.2,2.4,0.793,4.178,886.2,83.1,1.3332,0.8888,0.6666,0.0156,Low,7,Kharif
Satara,Black,125,90,145,6.0,900,20,Sugarcane,Urea,0.295,0.25,0.073,3.96,6.2,2.4,0.793,4.178,886.2,88.44,1.3887,0.862,0.6206,0.0156,Low,7,Kharif
Pune,Black,150,70,130,7.5,1200,30,Sugarcane,MOP,0.41,0.408,0.46,1.32,2.802,0.53,0.374,6.746,861.6,95.0,2.1426,1.1538,0.5384,0.3928,Medium,8,Kharif
Satara,Black,125,80,135,6.5,900,30,Sugarcane,Urea,0.295,0.25,0.073,3.96,6.2,2.4,0.793,4.178,886.2,84.59,1.5623,0.9259,0.5925,0.0156,Low,7,Kharif
Satara,Black,150,80,125,7.0,900,20,Sugarcane,DAP,0.295,0.25,0.073,3.96,6.2,2.4,0.793,4.178,886.2,83.7,1.8748,1.1999,0.6399,0.0156,Low,7,Kharif
Satara,Black,150,85,140,7.0,1000,35,Sugarcane,Urea,0.295,0.25,0.073,3.96,6.2,2.4,0.793,4.178,886.2,85.79,1.7645,1.0714,0.6071,0.1284,Low,7,Kharif
Pune,Black,130,60,140,7.0,1100,25,Sugarcane,DAP,0.41,0.408,0.46,1.32,2.802,0.53,0.374,6.746,861.6,93.48,2.1663,0.9285,0.4285,0.2767,Medium,8,Kharif
Sangli,Reddish Brown,130,60,95,7.0,800,20,Sugarcane,DAP,0.583,0.24,0.973,3.16,6.06,2.88,0.62,10.75,514.5,80.65,2.1663,1.3683,0.6315,0.5549,Medium,7,Kharif
Pune,Black,140,80,130,6.5,1300,25,Sugarcane,Urea,0.41,0.408,0.46,1.32,2.802,0.53,0.374,6.746,861.6,93.71,1.7498,1.0768,0.6153,0.5088,Medium,8,Kharif
Satara,Black,120,90,140,7.0,1000,25,Sugarcane,MOP,0.295,0.25,0.073,3.96,6.2,2.4,0.793,4.178,886.2,89.81,1.3332,0.8571,0.6428,0.1284,Low,7,Kharif
Satara,Black,140,90,145,6.0,900,20,Sugarcane,Urea,0.295,0.25,0.073,3.96,6.2,2.4,0.793,4.178,886.2,85.54,1.5554,0.9655,0.6206,0.0156,Low,7,Kharif
Sangli,Reddish Brown,145,70,80,7.0,800,30,Sugarcane,DAP,0.583,0.24,0.973,3.16,6.06,2.88,0.62,10.75,514.5,79.09,2.0711,1.8123,0.8749,0.5549,Medium,7,Kharif
Satara,Black,125,65,145,7.0,1000,25,Sugarcane,DAP,0.295,0.25,0.073,3.96,6.2,2.4,0.793,4.178,886.2,88.99,1.9228,0.862,0.4482,0.1284,Low,7,Kharif
Satara,Black,150,65,145,7.0,1000,25,Sugarcane,DAP,0.295,0.25,0.073,3.96,6.2,2.4,0.793,4.178,886.2,92.02,2.3073,1.0344,0.4482,0.1284,Low,7,Kharif
Solapur,Black,130,70,65,7.5,1100,30,Sugarcane,MOP,0.45,0.32,0.16,1.56,1.56,0.58,0.5,7.05,481.1,90.5,1.8569,1.9997,1.0768,1.2864,Medium,7,Kharif
Pune,Black,145,80,150,7.0,1400,30,Sugarcane,MOP,0.41,0.408,0.46,1.32,2.802,0.53,0.374,6.746,861.6,95.0,1.8123,0.9666,0.5333,0.6249,Medium,9,Kharif
Sangli,Reddish Brown,145,70,85,6.5,700,25,Sugarcane,Urea,0.583,0.24,0.973,3.16,6.06,2.88,0.62,10.75,514.5,78.35,2.0711,1.7057,0.8234,0.3605,Medium,7,Kharif
Solapur,Black,120,60,80,6.5,1200,20,Sugarcane,MOP,0.45,0.32,0.16,1.56,1.56,0.58,0.5,7.05,481.1,93.27,1.9997,1.4998,0.7499,1.4943,Medium,7,Kharif
Solapur,Black,120,65,65,7.0,1100,25,Sugarcane,Urea,0.45,0.32,0.16,1.56,1.56,0.58,0.5,7.05,481.1,93.93,1.8459,1.8459,0.9998,1.2864,Medium,7,Kharif
Solapur,Black,150,60,70,6.5,1100,30,Sugarcane,MOP,0.45,0.32,0.16,1.56,1.56,0.58,0.5,7.05,481.1,95.0,2.4996,2.1426,0.857,1.2864,Medium,7,Kharif
Satara,Black,150,60,125,6.5,1000,35,Sugarcane,DAP,0.295,0.25,0.073,3.96,6.2,2.4,0.793,4.178,886.2,87.4,2.4996,1.1999,0.48,0.1284,Low,7,Kharif
Sangli,Reddish Brown,145,60,90,6.5,700,25,Sugarcane,MOP,0.583,0.24,0.973,3.16,6.06,2.88,0.62,10.75,514.5,78.33,2.4163,1.6109,0.6666,0.3605,Medium,7,Kharif
Satara,Black,140,80,145,7.0,1000,35,Sugarcane,DAP,0.295,0.25,0.073,3.96,6.2,2.4,0.793,4.178,886.2,90.4,1.7498,0.9655,0.5517,0.1284,Low,7,Kharif
Sangli,Reddish Brown,130,65,95,7.0,800,30,Sugarcane,MOP,0.583,0.24,0.973,3.16,6.06,2.88,0.62,10.75,514.5,75.69,1.9997,1.3683,0.6841,0.5549,Medium,7,Kharif
Satara,Black,150,90,120,6.5,1000,25,Sugarcane,DAP,0.295,0.25,0.073,3.96,6.2,2.4,0.793,4.178,886.2,91.2,1.6665,1.2499,0.7499,0.1284,Low,7,Kharif
Sangli,Reddish Brown,130,70,80,7.0,800,30,Sugarcane,DAP,0.583,0.24,0.973,3.16,6.06,2.88,0.62,10.75,514.5,81.37,1.8569,1.6248,0.8749,0.5549,Medium,7,Kharif
Satara,Black,125,70,120,6.5,1000,25,Sugarcane,MOP,0.295,0.25,0.073,3.96,6.2,2.4,0.793,4.178,886.2,89.52,1.7855,1.0416,0.5833,0.1284,Low,7,Kharif
Solapur,Black,145,75,80,8.0,1200,20,Sugarcane,DAP,0.45,0.32,0.16,1.56,1.56,0.58,0.5,7.05,481.1,95.0,1.9331,1.8123,0.9374,1.4943,Medium,6,Kharif
Satara,Black,150,65,120,6.5,1000,35,Sugarcane,Urea,0.295,0.25,0.073,3.96,6.2,2.4,0.793,4.178,886.2,87.9,2.3073,1.2499,0.5416,0.1284,Low,7,Kharif
Satara,Black,125,70,135,6.0,1000,25,Sugarcane,DAP,0.295,0.25,0.073,3.96,6.2,2.4,0.793,4.178,886.2,90.78,1.7855,0.9259,0.5185,0.1284,Low,7,Kharif
Sangli,Reddish Brown,120,80,95,6.5,700,20,Sugarcane,Urea,0.583,0.24,0.973,3.16,6.06,2.88,0.62,10.75,514.5,78.12,1.4998,1.263,0.842,0.3605,Medium,7,Kharif
Satara,Black,120,65,150,6.0,900,20,Sugarcane,MOP,0.295,0.25,0.073,3.96,6.2,2.4,0.793,4.178,886.2,85.61,1.8459,0.7999,0.4333,0.0156,Low,8,Kharif
Kolhapur,Black,75,50,100,6.5,1000,20,Sugarcane,Urea,0.88,0.14,2.88,6.35,17.636,3.25,0.72,50.72,1733.1,91.99,1.4997,0.7499,0.5,-0.423,High,8,Kharif
Satara,Black,150,70,135,6.0,1000,25,Sugarcane,DAP,0.295,0.25,0.073,3.96,6.2,2.4,0.793,4.178,886.2,87.36,2.1426,1.111,0.5185,0.1284,Low,7,Kharif
Sangli,Reddish Brown,140,70,80,7.0,800,30,Sugarcane,DAP,0.583,0.24,0.973,3.16,6.06,2.88,0.62,10.75,514.5,78.52,1.9997,1.7498,0.8749,0.5549,Medium,7,Kharif
Satara,Black,135,65,120,6.5,1000,35,Sugarcane,Urea,0.295,0.25,0.073,3.96,6.2,2.4,0.793,4.178,886.2,89.69,2.0766,1.1249,0.5416,0.1284,Low,7,Kharif
Pune,Black,135,60,145,7.5,1500,25,Sugarcane,Urea,0.41,0.408,0.46,1.32,2.802,0.53,0.374,6.746,861.6,93.74,2.2496,0.931,0.4138,0.7409,Medium,8,Kharif
Satara,Black,130,90,140,7.0,1000,25,Sugarcane,MOP,0.295,0.25,0.073,3.96,6.2,2.4,0.793,4.178,886.2,89.84,1.4443,0.9285,0.6428,0.1284,Low,7,Kharif
Sangli,Reddish Brown,125,70,85,6.5,700,25,Sugarcane,Urea,0.583,0.24,0.973,3.16,6.06,2.88,0.62,10.75,514.5,77.55,1.7855,1.4704,0.8234,0.3605,Medium,7,Kharif
Pune,Black,135,65,140,7.5,1500,35,Sugarcane,DAP,0.41,0.408,0.46,1.32,2.802,0.53,0.374,6.746,861.6,93.12,2.0766,0.9642,0.4643,0.7409,Medium,8,Kharif
Solapur,Black,130,80,65,8.5,1200,30,Sugarcane,MOP,0.45,0.32,0.16,1.56,1.56,0.58,0.5,7.05,481.1,95.0,1.6248,1.9997,1.2306,1.4943,Medium,5,Kharif
Solapur,Black,140,70,75,7.5,1100,35,Sugarcane,DAP,0.45,0.32,0.16,1.56,1.56,0.58,0.5,7.05,481.1,95.0,1.9997,1.8664,0.9332,1.2864,Medium,7,Kharif
Pune,Black,120,70,140,7.5,1200,20,Sugarcane,MOP,0.41,0.408,0.46,1.32,2.802,0.53,0.374,6.746,861.6,93.82,1.714,0.8571,0.5,0.3928,Medium,8,Kharif
Satara,Black,125,80,120,6.5,1000,25,Sugarcane,Urea,0.295,0.25,0.073,3.96,6.2,2.4,0.793,4.178,886.2,89.73,1.5623,1.0416,0.6666,0.1284,Low,7,Kharif
Pune,Black,125,65,150,6.5,1000,30,Sugarcane,Urea,0.41,0.408,0.46,1.32,2.802,0.53,0.374,6.746,861.6,85.51,1.9228,0.8333,0.4333,0.1606,Medium,9,Kharif
Pune,Black,150,60,150,7.5,1200,20,Sugarcane,Urea,0.41,0.408,0.46,1.32,2.802,0.53,0.374,6.746,861.6,95.0,2.4996,0.9999,0.4,0.3928,Medium,9,Kharif
Solapur,Black,140,70,70,7.5,1200,30,Sugarcane,Urea,0.45,0.32,0.16,1.56,1.56,0.58,0.5,7.05,481.1,95.0,1.9997,1.9997,0.9999,1.4943,Medium,7,Kharif
Pune,Black,120,65,145,7.5,1200,30,Sugarcane,DAP,0.41,0.408,0.46,1.32,2.802,0.53,0.374,6.746,861.6,94.01,1.8459,0.8275,0.4482,0.3928,Medium,8,Kharif
Solapur,Black,140,60,75,6.5,1000,35,Sugarcane,MOP,0.45,0.32,0.16,1.56,1.56,0.58,0.5,7.05,481.1,83.7,2.3329,1.8664,0.7999,1.0786,Medium,7,Kharif
Satara,Black,150,75,135,6.0,1000,35,Sugarcane,Urea,0.295,0.25,0.073,3.96,6.2,2.4,0.793,4.178,886.2,92.85,1.9997,1.111,0.5555,0.1284,Low,7,Kharif
Pune,Black,145,80,145,7.0,1100,35,Sugarcane,MOP,0.41,0.408,0.46,1.32,2.802,0.53,0.374,6.746,861.6,92.77,1.8123,0.9999,0.5517,0.2767,Medium,8,Kharif
Kolhapur,Black,90,60,115,7.5,1500,35,Sugarcane,MOP,0.88,0.14,2.88,6.35,17.636,3.25,0.72,50.72,1733.1,93.71,1.4998,0.7825,0.5217,-0.1345,High,9,Kharif
Satara,Black,130,90,150,6.0,900,30,Sugarcane,Urea,0.295,0.25,0.073,3.96,6.2,2.4,0.793,4.178,886.2,84.17,1.4443,0.8666,0.6,0.0156,Low,8,Kharif
Solapur,Black,135,75,80,8.0,1200,20,Sugarcane,DAP,0.45,0.32,0.16,1.56,1.56,0.58,0.5,7.05,481.1,95.0,1.7998,1.6873,0.9374,1.4943,Medium,6,Kharif
Satara,Black,140,60,125,6.5,1000,35,Sugarcane,DAP,0.295,0.25,0.073,3.96,6.2,2.4,0.793,4.178,886.2,88.08,2.3329,1.1199,0.48,0.1284,Low,7,Kharif
Pune,Black,150,75,130,7.5,1500,35,Sugarcane,Urea,0.41,0.408,0.46,1.32,2.802,0.53,0.374,6.746,861.6,95.0,1.9997,1.1538,0.5769,0.7409,Medium,8,Kharif
Satara,Black,130,80,145,7.0,1000,35,Sugarcane,DAP,0.295,0.25,0.073,3.96,6.2,2.4,0.793,4.178,886.2,86.79,1.6248,0.8965,0.5517,0.1284,Low,7,Kharif
Solapur,Black,130,60,70,6.5,1100,30,Sugarcane,MOP,0.45,0.32,0.16,1.56,1.56,0.58,0.5,7.05,481.1,92.62,2.1663,1.8569,0.857,1.2864,Medium,7,Kharif
Satara,Black,145,60,145,7.0,1000,35,Sugarcane,MOP,0.295,0.25,0.073,3.96,6.2,2.4,0.793,4.178,886.2,88.91,2.4163,0.9999,0.4138,0.1284,Low,7,Kharif
Sangli,Reddish Brown,135,70,100,6.5,700,20,Sugarcane,MOP,0.583,0.24,0.973,3.16,6.06,2.88,0.62,10.75,514.5,76.57,1.9283,1.3499,0.6999,0.3605,Medium,8,Kharif
Pune,Black,135,65,145,7.5,1200,30,Sugarcane,DAP,0.41,0.408,0.46,1.32,2.802,0.53,0.374,6.746,861.6,95.0,2.0766,0.931,0.4482,0.3928,Medium,8,Kharif
Solapur,Black,120,80,60,8.5,1000,25,Sugarcane,DAP,0.45,0.32,0.16,1.56,1.56,0.58,0.5,7.05,481.1,90.09,1.4998,1.9997,1.3331,1.0786,Medium,5,Kharif
Pune,Black,130,70,130,7.5,1200,30,Sugarcane,MOP,0.41,0.408,0.46,1.32,2.802,0.53,0.374,6.746,861.6,93.44,1.8569,0.9999,0.5384,0.3928,Medium,8,Kharif
Solapur,Black,125,75,60,8.0,1100,25,Sugarcane,MOP,0.45,0.32,0.16,1.56,1.56,0.58,0.5,7.05,481.1,95.0,1.6664,2.083,1.2498,1.2864,Medium,6,Kharif
Kolhapur,Black,95,55,100,7.0,1400,20,Sugarcane,DAP,0.88,0.14,2.88,6.35,17.636,3.25,0.72,50.72,1733.1,93.8,1.727,0.9499,0.5499,-0.1922,High,9,Kharif
Pune,Black,150,70,150,6.5,1300,35,Sugarcane,DAP,0.41,0.408,0.46,1.32,2.802,0.53,0.374,6.746,861.6,95.0,2.1426,0.9999,0.4666,0.5088,Medium,9,Kharif
Solapur,Black,130,70,60,7.5,1200,25,Sugarcane,MOP,0.45,0.32,0.16,1.56,1.56,0.58,0.5,7.05,481.1,94.8,1.8569,2.1663,1.1665,1.4943,Medium,7,Kharif
Pune,Black,120,75,120,7.0,1400,20,Sugarcane,DAP,0.41,0.408,0.46,1.32,2.802,0.53,0.374,6.746,861.6,93.84,1.5998,0.9999,0.6249,0.6249,Medium,8,Kharif
Sangli,Reddish Brown,140,70,95,7.0,800,25,Sugarcane,Urea,0.583,0.24,0.973,3.16,6.06,2.88,0.62,10.75,514.5,79.18,1.9997,1.4735,0.7368,0.5549,Medium,7,Kharif
Solapur,Black,150,75,60,8.0,1100,25,Sugarcane,MOP,0.45,0.32,0.16,1.56,1.56,0.58,0.5,7.05,481.1,91.39,1.9997,2.4996,1.2498,1.2864,Medium,6,Kharif
Pune,Black,135,65,135,7.0,1100,35,Sugarcane,MOP,0.41,0.408,0.46,1.32,2.802,0.53,0.374,6.746,861.6,94.76,2.0766,0.9999,0.4814,0.2767,Medium,8,Kharif
Solapur,Black,145,80,60,8.5,1000,25,Sugarcane,DAP,0.45,0.32,0.16,1.56,1.56,0.58,0.5,7.05,481.1,87.36,1.8123,2.4163,1.3331,1.0786,Medium,5,Kharif
Solapur,Black,135,80,65,8.5,1200,30,Sugarcane,MOP,0.45,0.32,0.16,1.56,1.56,0.58,0.5,7.05,481.1,91.84,1.6873,2.0766,1.2306,1.4943,Medium,5,Kharif
Kolhapur,Black,75,55,105,7.0,1100,25,Sugarcane,Urea,0.88,0.14,2.88,6.35,17.636,3.25,0.72,50.72,1733.1,95.0,1.3634,0.7142,0.5238,-0.3653,High,8,Kharif
Pune,Black,145,75,140,6.5,1000,30,Sugarcane,MOP,0.41,0.408,0.46,1.32,2.802,0.53,0.374,6.746,861.6,90.89,1.9331,1.0356,0.5357,0.1606,Medium,8,Kharif
Satara,Black,135,85,130,6.0,1000,25,Sugarcane,DAP,0.295,0.25,0.073,3.96,6.2,2.4,0.793,4.178,886.2,93.15,1.588,1.0384,0.6538,0.1284,Low,7,Kharif
Solapur,Black,125,60,60,6.5,1000,20,Sugarcane,Urea,0.45,0.32,0.16,1.56,1.56,0.58,0.5,7.05,481.1,90.73,2.083,2.083,0.9998,1.0786,Medium,7,Kharif
Sangli,Reddish Brown,125,80,85,6.5,700,30,Sugarcane,MOP,0.583,0.24,0.973,3.16,6.06,2.88,0.62,10.75,514.5,76.01,1.5623,1.4704,0.9411,0.3605,Medium,7,Kharif
Satara,Black,120,90,145,6.0,900,20,Sugarcane,Urea,0.295,0.25,0.073,3.96,6.2,2.4,0.793,4.178,886.2,86.44,1.3332,0.8275,0.6206,0.0156,Low,7,Kharif
Solapur,Black,145,75,70,8.0,1200,35,Sugarcane,MOP,0.45,0.32,0.16,1.56,1.56,0.58,0.5,7.05,481.1,95.0,1.9331,2.0711,1.0713,1.4943,Medium,6,Kharif
Solapur,Black,135,60,70,6.5,1100,30,Sugarcane,MOP,0.45,0.32,0.16,1.56,1.56,0.58,0.5,7.05,481.1,91.19,2.2496,1.9283,0.857,1.2864,Medium,7,Kharif
Pune,Black,150,80,140,7.0,1400,20,Sugarcane,MOP,0.41,0.408,0.46,1.32,2.802,0.53,0.374,6.746,861.6,93.05,1.8748,1.0714,0.5714,0.6249,Medium,8,Kharif
Solapur,Black,125,75,70,8.0,1200,35,Sugarcane,MOP,0.45,0.32,0.16,1.56,1.56,0.58,0.5,7.05,481.1,94.18,1.6664,1.7855,1.0713,1.4943,Medium,6,Kharif
Solapur,Black,125,65,60,7.0,1000,25,Sugarcane,MOP,0.45,0.32,0.16,1.56,1.56,0.58,0.5,7.05,481.1,88.66,1.9228,2.083,1.0832,1.0786,Medium,7,Kharif
Satara,Black,120,85,130,6.0,1000,25,Sugarcane,DAP,0.295,0.25,0.073,3.96,6.2,2.4,0.793,4.178,886.2,90.77,1.4116,0.923,0.6538,0.1284,Low,7,Kharif
Sangli,Reddish Brown,130,75,85,6.5,700,20,Sugarcane,DAP,0.583,0.24,0.973,3.16,6.06,2.88,0.62,10.75,514.5,79.88,1.7331,1.5292,0.8822,0.3605,Medium,7,Kharif
Solapur,Black,140,75,80,8.0,1200,20,Sugarcane,DAP,0.45,0.32,0.16,1.56,1.56,0.58,0.5,7.05,481.1,94.65,1.8664,1.7498,0.9374,1.4943,Medium,6,Kharif
Pune,Black,140,75,145,6.5,1300,25,Sugarcane,MOP,0.41,0.408,0.46,1.32,2.802,0.53,0.374,6.746,861.6,95.0,1.8664,0.9655,0.5172,0.5088,Medium,8,Kharif
Pune,Black,130,65,135,7.0,1100,35,Sugarcane,MOP,0.41,0.408,0.46,1.32,2.802,0.53,0.374,6.746,861.6,91.84,1.9997,0.9629,0.4814,0.2767,Medium,8,Kharif
Solapur,Black,125,65,80,7.0,1100,20,Sugarcane,MOP,0.45,0.32,0.16,1.56,1.56,0.58,0.5,7.05,481.1,94.74,1.9228,1.5623,0.8124,1.2864,Medium,7,Kharif
Kolhapur,Black,100,50,110,6.5,1000,30,Sugarcane,DAP,0.88,0.14,2.88,6.35,17.636,3.25,0.72,50.72,1733.1,89.34,1.9996,0.909,0.4545,-0.423,High,9,Kharif
Sangli,Reddish Brown,145,75,95,7.0,800,20,Sugarcane,DAP,0.583,0.24,0.973,3.16,6.06,2.88,0.62,10.75,514.5,79.61,1.9331,1.5262,0.7894,0.5549,Medium,7,Kharif
Solapur,Black,125,60,65,6.5,1200,25,Sugarcane,DAP,0.45,0.32,0.16,1.56,1.56,0.58,0.5,7.05,481.1,95.0,2.083,1.9228,0.9229,1.4943,Medium,7,Kharif
Sangli,Reddish Brown,140,60,80,6.5,700,20,Sugarcane,DAP,0.583,0.24,0.973,3.16,6.06,2.88,0.62,10.75,514.5,71.75,2.3329,1.7498,0.7499,0.3605,Medium,7,Kharif
Kolhapur,Black,85,50,105,6.5,1300,25,Sugarcane,MOP,0.88,0.14,2.88,6.35,17.636,3.25,0.72,50.72,1733.1,93.32,1.6997,0.8094,0.4761,-0.2499,High,9,Kharif
Satara,Black,120,70,145,7.0,1000,35,Sugarcane,Urea,0.295,0.25,0.073,3.96,6.2,2.4,0.793,4.178,886.2,88.19,1.714,0.8275,0.4827,0.1284,Low,7,Kharif
Satara,Black,130,60,140,6.5,900,20,Sugarcane,DAP,0.295,0.25,0.073,3.96,6.2,2.4,0.793,4.178,886.2,81.8,2.1663,0.9285,0.4285,0.0156,Low,7,Kharif
Satara,Black,145,75,130,6.0,1000,25,Sugarcane,Urea,0.295,0.25,0.073,3.96,6.2,2.4,0.793,4.178,886.2,93.25,1.9331,1.1153,0.5769,0.1284,Low,7,Kharif
Pune,Black,145,80,120,7.5,1200,30,Sugarcane,DAP,0.41,0.408,0.46,1.32,2.802,0.53,0.374,6.746,861.6,93.91,1.8123,1.2082,0.6666,0.3928,Medium,8,Kharif
Kolhapur,Black,75,55,100,7.0,1400,20,Sugarcane,DAP,0.88,0.14,2.88,6.35,17.636,3.25,0.72,50.72,1733.1,93.91,1.3634,0.7499,0.5499,-0.1922,High,8,Kharif
Satara,Black,145,75,150,6.0,900,20,Sugarcane,Urea,0.295,0.25,0.073,3.96,6.2,2.4,0.793,4.178,886.2,83.97,1.9331,0.9666,0.5,0.0156,Low,8,Kharif
Satara,Black,150,60,140,6.5,900,20,Sugarcane,DAP,0.295,0.25,0.073,3.96,6.2,2.4,0.793,4.178,886.2,86.25,2.4996,1.0714,0.4285,0.0156,Low,7,Kharif
Satara,Black,125,90,140,7.0,1000,25,Sugarcane,MOP,0.295,0.25,0.073,3.96,6.2,2.4,0.793,4.178,886.2,86.45,1.3887,0.8928,0.6428,0.1284,Low,7,Kharif
Pune,Black,150,65,125,7.0,1100,25,Sugarcane,MOP,0.41,0.408,0.46,1.32,2.802,0.53,0.374,6.746,861.6,91.98,2.3073,1.1999,0.52,0.2767,Medium,8,Kharif
Pune,Black,120,80,150,7.0,1400,30,Sugarcane,MOP,0.41,0.408,0.46,1.32,2.802,0.53,0.374,6.746,861.6,95.0,1.4998,0.7999,0.5333,0.6249,Medium,9,Kharif
Pune,Black,125,80,135,6.5,1000,20,Sugarcane,Urea,0.41,0.408,0.46,1.32,2.802,0.53,0.374,6.746,861.6,90.45,1.5623,0.9259,0.5925,0.1606,Medium,8,Kharif
Satara,Black,120,90,120,6.5,1000,25,Sugarcane,DAP,0.295,0.25,0.073,3.96,6.2,2.4,0.793,4.178,886.2,91.79,1.3332,0.9999,0.7499,0.1284,Low,7,Kharif
Kolhapur,Black,90,60,100,7.5,1200,20,Sugarcane,MOP,0.88,0.14,2.88,6.35,17.636,3.25,0.72,50.72,1733.1,94.23,1.4998,0.8999,0.5999,-0.3076,High,9,Kharif
Sangli,Reddish Brown,150,70,80,7.0,800,30,Sugarcane,DAP,0.583,0.24,0.973,3.16,6.06,2.88,0.62,10.75,514.5,77.19,2.1426,1.8748,0.8749,0.5549,Medium,7,Kharif
Satara,Black,150,75,125,7.0,900,30,Sugarcane,MOP,0.295,0.25,0.073,3.96,6.2,2.4,0.793,4.178,886.2,84.36,1.9997,1.1999,0.6,0.0156,Low,7,Kharif
Pune,Black,130,75,130,7.5,1500,35,Sugarcane,Urea,0.41,0.408,0.46,1.32,2.802,0.53,0.374,6.746,861.6,90.54,1.7331,0.9999,0.5769,0.7409,Medium,8,Kharif
Sangli,Reddish Brown,150,65,90,6.5,700,20,Sugarcane,Urea,0.583,0.24,0.973,3.16,6.06,2.88,0.62,10.75,514.5,78.66,2.3073,1.6665,0.7221,0.3605,Medium,7,Kharif
Satara,Black,135,70,130,7.0,900,30,Sugarcane,Urea,0.295,0.25,0.073,3.96,6.2,2.4,0.793,4.178,886.2,83.17,1.9283,1.0384,0.5384,0.0156,Low,7,Kharif
Satara,Black,120,60,150,6.0,900,30,Sugarcane,Urea,0.295,0.25,0.073,3.96,6.2,2.4,0.793,4.178,886.2,82.73,1.9997,0.7999,0.4,0.0156,Low,8,Kharif
Sangli,Reddish Brown,125,75,85,6.5,700,20,Sugarcane,DAP,0.583,0.24,0.973,3.16,6.06,2.88,0.62,10.75,514.5,77.33,1.6664,1.4704,0.8822,0.3605,Medium,7,Kharif
Sangli,Reddish Brown,120,80,85,6.5,700,30,Sugarcane,MOP,0.583,0.24,0.973,3.16,6.06,2.88,0.62,10.75,514.5,74.38,1.4998,1.4116,0.9411,0.3605,Medium,7,Kharif
Satara,Black,150,90,145,6.0,900,20,Sugarcane,Urea,0.295,0.25,0.073,3.96,6.2,2.4,0.793,4.178,886.2,86.39,1.6665,1.0344,0.6206,0.0156,Low,7,Kharif
Satara,Black,130,80,130,6.0,1000,35,Sugarcane,MOP,0.295,0.25,0.073,3.96,6.2,2.4,0.793,4.178,886.2,87.17,1.6248,0.9999,0.6153,0.1284,Low,7,Kharif
Satara,Black,120,65,145,7.0,1000,25,Sugarcane,DAP,0.295,0.25,0.073,3.96,6.2,2.4,0.793,4.178,886.2,93.91,1.8459,0.8275,0.4482,0.1284,Low,7,Kharif
Kolhapur,Black,75,50,115,6.5,1300,35,Sugarcane,Urea,0.88,0.14,2.88,6.35,17.636,3.25,0.72,50.72,1733.1,93.18,1.4997,0.6521,0.4347,-0.2499,High,8,Kharif
Sangli,Reddish Brown,150,75,85,6.5,700,20,Sugarcane,DAP,0.583,0.24,0.973,3.16,6.06,2.88,0.62,10.75,514.5,77.29,1.9997,1.7645,0.8822,0.3605,Medium,7,Kharif
Satara,Black,125,90,135,6.5,900,30,Sugarcane,DAP,0.295,0.25,0.073,3.96,6.2,2.4,0.793,4.178,886.2,84.39,1.3887,0.9259,0.6666,0.0156,Low,7,Kharif
Satara,Black,135,80,135,6.5,900,30,Sugarcane,Urea,0.295,0.25,0.073,3.96,6.2,2.4,0.793,4.178,886.2,86.95,1.6873,0.9999,0.5925,0.0156,Low,7,Kharif
Satara,Black,120,90,130,6.0,1000,35,Sugarcane,Urea,0.295,0.25,0.073,3.96,6.2,2.4,0.793,4.178,886.2,88.29,1.3332,0.923,0.6923,0.1284,Low,7,Kharif
Satara,Black,125,75,145,7.0,1000,25,Sugarcane,MOP,0.295,0.25,0.073,3.96,6.2,2.4,0.793,4.178,886.2,91.88,1.6664,0.862,0.5172,0.1284,Low,7,Kharif
Solapur,Black,140,65,65,7.0,1100,25,Sugarcane,Urea,0.45,0.32,0.16,1.56,1.56,0.58,0.5,7.05,481.1,95.0,2.1535,2.1535,0.9998,1.2864,Medium,7,Kharif
Kolhapur,Black,80,55,110,7.0,1400,30,Sugarcane,MOP,0.88,0.14,2.88,6.35,17.636,3.25,0.72,50.72,1733.1,94.63,1.4543,0.7272,0.5,-0.1922,High,9,Kharif
Satara,Black,140,90,130,6.0,1000,35,Sugarcane,Urea,0.295,0.25,0.073,3.96,6.2,2.4,0.793,4.178,886.2,86.36,1.5554,1.0768,0.6923,0.1284,Low,7,Kharif
Satara,Black,140,75,135,6.0,1000,35,Sugarcane,Urea,0.295,0.25,0.073,3.96,6.2,2.4,0.793,4.178,886.2,87.57,1.8664,1.037,0.5555,0.1284,Low,7,Kharif
Satara,Black,135,85,145,7.0,1000,25,Sugarcane,Urea,0.295,0.25,0.073,3.96,6.2,2.4,0.793,4.178,886.2,91.07,1.588,0.931,0.5862,0.1284,Low,7,Kharif
Satara,Black,125,70,140,6.5,900,20,Sugarcane,MOP,0.295,0.25,0.073,3.96,6.2,2.4,0.793,4.178,886.2,86.59,1.7855,0.8928,0.5,0.0156,Low,7,Kharif
Satara,Black,130,65,135,6.0,1000,35,Sugarcane,MOP,0.295,0.25,0.073,3.96,6.2,2.4,0.793,4.178,886.2,88.82,1.9997,0.9629,0.4814,0.1284,Low,7,Kharif
Sangli,Reddish Brown,150,75,100,6.5,700,30,Sugarcane,Urea,0.583,0.24,0.973,3.16,6.06,2.88,0.62,10.75,514.5,74.87,1.9997,1.4999,0.7499,0.3605,Medium,8,Kharif
Satara,Black,135,80,140,6.5,900,20,Sugarcane,Urea,0.295,0.25,0.073,3.96,6.2,2.4,0.793,4.178,886.2,88.04,1.6873,0.9642,0.5714,0.0156,Low,7,Kharif
Kolhapur,Black,75,60,110,7.5,1200,30,Sugarcane,Urea,0.88,0.14,2.88,6.35,17.636,3.25,0.72,50.72,1733.1,95.0,1.2498,0.6818,0.5454,-0.3076,High,8,Kharif
Solapur,Black,145,60,75,6.5,1000,35,Sugarcane,MOP,0.45,0.32,0.16,1.56,1.56,0.58,0.5,7.05,481.1,86.56,2.4163,1.9331,0.7999,1.0786,Medium,7,Kharif
Satara,Black,130,75,145,7.0,1000,25,Sugarcane,MOP,0.295,0.25,0.073,3.96,6.2,2.4,0.793,4.178,886.2,87.93,1.7331,0.8965,0.5172,0.1284,Low,7,Kharif
Satara,Black,135,60,145,7.0,1000,35,Sugarcane,MOP,0.295,0.25,0.073,3.96,6.2,2.4,0.793,4.178,886.2,89.64,2.2496,0.931,0.4138,0.1284,Low,7,Kharif
Sangli,Reddish Brown,135,80,100,6.5,700,25,Sugarcane,DAP,0.583,0.24,0.973,3.16,6.06,2.88,0.62,10.75,514.5,74.81,1.6873,1.3499,0.7999,0.3605,Medium,8,Kharif
Solapur,Black,140,65,60,7.0,1000,25,Sugarcane,MOP,0.45,0.32,0.16,1.56,1.56,0.58,0.5,7.05,481.1,90.58,2.1535,2.3329,1.0832,1.0786,Medium,7,Kharif
Pune,Black,135,65,150,6.5,1000,30,Sugarcane,Urea,0.41,0.408,0.46,1.32,2.802,0.53,0.374,6.746,861.6,89.77,2.0766,0.8999,0.4333,0.1606,Medium,9,Kharif
Sangli,Reddish Brown,135,65,100,6.5,700,25,Sugarcane,DAP,0.583,0.24,0.973,3.16,6.06,2.88,0.62,10.75,514.5,76.28,2.0766,1.3499,0.6499,0.3605,Medium,8,Kharif
Satara,Black,120,70,120,6.5,1000,25,Sugarcane,MOP,0.295,0.25,0.073,3.96,6.2,2.4,0.793,4.178,886.2,89.49,1.714,0.9999,0.5833,0.1284,Low,7,Kharif
Satara,Black,125,65,120,6.5,1000,35,Sugarcane,Urea,0.295,0.25,0.073,3.96,6.2,2.4,0.793,4.178,886.2,84.14,1.9228,1.0416,0.5416,0.1284,Low,7,Kharif
Satara,Black,145,90,145,6.0,900,20,Sugarcane,Urea,0.295,0.25,0.073,3.96,6.2,2.4,0.793,4.178,886.2,88.36,1.6109,0.9999,0.6206,0.0156,Low,7,Kharif
Pune,Black,145,75,145,6.5,1300,25,Sugarcane,MOP,0.41,0.408,0.46,1.32,2.802,0.53,0.374,6.746,861.6,94.57,1.9331,0.9999,0.5172,0.5088,Medium,8,Kharif
Solapur,Black,150,80,65,8.5,1200,30,Sugarcane,MOP,0.45,0.32,0.16,1.56,1.56,0.58,0.5,7.05,481.1,95.0,1.8748,2.3073,1.2306,1.4943,Medium,5,Kharif
Sangli,Reddish Brown,135,65,80,7.0,800,20,Sugarcane,Urea,0.583,0.24,0.973,3.16,6.06,2.88,0.62,10.75,514.5,80.58,2.0766,1.6873,0.8124,0.5549,Medium,7,Kharif
Sangli,Reddish Brown,125,65,90,6.5,700,20,Sugarcane,Urea,0.583,0.24,0.973,3.16,6.06,2.88,0.62,10.75,514.5,77.96,1.9228,1.3887,0.7221,0.3605,Medium,7,Kharif
Sangli,Reddish Brown,125,60,80,6.5,700,20,Sugarcane,DAP,0.583,0.24,0.973,3.16,6.06,2.88,0.62,10.75,514.5,76.95,2.083,1.5623,0.7499,0.3605,Medium,7,Kharif
Sangli,Reddish Brown,120,60,80,6.5,700,20,Sugarcane,DAP,0.583,0.24,0.973,3.16,6.06,2.88,0.62,10.75,514.5,73.96,1.9997,1.4998,0.7499,0.3605,Medium,7,Kharif
Satara,Black,150,90,125,7.0,900,20,Sugarcane,MOP,0.295,0.25,0.073,3.96,6.2,2.4,0.793,4.178,886.2,84.1,1.6665,1.1999,0.7199,0.0156,Low,7,Kharif
Solapur,Black,120,75,60,8.0,1100,25,Sugarcane,MOP,0.45,0.32,0.16,1.56,1.56,0.58,0.5,7.05,481.1,95.0,1.5998,1.9997,1.2498,1.2864,Medium,6,Kharif
Satara,Black,125,60,120,6.0,900,20,Sugarcane,Urea,0.295,0.25,0.073,3.96,6.2,2.4,0.793,4.178,886.2,85.54,2.083,1.0416,0.5,0.0156,Low,7,Kharif
Sangli,Reddish Brown,145,65,100,6.5,700,25,Sugarcane,DAP,0.583,0.24,0.973,3.16,6.06,2.88,0.62,10.75,514.5,75.74,2.2304,1.4499,0.6499,0.3605,Medium,8,Kharif
Pune,Black,130,75,140,6.5,1000,30,Sugarcane,MOP,0.41,0.408,0.46,1.32,2.802,0.53,0.374,6.746,861.6,87.2,1.7331,0.9285,0.5357,0.1606,Medium,8,Kharif
Sangli,Reddish Brown,125,70,100,6.5,700,20,Sugarcane,MOP,0.583,0.24,0.973,3.16,6.06,2.88,0.62,10.75,514.5,78.74,1.7855,1.2499,0.6999,0.3605,Medium,8,Kharif
Satara,Black,130,80,150,6.0,900,30,Sugarcane,MOP,0.295,0.25,0.073,3.96,6.2,2.4,0.793,4.178,886.2,82.43,1.6248,0.8666,0.5333,0.0156,Low,8,Kharif
Satara,Black,140,70,145,7.0,1000,35,Sugarcane,Urea,0.295,0.25,0.073,3.96,6.2,2.4,0.793,4.178,886.2,87.34,1.9997,0.9655,0.4827,0.1284,Low,7,Kharif
Solapur,Black,130,60,60,6.5,1000,20,Sugarcane,Urea,0.45,0.32,0.16,1.56,1.56,0.58,0.5,7.05,481.1,89.05,2.1663,2.1663,0.9998,1.0786,Medium,7,Kharif
Solapur,Black,150,60,65,6.5,1200,25,Sugarcane,DAP,0.45,0.32,0.16,1.56,1.56,0.58,0.5,7.05,481.1,95.0,2.4996,2.3073,0.9229,1.4943,Medium,7,Kharif
Satara,Black,130,85,140,7.0,1000,35,Sugarcane,Urea,0.295,0.25,0.073,3.96,6.2,2.4,0.793,4.178,886.2,86.78,1.5292,0.9285,0.6071,0.1284,Low,7,Kharif
Pune,Black,145,80,135,6.5,1000,20,Sugarcane,Urea,0.41,0.408,0.46,1.32,2.802,0.53,0.374,6.746,861.6,91.45,1.8123,1.074,0.5925,0.1606,Medium,8,Kharif
Satara,Black,135,90,125,7.0,900,20,Sugarcane,MOP,0.295,0.25,0.073,3.96,6.2,2.4,0.793,4.178,886.2,83.65,1.4998,1.0799,0.7199,0.0156,Low,7,Kharif
Solapur,Black,140,80,80,8.5,1100,20,Sugarcane,Urea,0.45,0.32,0.16,1.56,1.56,0.58,0.5,7.05,481.1,95.0,1.7498,1.7498,0.9999,1.2864,Medium,5,Kharif
Solapur,Black,120,65,70,7.0,1000,30,Sugarcane,DAP,0.45,0.32,0.16,1.56,1.56,0.58,0.5,7.05,481.1,91.0,1.8459,1.714,0.9284,1.0786,Medium,7,Kharif
Satara,Black,130,75,150,6.0,900,20,Sugarcane,Urea,0.295,0.25,0.073,3.96,6.2,2.4,0.793,4.178,886.2,82.93,1.7331,0.8666,0.5,0.0156,Low,8,Kharif
Sangli,Reddish Brown,135,60,80,6.5,700,20,Sugarcane,DAP,0.583,0.24,0.973,3.16,6.06,2.88,0.62,10.75,514.5,77.69,2.2496,1.6873,0.7499,0.3605,Medium,7,Kharif
Satara,Black,120,70,150,6.0,900,30,Sugarcane,DAP,0.295,0.25,0.073,3.96,6.2,2.4,0.793,4.178,886.2,86.68,1.714,0.7999,0.4666,0.0156,Low,8,Kharif
Satara,Black,125,70,145,7.0,1000,35,Sugarcane,Urea,0.295,0.25,0.073,3.96,6.2,2.4,0.793,4.178,886.2,87.47,1.7855,0.862,0.4827,0.1284,Low,7,Kharif
Solapur,Black,150,70,70,7.5,1200,30,Sugarcane,Urea,0.45,0.32,0.16,1.56,1.56,0.58,0.5,7.05,481.1,95.0,2.1426,2.1426,0.9999,1.4943,Medium,7,Kharif
Satara,Black,150,75,130,6.0,1000,25,Sugarcane,Urea,0.295,0.25,0.073,3.96,6.2,2.4,0.793,4.178,886.2,94.44,1.9997,1.1538,0.5769,0.1284,Low,7,Kharif
Solapur,Black,135,70,70,7.5,1200,30,Sugarcane,Urea,0.45,0.32,0.16,1.56,1.56,0.58,0.5,7.05,481.1,93.13,1.9283,1.9283,0.9999,1.4943,Medium,7,Kharif
Satara,Black,145,85,150,6.0,900,20,Sugarcane,DAP,0.295,0.25,0.073,3.96,6.2,2.4,0.793,4.178,886.2,84.79,1.7057,0.9666,0.5666,0.0156,Low,8,Kharif
Pune,Black,130,75,145,6.5,1300,25,Sugarcane,MOP,0.41,0.408,0.46,1.32,2.802,0.53,0.374,6.746,861.6,92.29,1.7331,0.8965,0.5172,0.5088,Medium,8,Kharif
Pune,Black,135,75,130,7.5,1500,35,Sugarcane,Urea,0.41,0.408,0.46,1.32,2.802,0.53,0.374,6.746,861.6,95.0,1.7998,1.0384,0.5769,0.7409,Medium,8,Kharif
Pune,Black,125,60,140,7.0,1100,25,Sugarcane,DAP,0.41,0.408,0.46,1.32,2.802,0.53,0.374,6.746,861.6,91.13,2.083,0.8928,0.4285,0.2767,Medium,8,Kharif
Sangli,Reddish Brown,120,75,95,7.0,800,20,Sugarcane,DAP,0.583,0.24,0.973,3.16,6.06,2.88,0.62,10.75,514.5,83.66,1.5998,1.263,0.7894,0.5549,Medium,7,Kharif
Sangli,Reddish Brown,130,65,85,7.0,800,25,Sugarcane,DAP,0.583,0.24,0.973,3.16,6.06,2.88,0.62,10.75,514.5,78.58,1.9997,1.5292,0.7646,0.5549,Medium,7,Kharif
Sangli,Reddish Brown,150,75,95,7.0,800,20,Sugarcane,DAP,0.583,0.24,0.973,3.16,6.06,2.88,0.62,10.75,514.5,78.69,1.9997,1.5788,0.7894,0.5549,Medium,7,Kharif
Solapur,Black,125,75,75,8.0,1000,35,Sugarcane,Urea,0.45,0.32,0.16,1.56,1.56,0.58,0.5,7.05,481.1,91.68,1.6664,1.6664,0.9999,1.0786,Medium,6,Kharif
Kolhapur,Black,100,55,105,7.0,1100,25,Sugarcane,Urea,0.88,0.14,2.88,6.35,17.636,3.25,0.72,50.72,1733.1,94.07,1.8179,0.9523,0.5238,-0.3653,High,9,Kharif
Satara,Black,130,60,135,6.0,1000,25,Sugarcane,Urea,0.295,0.25,0.073,3.96,6.2,2.4,0.793,4.178,886.2,91.7,2.1663,0.9629,0.4444,0.1284,Low,7,Kharif
Pune,Black,135,60,125,6.5,1300,35,Sugarcane,MOP,0.41,0.408,0.46,1.32,2.802,0.53,0.374,6.746,861.6,90.26,2.2496,1.0799,0.48,0.5088,Medium,8,Kharif
Kolhapur,Black,80,55,115,7.0,1100,35,Sugarcane,DAP,0.88,0.14,2.88,6.35,17.636,3.25,0.72,50.72,1733.1,92.4,1.4543,0.6956,0.4782,-0.3653,High,9,Kharif
Kolhapur,Black,75,55,115,7.0,1100,35,Sugarcane,DAP,0.88,0.14,2.88,6.35,17.636,3.25,0.72,50.72,1733.1,92.77,1.3634,0.6521,0.4782,-0.3653,High,8,Kharif
Satara,Black,145,80,145,7.0,1000,35,Sugarcane,DAP,0.295,0.25,0.073,3.96,6.2,2.4,0.793,4.178,886.2,87.02,1.8123,0.9999,0.5517,0.1284,Low,7,Kharif
Solapur,Black,140,75,60,8.0,1100,25,Sugarcane,MOP,0.45,0.32,0.16,1.56,1.56,0.58,0.5,7.05,481.1,93.58,1.8664,2.3329,1.2498,1.2864,Medium,6,Kharif
Satara,Black,125,65,150,6.0,900,20,Sugarcane,MOP,0.295,0.25,0.073,3.96,6.2,2.4,0.793,4.178,886.2,85.59,1.9228,0.8333,0.4333,0.0156,Low,8,Kharif
Pune,Black,120,70,135,7.5,1500,25,Sugarcane,MOP,0.41,0.408,0.46,1.32,2.802,0.53,0.374,6.746,861.6,92.13,1.714,0.8888,0.5185,0.7409,Medium,8,Kharif
Sangli,Reddish Brown,150,65,85,7.0,800,25,Sugarcane,DAP,0.583,0.24,0.973,3.16,6.06,2.88,0.62,10.75,514.5,81.68,2.3073,1.7645,0.7646,0.5549,Medium,7,Kharif
Pune,Black,125,75,140,6.5,1000,30,Sugarcane,MOP,0.41,0.408,0.46,1.32,2.802,0.53,0.374,6.746,861.6,86.28,1.6664,0.8928,0.5357,0.1606,Medium,8,Kharif
Solapur,Black,120,80,80,8.5,1100,20,Sugarcane,Urea,0.45,0.32,0.16,1.56,1.56,0.58,0.5,7.05,481.1,91.77,1.4998,1.4998,0.9999,1.2864,Medium,5,Kharif
Satara,Black,140,80,120,6.5,1000,25,Sugarcane,Urea,0.295,0.25,0.073,3.96,6.2,2.4,0.793,4.178,886.2,92.16,1.7498,1.1666,0.6666,0.1284,Low,7,Kharif
Solapur,Black,125,60,75,6.5,1000,35,Sugarcane,MOP,0.45,0.32,0.16,1.56,1.56,0.58,0.5,7.05,481.1,89.79,2.083,1.6664,0.7999,1.0786,Medium,7,Kharif
Satara,Black,125,60,140,6.5,900,20,Sugarcane,DAP,0.295,0.25,0.073,3.96,6.2,2.4,0.793,4.178,886.2,86.74,2.083,0.8928,0.4285,0.0156,Low,7,Kharif
Satara,Black,125,75,150,6.0,900,20,Sugarcane,Urea,0.295,0.25,0.073,3.96,6.2,2.4,0.793,4.178,886.2,86.94,1.6664,0.8333,0.5,0.0156,Low,8,Kharif
Sangli,Reddish Brown,120,80,80,7.0,800,20,Sugarcane,Urea,0.583,0.24,0.973,3.16,6.06,2.88,0.62,10.75,514.5,81.37,1.4998,1.4998,0.9999,0.5549,Medium,7,Kharif
Pune,Black,150,70,135,7.5,1500,25,Sugarcane,MOP,0.41,0.408,0.46,1.32,2.802,0.53,0.374,6.746,861.6,93.93,2.1426,1.111,0.5185,0.7409,Medium,8,Kharif
Sangli,Reddish Brown,140,60,90,6.5,700,25,Sugarcane,MOP,0.583,0.24,0.973,3.16,6.06,2.88,0.62,10.75,514.5,72.64,2.3329,1.5554,0.6666,0.3605,Medium,7,Kharif
Solapur,Black,120,60,75,6.5,1000,35,Sugarcane,MOP,0.45,0.32,0.16,1.56,1.56,0.58,0.5,7.05,481.1,91.22,1.9997,1.5998,0.7999,1.0786,Medium,7,Kharif
Satara,Black,125,60,135,6.0,1000,25,Sugarcane,Urea,0.295,0.25,0.073,3.96,6.2,2.4,0.793,4.178,886.2,87.27,2.083,0.9259,0.4444,0.1284,Low,7,Kharif
Sangli,Reddish Brown,125,75,80,7.0,800,25,Sugarcane,MOP,0.583,0.24,0.973,3.16,6.06,2.88,0.62,10.75,514.5,79.92,1.6664,1.5623,0.9374,0.5549,Medium,7,Kharif
Pune,Black,125,60,145,7.5,1500,25,Sugarcane,Urea,0.41,0.408,0.46,1.32,2.802,0.53,0.374,6.746,861.6,92.39,2.083,0.862,0.4138,0.7409,Medium,8,Kharif
Pune,Black,130,80,125,7.5,1500,25,Sugarcane,DAP,0.41,0.408,0.46,1.32,2.802,0.53,0.374,6.746,861.6,95.0,1.6248,1.0399,0.6399,0.7409,Medium,8,Kharif
Pune,Black,145,60,130,6.5,1000,30,Sugarcane,MOP,0.41,0.408,0.46,1.32,2.802,0.53,0.374,6.746,861.6,90.11,2.4163,1.1153,0.4615,0.1606,Medium,8,Kharif
Satara,Black,135,85,120,6.5,1000,35,Sugarcane,MOP,0.295,0.25,0.073,3.96,6.2,2.4,0.793,4.178,886.2,90.06,1.588,1.1249,0.7083,0.1284,Low,7,Kharif
Pune,Black,145,75,120,7.0,1400,20,Sugarcane,DAP,0.41,0.408,0.46,1.32,2.802,0.53,0.374,6.746,861.6,95.0,1.9331,1.2082,0.6249,0.6249,Medium,8,Kharif
Sangli,Reddish Brown,120,80,100,6.5,700,25,Sugarcane,DAP,0.583,0.24,0.973,3.16,6.06,2.88,0.62,10.75,514.5,71.5,1.4998,1.1999,0.7999,0.3605,Medium,8,Kharif
Satara,Black,135,65,125,6.5,1000,25,Sugarcane,Urea,0.295,0.25,0.073,3.96,6.2,2.4,0.793,4.178,886.2,91.21,2.0766,1.0799,0.52,0.1284,Low,7,Kharif
Satara,Black,140,85,150,6.0,900,20,Sugarcane,DAP,0.295,0.25,0.073,3.96,6.2,2.4,0.793,4.178,886.2,85.63,1.6469,0.9333,0.5666,0.0156,Low,8,Kharif
Kolhapur,Black,90,60,110,7.5,1200,30,Sugarcane,Urea,0.88,0.14,2.88,6.35,17.636,3.25,0.72,50.72,1733.1,93.88,1.4998,0.8181,0.5454,-0.3076,High,9,Kharif
Sangli,Reddish Brown,135,65,90,6.5,700,20,Sugarcane,Urea,0.583,0.24,0.973,3.16,6.06,2.88,0.62,10.75,514.5,73.79,2.0766,1.4998,0.7221,0.3605,Medium,7,Kharif
Satara,Black,120,80,145,7.0,1000,35,Sugarcane,DAP,0.295,0.25,0.073,3.96,6.2,2.4,0.793,4.178,886.2,89.7,1.4998,0.8275,0.5517,0.1284,Low,7,Kharif
Pune,Black,120,60,120,6.5,1000,20,Sugarcane,MOP,0.41,0.408,0.46,1.32,2.802,0.53,0.374,6.746,861.6,88.76,1.9997,0.9999,0.5,0.1606,Medium,8,Kharif
Solapur,Black,135,65,60,7.0,1000,25,Sugarcane,MOP,0.45,0.32,0.16,1.56,1.56,0.58,0.5,7.05,481.1,89.5,2.0766,2.2496,1.0832,1.0786,Medium,7,Kharif
Solapur,Black,130,60,75,6.5,1000,35,Sugarcane,MOP,0.45,0.32,0.16,1.56,1.56,0.58,0.5,7.05,481.1,87.46,2.1663,1.7331,0.7999,1.0786,Medium,7,Kharif
Pune,Black,140,70,140,7.5,1200,20,Sugarcane,MOP,0.41,0.408,0.46,1.32,2.802,0.53,0.374,6.746,861.6,93.39,1.9997,0.9999,0.5,0.3928,Medium,8,Kharif
Satara,Black,125,80,130,6.0,1000,35,Sugarcane,MOP,0.295,0.25,0.073,3.96,6.2,2.4,0.793,4.178,886.2,86.89,1.5623,0.9615,0.6153,0.1284,Low,7,Kharif
Kolhapur,Black,95,50,115,6.5,1300,35,Sugarcane,Urea,0.88,0.14,2.88,6.35,17.636,3.25,0.72,50.72,1733.1,95.0,1.8996,0.826,0.4347,-0.2499,High,9,Kharif
Satara,Black,140,65,135,6.0,1000,35,Sugarcane,MOP,0.295,0.25,0.073,3.96,6.2,2.4,0.793,4.178,886.2,90.81,2.1535,1.037,0.4814,0.1284,Low,7,Kharif
Sangli,Reddish Brown,145,70,100,6.5,700,20,Sugarcane,MOP,0.583,0.24,0.973,3.16,6.06,2.88,0.62,10.75,514.5,74.31,2.0711,1.4499,0.6999,0.3605,Medium,8,Kharif
Pune,Black,150,80,120,7.5,1200,30,Sugarcane,DAP,0.41,0.408,0.46,1.32,2.802,0.53,0.374,6.746,861.6,92.82,1.8748,1.2499,0.6666,0.3928,Medium,8,Kharif
Satara,Black,130,90,120,6.5,1000,25,Sugarcane,DAP,0.295,0.25,0.073,3.96,6.2,2.4,0.793,4.178,886.2,91.3,1.4443,1.0832,0.7499,0.1284,Low,7,Kharif
Satara,Black,130,85,125,7.0,900,30,Sugarcane,Urea,0.295,0.25,0.073,3.96,6.2,2.4,0.793,4.178,886.2,86.18,1.5292,1.0399,0.6799,0.0156,Low,7,Kharif
Pune,Black,130,60,145,7.5,1500,25,Sugarcane,Urea,0.41,0.408,0.46,1.32,2.802,0.53,0.374,6.746,861.6,91.8,2.1663,0.8965,0.4138,0.7409,Medium,8,Kharif
Pune,Black,150,60,135,7.0,1400,30,Sugarcane,DAP,0.41,0.408,0.46,1.32,2.802,0.53,0.374,6.746,861.6,93.69,2.4996,1.111,0.4444,0.6249,Medium,8,Kharif
Solapur,Black,145,75,65,8.0,1000,30,Sugarcane,MOP,0.45,0.32,0.16,1.56,1.56,0.58,0.5,7.05,481.1,88.93,1.9331,2.2304,1.1537,1.0786,Medium,6,Kharif
Sangli,Reddish Brown,140,65,90,6.5,700,20,Sugarcane,Urea,0.583,0.24,0.973,3.16,6.06,2.88,0.62,10.75,514.5,75.34,2.1535,1.5554,0.7221,0.3605,Medium,7,Kharif
Solapur,Black,120,75,75,8.0,1000,35,Sugarcane,Urea,0.45,0.32,0.16,1.56,1.56,0.58,0.5,7.05,481.1,88.73,1.5998,1.5998,0.9999,1.0786,Medium,6,Kharif
Pune,Black,150,60,145,7.5,1500,25,Sugarcane,Urea,0.41,0.408,0.46,1.32,2.802,0.53,0.374,6.746,861.6,94.07,2.4996,1.0344,0.4138,0.7409,Medium,8,Kharif
Kolhapur,Black,85,60,115,7.5,1500,35,Sugarcane,MOP,0.88,0.14,2.88,6.35,17.636,3.25,0.72,50.72,1733.1,95.0,1.4164,0.7391,0.5217,-0.1345,High,9,Kharif
Sangli,Reddish Brown,135,60,85,7.0,800,30,Sugarcane,Urea,0.583,0.24,0.973,3.16,6.06,2.88,0.62,10.75,514.5,77.5,2.2496,1.588,0.7058,0.5549,Medium,7,Kharif
Satara,Black,130,85,145,7.0,1000,25,Sugarcane,Urea,0.295,0.25,0.073,3.96,6.2,2.4,0.793,4.178,886.2,88.26,1.5292,0.8965,0.5862,0.1284,Low,7,Kharif
Pune,Black,125,70,135,7.5,1500,25,Sugarcane,MOP,0.41,0.408,0.46,1.32,2.802,0.53,0.374,6.746,861.6,95.0,1.7855,0.9259,0.5185,0.7409,Medium,8,Kharif
Satara,Black,145,85,125,7.0,900,30,Sugarcane,Urea,0.295,0.25,0.073,3.96,6.2,2.4,0.793,4.178,886.2,84.5,1.7057,1.1599,0.6799,0.0156,Low,7,Kharif
Solapur,Black,140,65,75,7.0,1200,35,Sugarcane,MOP,0.45,0.32,0.16,1.56,1.56,0.58,0.5,7.05,481.1,95.0,2.1535,1.8664,0.8666,1.4943,Medium,7,Kharif
Solapur,Black,135,60,60,6.5,1000,20,Sugarcane,Urea,0.45,0.32,0.16,1.56,1.56,0.58,0.5,7.05,481.1,93.21,2.2496,2.2496,0.9998,1.0786,Medium,7,Kharif
Sangli,Reddish Brown,120,65,80,7.0,800,20,Sugarcane,Urea,0.583,0.24,0.973,3.16,6.06,2.88,0.62,10.75,514.5,77.88,1.8459,1.4998,0.8124,0.5549,Medium,7,Kharif
Satara,Black,135,60,140,6.5,900,20,Sugarcane,DAP,0.295,0.25,0.073,3.96,6.2,2.4,0.793,4.178,886.2,87.25,2.2496,0.9642,0.4285,0.0156,Low,7,Kharif
Solapur,Black,140,65,80,7.0,1100,20,Sugarcane,MOP,0.45,0.32,0.16,1.56,1.56,0.58,0.5,7.05,481.1,93.7,2.1535,1.7498,0.8124,1.2864,Medium,7,Kharif
Satara,Black,135,75,135,6.0,1000,35,Sugarcane,Urea,0.295,0.25,0.073,3.96,6.2,2.4,0.793,4.178,886.2,85.48,1.7998,0.9999,0.5555,0.1284,Low,7,Kharif
Solapur,Black,135,75,70,8.0,1200,35,Sugarcane,MOP,0.45,0.32,0.16,1.56,1.56,0.58,0.5,7.05,481.1,94.57,1.7998,1.9283,1.0713,1.4943,Medium,6,Kharif
Satara,Black,130,90,135,6.5,900,30,Sugarcane,DAP,0.295,0.25,0.073,3.96,6.2,2.4,0.793,4.178,886.2,82.48,1.4443,0.9629,0.6666,0.0156,Low,7,Kharif
Solapur,Black,135,65,70,7.0,1000,30,Sugarcane,DAP,0.45,0.32,0.16,1.56,1.56,0.58,0.5,7.05,481.1,87.69,2.0766,1.9283,0.9284,1.0786,Medium,7,Kharif
Pune,Black,145,75,125,7.5,1200,20,Sugarcane,Urea,0.41,0.408,0.46,1.32,2.802,0.53,0.374,6.746,861.6,94.2,1.9331,1.1599,0.6,0.3928,Medium,8,Kharif
Satara,Black,150,70,120,6.5,1000,25,Sugarcane,MOP,0.295,0.25,0.073,3.96,6.2,2.4,0.793,4.178,886.2,87.59,2.1426,1.2499,0.5833,0.1284,Low,7,Kharif
Satara,Black,130,70,125,7.0,900,20,Sugarcane,Urea,0.295,0.25,0.073,3.96,6.2,2.4,0.793,4.178,886.2,85.88,1.8569,1.0399,0.56,0.0156,Low,7,Kharif
Sangli,Reddish Brown,120,65,85,7.0,800,25,Sugarcane,DAP,0.583,0.24,0.973,3.16,6.06,2.88,0.62,10.75,514.5,80.86,1.8459,1.4116,0.7646,0.5549,Medium,7,Kharif
Solapur,Black,145,70,75,7.5,1100,35,Sugarcane,DAP,0.45,0.32,0.16,1.56,1.56,0.58,0.5,7.05,481.1,94.48,2.0711,1.9331,0.9332,1.2864,Medium,7,Kharif
Solapur,Black,130,65,70,7.0,1000,30,Sugarcane,DAP,0.45,0.32,0.16,1.56,1.56,0.58,0.5,7.05,481.1,90.36,1.9997,1.8569,0.9284,1.0786,Medium,7,Kharif
Satara,Black,130,80,125,7.0,900,20,Sugarcane,DAP,0.295,0.25,0.073,3.96,6.2,2.4,0.793,4.178,886.2,87.12,1.6248,1.0399,0.6399,0.0156,Low,7,Kharif
Pune,Black,140,75,120,7.0,1400,20,Sugarcane,DAP,0.41,0.408,0.46,1.32,2.802,0.53,0.374,6.746,861.6,95.0,1.8664,1.1666,0.6249,0.6249,Medium,8,Kharif
Kolhapur,Black,90,50,105,6.5,1300,25,Sugarcane,MOP,0.88,0.14,2.88,6.35,17.636,3.25,0.72,50.72,1733.1,94.38,1.7996,0.8571,0.4761,-0.2499,High,9,Kharif
Sangli,Reddish Brown,150,70,100,6.5,700,20,Sugarcane,MOP,0.583,0.24,0.973,3.16,6.06,2.88,0.62,10.75,514.5,78.5,2.1426,1.4999,0.6999,0.3605,Medium,8,Kharif
Pune,Black,125,70,125,7.0,1400,30,Sugarcane,Urea,0.41,0.408,0.46,1.32,2.802,0.53,0.374,6.746,861.6,95.0,1.7855,0.9999,0.56,0.6249,Medium,8,Kharif
Satara,Black,135,75,145,7.0,1000,25,Sugarcane,MOP,0.295,0.25,0.073,3.96,6.2,2.4,0.793,4.178,886.2,90.8,1.7998,0.931,0.5172,0.1284,Low,7,Kharif
Satara,Black,120,75,135,6.0,1000,35,Sugarcane,Urea,0.295,0.25,0.073,3.96,6.2,2.4,0.793,4.178,886.2,85.51,1.5998,0.8888,0.5555,0.1284,Low,7,Kharif
Kolhapur,Black,95,55,115,7.0,1100,35,Sugarcane,DAP,0.88,0.14,2.88,6.35,17.636,3.25,0.72,50.72,1733.1,92.08,1.727,0.826,0.4782,-0.3653,High,9,Kharif
Satara,Black,140,60,130,7.0,900,30,Sugarcane,MOP,0.295,0.25,0.073,3.96,6.2,2.4,0.793,4.178,886.2,86.91,2.3329,1.0768,0.4615,0.0156,Low,7,Kharif
Solapur,Black,140,70,60,7.5,1200,25,Sugarcane,MOP,0.45,0.32,0.16,1.56,1.56,0.58,0.5,7.05,481.1,95.0,1.9997,2.3329,1.1665,1.4943,Medium,7,Kharif
Pune,Black,150,80,150,7.0,1400,30,Sugarcane,MOP,0.41,0.408,0.46,1.32,2.802,0.53,0.374,6.746,861.6,93.82,1.8748,0.9999,0.5333,0.6249,Medium,9,Kharif
Pune,Black,120,65,140,7.5,1500,35,Sugarcane,DAP,0.41,0.408,0.46,1.32,2.802,0.53,0.374,6.746,861.6,95.0,1.8459,0.8571,0.4643,0.7409,Medium,8,Kharif
Sangli,Reddish Brown,150,65,80,7.0,800,20,Sugarcane,Urea,0.583,0.24,0.973,3.16,6.06,2.88,0.62,10.75,514.5,83.84,2.3073,1.8748,0.8124,0.5549,Medium,7,Kharif
Satara,Black,130,70,130,7.0,900,30,Sugarcane,Urea,0.295,0.25,0.073,3.96,6.2,2.4,0.793,4.178,886.2,82.16,1.8569,0.9999,0.5384,0.0156,Low,7,Kharif
Satara,Black,120,60,140,6.5,900,20,Sugarcane,DAP,0.295,0.25,0.073,3.96,6.2,2.4,0.793,4.178,886.2,83.2,1.9997,0.8571,0.4285,0.0156,Low,7,Kharif
Pune,Black,130,65,150,6.5,1000,30,Sugarcane,Urea,0.41,0.408,0.46,1.32,2.802,0.53,0.374,6.746,861.6,89.99,1.9997,0.8666,0.4333,0.1606,Medium,9,Kharif
Satara,Black,125,65,130,7.0,900,20,Sugarcane,DAP,0.295,0.25,0.073,3.96,6.2,2.4,0.793,4.178,886.2,91.24,1.9228,0.9615,0.5,0.0156,Low,7,Kharif
Satara,Black,135,90,120,6.5,1000,25,Sugarcane,DAP,0.295,0.25,0.073,3.96,6.2,2.4,0.793,4.178,886.2,87.72,1.4998,1.1249,0.7499,0.1284,Low,7,Kharif
Sangli,Reddish Brown,120,70,90,6.5,700,30,Sugarcane,DAP,0.583,0.24,0.973,3.16,6.06,2.88,0.62,10.75,514.5,73.26,1.714,1.3332,0.7777,0.3605,Medium,7,Kharif
Pune,Black,125,60,130,6.5,1000,30,Sugarcane,MOP,0.41,0.408,0.46,1.32,2.802,0.53,0.374,6.746,861.6,91.11,2.083,0.9615,0.4615,0.1606,Medium,8,Kharif
Solapur,Black,120,65,75,7.0,1200,35,Sugarcane,MOP,0.45,0.32,0.16,1.56,1.56,0.58,0.5,7.05,481.1,95.0,1.8459,1.5998,0.8666,1.4943,Medium,7,Kharif
Solapur,Black,135,70,75,7.5,1100,35,Sugarcane,DAP,0.45,0.32,0.16,1.56,1.56,0.58,0.5,7.05,481.1,95.0,1.9283,1.7998,0.9332,1.2864,Medium,7,Kharif
Pune,Black,120,80,140,7.0,1400,20,Sugarcane,MOP,0.41,0.408,0.46,1.32,2.802,0.53,0.374,6.746,861.6,92.89,1.4998,0.8571,0.5714,0.6249,Medium,8,Kharif
Pune,Black,130,80,130,6.5,1300,25,Sugarcane,Urea,0.41,0.408,0.46,1.32,2.802,0.53,0.374,6.746,861.6,95.0,1.6248,0.9999,0.6153,0.5088,Medium,8,Kharif
Kolhapur,Black,85,60,100,7.5,1200,20,Sugarcane,MOP,0.88,0.14,2.88,6.35,17.636,3.25,0.72,50.72,1733.1,95.0,1.4164,0.8499,0.5999,-0.3076,High,9,Kharif
Satara,Black,125,65,135,6.0,1000,35,Sugarcane,MOP,0.295,0.25,0.073,3.96,6.2,2.4,0.793,4.178,886.2,90.82,1.9228,0.9259,0.4814,0.1284,Low,7,Kharif
Pune,Black,130,80,135,6.5,1000,20,Sugarcane,Urea,0.41,0.408,0.46,1.32,2.802,0.53,0.374,6.746,861.6,90.32,1.6248,0.9629,0.5925,0.1606,Medium,8,Kharif
Solapur,Black,120,60,70,6.5,1100,30,Sugarcane,MOP,0.45,0.32,0.16,1.56,1.56,0.58,0.5,7.05,481.1,93.93,1.9997,1.714,0.857,1.2864,Medium,7,Kharif
Satara,Black,150,75,120,6.5,1000,35,Sugarcane,DAP,0.295,0.25,0.073,3.96,6.2,2.4,0.793,4.178,886.2,88.83,1.9997,1.2499,0.6249,0.1284,Low,7,Kharif
Satara,Black,145,60,135,6.0,1000,25,Sugarcane,Urea,0.295,0.25,0.073,3.96,6.2,2.4,0.793,4.178,886.2,91.25,2.4163,1.074,0.4444,0.1284,Low,7,Kharif
Sangli,Reddish Brown,150,60,85,7.0,800,30,Sugarcane,Urea,0.583,0.24,0.973,3.16,6.06,2.88,0.62,10.75,514.5,80.95,2.4996,1.7645,0.7058,0.5549,Medium,7,Kharif
Satara,Black,135,75,140,6.5,900,30,Sugarcane,DAP,0.295,0.25,0.073,3.96,6.2,2.4,0.793,4.178,886.2,86.47,1.7998,0.9642,0.5357,0.0156,Low,7,Kharif
Kolhapur,Black,80,50,115,6.5,1300,35,Sugarcane,Urea,0.88,0.14,2.88,6.35,17.636,3.25,0.72,50.72,1733.1,92.18,1.5997,0.6956,0.4347,-0.2499,High,9,Kharif
Pune,Black,135,70,120,7.0,1100,35,Sugarcane,Urea,0.41,0.408,0.46,1.32,2.802,0.53,0.374,6.746,861.6,92.96,1.9283,1.1249,0.5833,0.2767,Medium,8,Kharif
Pune,Black,120,60,145,7.5,1500,25,Sugarcane,Urea,0.41,0.408,0.46,1.32,2.802,0.53,0.374,6.746,861.6,95.0,1.9997,0.8275,0.4138,0.7409,Medium,8,Kharif
Pune,Black,130,70,120,7.0,1100,35,Sugarcane,Urea,0.41,0.408,0.46,1.32,2.802,0.53,0.374,6.746,861.6,92.33,1.8569,1.0832,0.5833,0.2767,Medium,8,Kharif
Satara,Black,150,65,140,6.5,900,30,Sugarcane,Urea,0.295,0.25,0.073,3.96,6.2,2.4,0.793,4.178,886.2,80.87,2.3073,1.0714,0.4643,0.0156,Low,7,Kharif
Satara,Black,135,90,140,7.0,1000,25,Sugarcane,MOP,0.295,0.25,0.073,3.96,6.2,2.4,0.793,4.178,886.2,88.33,1.4998,0.9642,0.6428,0.1284,Low,7,Kharif
Sangli,Reddish Brown,125,60,85,7.0,800,30,Sugarcane,Urea,0.583,0.24,0.973,3.16,6.06,2.88,0.62,10.75,514.5,80.55,2.083,1.4704,0.7058,0.5549,Medium,7,Kharif
Kolhapur,Black,85,50,110,6.5,1000,30,Sugarcane,DAP,0.88,0.14,2.88,6.35,17.636,3.25,0.72,50.72,1733.1,86.34,1.6997,0.7727,0.4545,-0.423,High,9,Kharif
Solapur,Black,145,80,65,8.5,1200,30,Sugarcane,MOP,0.45,0.32,0.16,1.56,1.56,0.58,0.5,7.05,481.1,94.03,1.8123,2.2304,1.2306,1.4943,Medium,5,Kharif
Solapur,Black,145,80,75,8.5,1000,20,Sugarcane,MOP,0.45,0.32,0.16,1.56,1.56,0.58,0.5,7.05,481.1,92.93,1.8123,1.9331,1.0665,1.0786,Medium,5,Kharif
Pune,Black,125,60,135,7.0,1400,30,Sugarcane,DAP,0.41,0.408,0.46,1.32,2.802,0.53,0.374,6.746,861.6,94.37,2.083,0.9259,0.4444,0.6249,Medium,8,Kharif
Sangli,Reddish Brown,150,65,95,7.0,800,30,Sugarcane,MOP,0.583,0.24,0.973,3.16,6.06,2.88,0.62,10.75,514.5,76.9,2.3073,1.5788,0.6841,0.5549,Medium,7,Kharif
Sangli,Reddish Brown,135,80,95,6.5,700,20,Sugarcane,Urea,0.583,0.24,0.973,3.16,6.06,2.88,0.62,10.75,514.5,79.52,1.6873,1.4209,0.842,0.3605,Medium,7,Kharif
Pune,Black,135,80,120,7.5,1200,30,Sugarcane,DAP,0.41,0.408,0.46,1.32,2.802,0.53,0.374,6.746,861.6,95.0,1.6873,1.1249,0.6666,0.3928,Medium,8,Kharif
Solapur,Black,145,65,75,7.0,1200,35,Sugarcane,MOP,0.45,0.32,0.16,1.56,1.56,0.58,0.5,7.05,481.1,95.0,2.2304,1.9331,0.8666,1.4943,Medium,7,Kharif
Satara,Black,145,85,145,7.0,1000,25,Sugarcane,Urea,0.295,0.25,0.073,3.96,6.2,2.4,0.793,4.178,886.2,90.01,1.7057,0.9999,0.5862,0.1284,Low,7,Kharif
Pune,Black,150,70,120,7.0,1100,35,Sugarcane,Urea,0.41,0.408,0.46,1.32,2.802,0.53,0.374,6.746,861.6,90.85,2.1426,1.2499,0.5833,0.2767,Medium,8,Kharif
Satara,Black,120,80,135,6.5,900,30,Sugarcane,Urea,0.295,0.25,0.073,3.96,6.2,2.4,0.793,4.178,886.2,83.68,1.4998,0.8888,0.5925,0.0156,Low,7,Kharif
Sangli,Reddish Brown,150,70,85,6.5,700,25,Sugarcane,Urea,0.583,0.24,0.973,3.16,6.06,2.88,0.62,10.75,514.5,73.11,2.1426,1.7645,0.8234,0.3605,Medium,7,Kharif
Kolhapur,Black,100,60,110,7.5,1200,30,Sugarcane,Urea,0.88,0.14,2.88,6.35,17.636,3.25,0.72,50.72,1733.1,95.0,1.6664,0.909,0.5454,-0.3076,High,9,Kharif
Solapur,Black,150,70,75,7.5,1100,35,Sugarcane,DAP,0.45,0.32,0.16,1.56,1.56,0.58,0.5,7.05,481.1,93.15,2.1426,1.9997,0.9332,1.2864,Medium,7,Kharif
Satara,Black,145,75,140,6.5,900,30,Sugarcane,DAP,0.295,0.25,0.073,3.96,6.2,2.4,0.793,4.178,886.2,83.91,1.9331,1.0356,0.5357,0.0156,Low,7,Kharif
Satara,Black,125,65,125,6.5,1000,25,Sugarcane,Urea,0.295,0.25,0.073,3.96,6.2,2.4,0.793,4.178,886.2,90.97,1.9228,0.9999,0.52,0.1284,Low,7,Kharif
Pune,Black,130,65,125,7.0,1100,25,Sugarcane,MOP,0.41,0.408,0.46,1.32,2.802,0.53,0.374,6.746,861.6,93.07,1.9997,1.0399,0.52,0.2767,Medium,8,Kharif
Pune,Black,150,80,125,7.5,1500,25,Sugarcane,DAP,0.41,0.408,0.46,1.32,2.802,0.53,0.374,6.746,861.6,95.0,1.8748,1.1999,0.6399,0.7409,Medium,8,Kharif
Solapur,Black,150,65,80,7.0,1100,20,Sugarcane,MOP,0.45,0.32,0.16,1.56,1.56,0.58,0.5,7.05,481.1,95.0,2.3073,1.8748,0.8124,1.2864,Medium,7,Kharif
Solapur,Black,125,65,70,7.0,1000,30,Sugarcane,DAP,0.45,0.32,0.16,1.56,1.56,0.58,0.5,7.05,481.1,83.59,1.9228,1.7855,0.9284,1.0786,Medium,7,Kharif
Sangli,Reddish Brown,140,80,100,6.5,700,25,Sugarcane,DAP,0.583,0.24,0.973,3.16,6.06,2.88,0.62,10.75,514.5,74.17,1.7498,1.3999,0.7999,0.3605,Medium,8,Kharif
Sangli,Reddish Brown,130,70,90,6.5,700,30,Sugarcane,DAP,0.583,0.24,0.973,3.16,6.06,2.88,0.62,10.75,514.5,73.25,1.8569,1.4443,0.7777,0.3605,Medium,7,Kharif
Solapur,Black,135,60,75,6.5,1000,35,Sugarcane,MOP,0.45,0.32,0.16,1.56,1.56,0.58,0.5,7.05,481.1,86.22,2.2496,1.7998,0.7999,1.0786,Medium,7,Kharif
Satara,Black,145,60,125,6.5,1000,35,Sugarcane,DAP,0.295,0.25,0.073,3.96,6.2,2.4,0.793,4.178,886.2,85.1,2.4163,1.1599,0.48,0.1284,Low,7,Kharif
Pune,Black,140,80,150,7.0,1400,30,Sugarcane,MOP,0.41,0.408,0.46,1.32,2.802,0.53,0.374,6.746,861.6,92.63,1.7498,0.9333,0.5333,0.6249,Medium,9,Kharif
Pune,Black,125,80,145,7.0,1100,35,Sugarcane,MOP,0.41,0.408,0.46,1.32,2.802,0.53,0.374,6.746,861.6,91.24,1.5623,0.862,0.5517,0.2767,Medium,8,Kharif
Sangli,Reddish Brown,120,60,100,6.5,700,30,Sugarcane,Urea,0.583,0.24,0.973,3.16,6.06,2.88,0.62,10.75,514.5,74.27,1.9997,1.1999,0.5999,0.3605,Medium,8,Kharif
Pune,Black,125,65,140,7.5,1500,35,Sugarcane,DAP,0.41,0.408,0.46,1.32,2.802,0.53,0.374,6.746,861.6,94.91,1.9228,0.8928,0.4643,0.7409,Medium,8,Kharif
Sangli,Reddish Brown,120,65,95,7.0,800,30,Sugarcane,MOP,0.583,0.24,0.973,3.16,6.06,2.88,0.62,10.75,514.5,80.47,1.8459,1.263,0.6841,0.5549,Medium,7,Kharif
Satara,Black,140,75,125,7.0,900,30,Sugarcane,MOP,0.295,0.25,0.073,3.96,6.2,2.4,0.793,4.178,886.2,81.41,1.8664,1.1199,0.6,0.0156,Low,7,Kharif
Pune,Black,145,70,140,7.5,1200,20,Sugarcane,MOP,0.41,0.408,0.46,1.32,2.802,0.53,0.374,6.746,861.6,95.0,2.0711,1.0356,0.5,0.3928,Medium,8,Kharif
Kolhapur,Black,90,55,115,7.0,1100,35,Sugarcane,DAP,0.88,0.14,2.88,6.35,17.636,3.25,0.72,50.72,1733.1,91.56,1.6361,0.7825,0.4782,-0.3653,High,9,Kharif
Pune,Black,145,65,120,6.5,1300,25,Sugarcane,Urea,0.41,0.408,0.46,1.32,2.802,0.53,0.374,6.746,861.6,95.0,2.2304,1.2082,0.5416,0.5088,Medium,8,Kharif
Solapur,Black,125,70,80,7.5,1000,20,Sugarcane,MOP,0.45,0.32,0.16,1.56,1.56,0.58,0.5,7.05,481.1,90.68,1.7855,1.5623,0.8749,1.0786,Medium,7,Kharif
Sangli,Reddish Brown,120,75,90,7.0,800,30,Sugarcane,Urea,0.583,0.24,0.973,3.16,6.06,2.88,0.62,10.75,514.5,76.69,1.5998,1.3332,0.8332,0.5549,Medium,7,Kharif
Solapur,Black,125,80,65,8.5,1200,30,Sugarcane,MOP,0.45,0.32,0.16,1.56,1.56,0.58,0.5,7.05,481.1,95.0,1.5623,1.9228,1.2306,1.4943,Medium,5,Kharif
Kolhapur,Black,95,60,110,7.5,1200,30,Sugarcane,Urea,0.88,0.14,2.88,6.35,17.636,3.25,0.72,50.72,1733.1,92.97,1.5831,0.8636,0.5454,-0.3076,High,9,Kharif
Satara,Black,145,70,120,6.5,1000,25,Sugarcane,MOP,0.295,0.25,0.073,3.96,6.2,2.4,0.793,4.178,886.2,88.7,2.0711,1.2082,0.5833,0.1284,Low,7,Kharif
Kolhapur,Black,75,60,100,7.5,1200,20,Sugarcane,MOP,0.88,0.14,2.88,6.35,17.636,3.25,0.72,50.72,1733.1,95.0,1.2498,0.7499,0.5999,-0.3076,High,8,Kharif
Pune,Black,150,60,130,6.5,1000,30,Sugarcane,MOP,0.41,0.408,0.46,1.32,2.802,0.53,0.374,6.746,861.6,88.93,2.4996,1.1538,0.4615,0.1606,Medium,8,Kharif
Pune,Black,150,65,140,7.5,1500,35,Sugarcane,DAP,0.41,0.408,0.46,1.32,2.802,0.53,0.374,6.746,861.6,95.0,2.3073,1.0714,0.4643,0.7409,Medium,8,Kharif
Satara,Black,130,75,125,7.0,900,30,Sugarcane,MOP,0.295,0.25,0.073,3.96,6.2,2.4,0.793,4.178,886.2,83.3,1.7331,1.0399,0.6,0.0156,Low,7,Kharif
Sangli,Reddish Brown,140,80,85,6.5,700,30,Sugarcane,MOP,0.583,0.24,0.973,3.16,6.06,2.88,0.62,10.75,514.5,75.88,1.7498,1.6469,0.9411,0.3605,Medium,7,Kharif
Satara,Black,130,85,130,6.0,1000,25,Sugarcane,DAP,0.295,0.25,0.073,3.96,6.2,2.4,0.793,4.178,886.2,93.51,1.5292,0.9999,0.6538,0.1284,Low,7,Kharif
Satara,Black,125,85,145,7.0,1000,25,Sugarcane,Urea,0.295,0.25,0.073,3.96,6.2,2.4,0.793,4.178,886.2,90.78,1.4704,0.862,0.5862,0.1284,Low,7,Kharif
Pune,Black,120,70,145,6.5,1000,20,Sugarcane,DAP,0.41,0.408,0.46,1.32,2.802,0.53,0.374,6.746,861.6,90.5,1.714,0.8275,0.4827,0.1606,Medium,8,Kharif
Sangli,Reddish Brown,120,60,90,6.5,700,25,Sugarcane,MOP,0.583,0.24,0.973,3.16,6.06,2.88,0.62,10.75,514.5,76.66,1.9997,1.3332,0.6666,0.3605,Medium,7,Kharif
Solapur,Black,150,65,60,7.0,1000,25,Sugarcane,MOP,0.45,0.32,0.16,1.56,1.56,0.58,0.5,7.05,481.1,89.73,2.3073,2.4996,1.0832,1.0786,Medium,7,Kharif
Kolhapur,Black,85,55,100,7.0,1400,20,Sugarcane,DAP,0.88,0.14,2.88,6.35,17.636,3.25,0.72,50.72,1733.1,92.7,1.5452,0.8499,0.5499,-0.1922,High,9,Kharif
Pune,Black,135,75,135,6.5,1300,35,Sugarcane,MOP,0.41,0.408,0.46,1.32,2.802,0.53,0.374,6.746,861.6,92.03,1.7998,0.9999,0.5555,0.5088,Medium,8,Kharif
Satara,Black,125,90,130,6.0,1000,35,Sugarcane,Urea,0.295,0.25,0.073,3.96,6.2,2.4,0.793,4.178,886.2,88.05,1.3887,0.9615,0.6923,0.1284,Low,7,Kharif
Pune,Black,145,70,150,6.5,1300,35,Sugarcane,DAP,0.41,0.408,0.46,1.32,2.802,0.53,0.374,6.746,861.6,95.0,2.0711,0.9666,0.4666,0.5088,Medium,9,Kharif
Satara,Black,145,70,140,6.5,900,20,Sugarcane,MOP,0.295,0.25,0.073,3.96,6.2,2.4,0.793,4.178,886.2,89.4,2.0711,1.0356,0.5,0.0156,Low,7,Kharif
Solapur,Black,135,70,65,7.5,1100,30,Sugarcane,MOP,0.45,0.32,0.16,1.56,1.56,0.58,0.5,7.05,481.1,95.0,1.9283,2.0766,1.0768,1.2864,Medium,7,Kharif
Kolhapur,Black,80,50,110,6.5,1000,30,Sugarcane,DAP,0.88,0.14,2.88,6.35,17.636,3.25,0.72,50.72,1733.1,85.08,1.5997,0.7272,0.4545,-0.423,High,9,Kharif
Pune,Black,120,60,130,6.5,1000,30,Sugarcane,MOP,0.41,0.408,0.46,1.32,2.802,0.53,0.374,6.746,861.6,86.21,1.9997,0.923,0.4615,0.1606,Medium,8,Kharif
Satara,Black,125,80,150,6.0,900,30,Sugarcane,MOP,0.295,0.25,0.073,3.96,6.2,2.4,0.793,4.178,886.2,81.82,1.5623,0.8333,0.5333,0.0156,Low,8,Kharif
Satara,Black,145,75,120,6.5,1000,35,Sugarcane,DAP,0.295,0.25,0.073,3.96,6.2,2.4,0.793,4.178,886.2,89.71,1.9331,1.2082,0.6249,0.1284,Low,7,Kharif
Pune,Black,130,60,130,6.5,1000,30,Sugarcane,MOP,0.41,0.408,0.46,1.32,2.802,0.53,0.374,6.746,861.6,86.61,2.1663,0.9999,0.4615,0.1606,Medium,8,Kharif
Pune,Black,130,75,150,7.0,1100,25,Sugarcane,DAP,0.41,0.408,0.46,1.32,2.802,0.53,0.374,6.746,861.6,93.35,1.7331,0.8666,0.5,0.2767,Medium,9,Kharif
Sangli,Reddish Brown,135,70,80,7.0,800,30,Sugarcane,DAP,0.583,0.24,0.973,3.16,6.06,2.88,0.62,10.75,514.5,81.87,1.9283,1.6873,0.8749,0.5549,Medium,7,Kharif
Sangli,Reddish Brown,130,60,100,6.5,700,30,Sugarcane,Urea,0.583,0.24,0.973,3.16,6.06,2.88,0.62,10.75,514.5,75.11,2.1663,1.2999,0.5999,0.3605,Medium,8,Kharif
Solapur,Black,135,70,60,7.5,1200,25,Sugarcane,MOP,0.45,0.32,0.16,1.56,1.56,0.58,0.5,7.05,481.1,95.0,1.9283,2.2496,1.1665,1.4943,Medium,7,Kharif
Pune,Black,140,60,150,7.5,1200,20,Sugarcane,Urea,0.41,0.408,0.46,1.32,2.802,0.53,0.374,6.746,861.6,92.88,2.3329,0.9333,0.4,0.3928,Medium,9,Kharif
Pune,Black,130,60,125,6.5,1300,35,Sugarcane,MOP,0.41,0.408,0.46,1.32,2.802,0.53,0.374,6.746,861.6,95.0,2.1663,1.0399,0.48,0.5088,Medium,8,Kharif
Satara,Black,140,65,150,6.0,900,20,Sugarcane,MOP,0.295,0.25,0.073,3.96,6.2,2.4,0.793,4.178,886.2,82.9,2.1535,0.9333,0.4333,0.0156,Low,8,Kharif
Pune,Black,140,60,130,6.5,1000,30,Sugarcane,MOP,0.41,0.408,0.46,1.32,2.802,0.53,0.374,6.746,861.6,87.31,2.3329,1.0768,0.4615,0.1606,Medium,8,Kharif
Pune,Black,145,65,130,7.0,1400,20,Sugarcane,MOP,0.41,0.408,0.46,1.32,2.802,0.53,0.374,6.746,861.6,94.19,2.2304,1.1153,0.5,0.6249,Medium,8,Kharif
Satara,Black,135,85,140,7.0,1000,35,Sugarcane,Urea,0.295,0.25,0.073,3.96,6.2,2.4,0.793,4.178,886.2,86.92,1.588,0.9642,0.6071,0.1284,Low,7,Kharif
Pune,Black,135,60,130,6.5,1000,30,Sugarcane,MOP,0.41,0.408,0.46,1.32,2.802,0.53,0.374,6.746,861.6,89.57,2.2496,1.0384,0.4615,0.1606,Medium,8,Kharif
Solapur,Black,150,70,80,7.5,1000,20,Sugarcane,MOP,0.45,0.32,0.16,1.56,1.56,0.58,0.5,7.05,481.1,89.41,2.1426,1.8748,0.8749,1.0786,Medium,7,Kharif
Sangli,Reddish Brown,150,65,100,6.5,700,25,Sugarcane,DAP,0.583,0.24,0.973,3.16,6.06,2.88,0.62,10.75,514.5,75.3,2.3073,1.4999,0.6499,0.3605,Medium,8,Kharif
Solapur,Black,135,65,75,7.0,1200,35,Sugarcane,MOP,0.45,0.32,0.16,1.56,1.56,0.58,0.5,7.05,481.1,93.5,2.0766,1.7998,0.8666,1.4943,Medium,7,Kharif
Sangli,Reddish Brown,150,75,80,7.0,800,25,Sugarcane,MOP,0.583,0.24,0.973,3.16,6.06,2.88,0.62,10.75,514.5,77.44,1.9997,1.8748,0.9374,0.5549,Medium,7,Kharif
Sangli,Reddish Brown,140,65,100,6.5,700,25,Sugarcane,DAP,0.583,0.24,0.973,3.16,6.06,2.88,0.62,10.75,514.5,77.12,2.1535,1.3999,0.6499,0.3605,Medium,8,Kharif
Sangli,Reddish Brown,140,80,95,6.5,700,20,Sugarcane,Urea,0.583,0.24,0.973,3.16,6.06,2.88,0.62,10.75,514.5,76.0,1.7498,1.4735,0.842,0.3605,Medium,7,Kharif
Solapur,Black,140,60,65,6.5,1200,25,Sugarcane,DAP,0.45,0.32,0.16,1.56,1.56,0.58,0.5,7.05,481.1,95.0,2.3329,2.1535,0.9229,1.4943,Medium,7,Kharif
Solapur,Black,120,70,65,7.5,1100,30,Sugarcane,MOP,0.45,0.32,0.16,1.56,1.56,0.58,0.5,7.05,481.1,95.0,1.714,1.8459,1.0768,1.2864,Medium,7,Kharif
Sangli,Reddish Brown,150,80,85,6.5,700,30,Sugarcane,MOP,0.583,0.24,0.973,3.16,6.06,2.88,0.62,10.75,514.5,79.74,1.8748,1.7645,0.9411,0.3605,Medium,7,Kharif
Solapur,Black,135,80,80,8.5,1100,20,Sugarcane,Urea,0.45,0.32,0.16,1.56,1.56,0.58,0.5,7.05,481.1,95.0,1.6873,1.6873,0.9999,1.2864,Medium,5,Kharif
Satara,Black,150,75,150,6.0,900,20,Sugarcane,Urea,0.295,0.25,0.073,3.96,6.2,2.4,0.793,4.178,886.2,85.51,1.9997,0.9999,0.5,0.0156,Low,8,Kharif
Satara,Black,140,75,150,6.0,900,20,Sugarcane,Urea,0.295,0.25,0.073,3.96,6.2,2.4,0.793,4.178,886.2,87.22,1.8664,0.9333,0.5,0.0156,Low,8,Kharif
Sangli,Reddish Brown,150,75,90,7.0,800,30,Sugarcane,Urea,0.583,0.24,0.973,3.16,6.06,2.88,0.62,10.75,514.5,81.2,1.9997,1.6665,0.8332,0.5549,Medium,7,Kharif
Satara,Black,135,90,145,6.0,900,20,Sugarcane,Urea,0.295,0.25,0.073,3.96,6.2,2.4,0.793,4.178,886.2,84.56,1.4998,0.931,0.6206,0.0156,Low,7,Kharif
Pune,Black,125,75,135,6.5,1300,35,Sugarcane,MOP,0.41,0.408,0.46,1.32,2.802,0.53,0.374,6.746,861.6,95.0,1.6664,0.9259,0.5555,0.5088,Medium,8,Kharif
Sangli,Reddish Brown,145,65,95,7.0,800,30,Sugarcane,MOP,0.583,0.24,0.973,3.16,6.06,2.88,0.62,10.75,514.5,80.44,2.2304,1.5262,0.6841,0.5549,Medium,7,Kharif
Solapur,Black,145,65,70,7.0,1000,30,Sugarcane,DAP,0.45,0.32,0.16,1.56,1.56,0.58,0.5,7.05,481.1,90.02,2.2304,2.0711,0.9284,1.0786,Medium,7,Kharif
Kolhapur,Black,100,60,100,7.5,1200,20,Sugarcane,MOP,0.88,0.14,2.88,6.35,17.636,3.25,0.72,50.72,1733.1,95.0,1.6664,0.9999,0.5999,-0.3076,High,9,Kharif
Solapur,Black,130,65,75,7.0,1200,35,Sugarcane,MOP,0.45,0.32,0.16,1.56,1.56,0.58,0.5,7.05,481.1,94.38,1.9997,1.7331,0.8666,1.4943,Medium,7,Kharif
Satara,Black,130,65,140,6.5,900,30,Sugarcane,Urea,0.295,0.25,0.073,3.96,6.2,2.4,0.793,4.178,886.2,82.92,1.9997,0.9285,0.4643,0.0156,Low,7,Kharif
Pune,Black,150,65,145,7.5,1200,30,Sugarcane,DAP,0.41,0.408,0.46,1.32,2.802,0.53,0.374,6.746,861.6,92.69,2.3073,1.0344,0.4482,0.3928,Medium,8,Kharif
Solapur,Black,130,80,70,8.5,1100,35,Sugarcane,MOP,0.45,0.32,0.16,1.56,1.56,0.58,0.5,7.05,481.1,91.9,1.6248,1.8569,1.1427,1.2864,Medium,5,Kharif
Sangli,Reddish Brown,145,80,80,7.0,800,20,Sugarcane,Urea,0.583,0.24,0.973,3.16,6.06,2.88,0.62,10.75,514.5,79.65,1.8123,1.8123,0.9999,0.5549,Medium,7,Kharif
Pune,Black,130,70,145,6.5,1000,20,Sugarcane,DAP,0.41,0.408,0.46,1.32,2.802,0.53,0.374,6.746,861.6,91.81,1.8569,0.8965,0.4827,0.1606,Medium,8,Kharif
Pune,Black,145,65,135,7.0,1100,35,Sugarcane,MOP,0.41,0.408,0.46,1.32,2.802,0.53,0.374,6.746,861.6,93.79,2.2304,1.074,0.4814,0.2767,Medium,8,Kharif
Kolhapur,Black,85,55,105,7.0,1100,25,Sugarcane,Urea,0.88,0.14,2.88,6.35,17.636,3.25,0.72,50.72,1733.1,94.06,1.5452,0.8094,0.5238,-0.3653,High,9,Kharif
Pune,Black,135,60,150,7.5,1200,20,Sugarcane,Urea,0.41,0.408,0.46,1.32,2.802,0.53,0.374,6.746,861.6,94.88,2.2496,0.8999,0.4,0.3928,Medium,9,Kharif
Kolhapur,Black,75,50,110,6.5,1000,30,Sugarcane,DAP,0.88,0.14,2.88,6.35,17.636,3.25,0.72,50.72,1733.1,89.42,1.4997,0.6818,0.4545,-0.423,High,8,Kharif
Satara,Black,130,65,145,7.0,1000,25,Sugarcane,DAP,0.295,0.25,0.073,3.96,6.2,2.4,0.793,4.178,886.2,87.88,1.9997,0.8965,0.4482,0.1284,Low,7,Kharif
Sangli,Reddish Brown,145,75,100,6.5,700,30,Sugarcane,Urea,0.583,0.24,0.973,3.16,6.06,2.88,0.62,10.75,514.5,73.26,1.9331,1.4499,0.7499,0.3605,Medium,8,Kharif
Satara,Black,150,60,120,6.0,900,20,Sugarcane,Urea,0.295,0.25,0.073,3.96,6.2,2.4,0.793,4.178,886.2,85.37,2.4996,1.2499,0.5,0.0156,Low,7,Kharif
Satara,Black,120,65,130,7.0,900,20,Sugarcane,DAP,0.295,0.25,0.073,3.96,6.2,2.4,0.793,4.178,886.2,85.9,1.8459,0.923,0.5,0.0156,Low,7,Kharif
Sangli,Reddish Brown,130,75,90,7.0,800,30,Sugarcane,Urea,0.583,0.24,0.973,3.16,6.06,2.88,0.62,10.75,514.5,79.68,1.7331,1.4443,0.8332,0.5549,Medium,7,Kharif
Satara,Black,130,80,135,6.5,900,30,Sugarcane,Urea,0.295,0.25,0.073,3.96,6.2,2.4,0.793,4.178,886.2,80.97,1.6248,0.9629,0.5925,0.0156,Low,7,Kharif
Sangli,Reddish Brown,145,80,100,6.5,700,25,Sugarcane,DAP,0.583,0.24,0.973,3.16,6.06,2.88,0.62,10.75,514.5,73.11,1.8123,1.4499,0.7999,0.3605,Medium,8,Kharif
Sangli,Reddish Brown,120,75,85,6.5,700,20,Sugarcane,DAP,0.583,0.24,0.973,3.16,6.06,2.88,0.62,10.75,514.5,78.35,1.5998,1.4116,0.8822,0.3605,Medium,7,Kharif
Pune,Black,150,80,145,7.0,1100,35,Sugarcane,MOP,0.41,0.408,0.46,1.32,2.802,0.53,0.374,6.746,861.6,92.23,1.8748,1.0344,0.5517,0.2767,Medium,8,Kharif
Satara,Black,125,70,130,7.0,900,30,Sugarcane,Urea,0.295,0.25,0.073,3.96,6.2,2.4,0.793,4.178,886.2,85.11,1.7855,0.9615,0.5384,0.0156,Low,7,Kharif
Sangli,Reddish Brown,150,70,90,6.5,700,30,Sugarcane,DAP,0.583,0.24,0.973,3.16,6.06,2.88,0.62,10.75,514.5,74.22,2.1426,1.6665,0.7777,0.3605,Medium,7,Kharif
Satara,Black,125,60,125,6.5,1000,35,Sugarcane,DAP,0.295,0.25,0.073,3.96,6.2,2.4,0.793,4.178,886.2,89.3,2.083,0.9999,0.48,0.1284,Low,7,Kharif
Satara,Black,150,70,145,7.0,1000,35,Sugarcane,Urea,0.295,0.25,0.073,3.96,6.2,2.4,0.793,4.178,886.2,88.67,2.1426,1.0344,0.4827,0.1284,Low,7,Kharif
Solapur,Black,125,65,75,7.0,1200,35,Sugarcane,MOP,0.45,0.32,0.16,1.56,1.56,0.58,0.5,7.05,481.1,92.08,1.9228,1.6664,0.8666,1.4943,Medium,7,Kharif
Pune,Black,125,65,135,7.0,1100,35,Sugarcane,MOP,0.41,0.408,0.46,1.32,2.802,0.53,0.374,6.746,861.6,93.84,1.9228,0.9259,0.4814,0.2767,Medium,8,Kharif
Sangli,Reddish Brown,125,70,95,7.0,800,25,Sugarcane,Urea,0.583,0.24,0.973,3.16,6.06,2.88,0.62,10.75,514.5,81.79,1.7855,1.3157,0.7368,0.5549,Medium,7,Kharif
Pune,Black,140,80,135,6.5,1000,20,Sugarcane,Urea,0.41,0.408,0.46,1.32,2.802,0.53,0.374,6.746,861.6,88.29,1.7498,1.037,0.5925,0.1606,Medium,8,Kharif
Satara,Black,130,65,120,6.5,1000,35,Sugarcane,Urea,0.295,0.25,0.073,3.96,6.2,2.4,0.793,4.178,886.2,87.44,1.9997,1.0832,0.5416,0.1284,Low,7,Kharif
Pune,Black,145,80,140,7.0,1400,20,Sugarcane,MOP,0.41,0.408,0.46,1.32,2.802,0.53,0.374,6.746,861.6,92.27,1.8123,1.0356,0.5714,0.6249,Medium,8,Kharif
Satara,Black,135,90,135,6.5,900,30,Sugarcane,DAP,0.295,0.25,0.073,3.96,6.2,2.4,0.793,4.178,886.2,81.74,1.4998,0.9999,0.6666,0.0156,Low,7,Kharif
Sangli,Reddish Brown,125,70,80,7.0,800,30,Sugarcane,DAP,0.583,0.24,0.973,3.16,6.06,2.88,0.62,10.75,514.5,77.58,1.7855,1.5623,0.8749,0.5549,Medium,7,Kharif
Solapur,Black,145,60,70,6.5,1100,30,Sugarcane,MOP,0.45,0.32,0.16,1.56,1.56,0.58,0.5,7.05,481.1,90.99,2.4163,2.0711,0.857,1.2864,Medium,7,Kharif
Solapur,Black,140,60,70,6.5,1100,30,Sugarcane,MOP,0.45,0.32,0.16,1.56,1.56,0.58,0.5,7.05,481.1,93.83,2.3329,1.9997,0.857,1.2864,Medium,7,Kharif
Pune,Black,140,70,145,6.5,1000,20,Sugarcane,DAP,0.41,0.408,0.46,1.32,2.802,0.53,0.374,6.746,861.6,91.45,1.9997,0.9655,0.4827,0.1606,Medium,8,Kharif
Pune,Black,150,80,135,6.5,1000,20,Sugarcane,Urea,0.41,0.408,0.46,1.32,2.802,0.53,0.374,6.746,861.6,92.1,1.8748,1.111,0.5925,0.1606,Medium,8,Kharif
Sangli,Reddish Brown,130,70,85,6.5,700,25,Sugarcane,Urea,0.583,0.24,0.973,3.16,6.06,2.88,0.62,10.75,514.5,75.68,1.8569,1.5292,0.8234,0.3605,Medium,7,Kharif
Sangli,Reddish Brown,150,80,80,7.0,800,20,Sugarcane,Urea,0.583,0.24,0.973,3.16,6.06,2.88,0.62,10.75,514.5,79.45,1.8748,1.8748,0.9999,0.5549,Medium,7,Kharif
Satara,Black,135,60,130,7.0,900,30,Sugarcane,MOP,0.295,0.25,0.073,3.96,6.2,2.4,0.793,4.178,886.2,84.91,2.2496,1.0384,0.4615,0.0156,Low,7,Kharif
Satara,Black,150,70,150,6.0,900,30,Sugarcane,DAP,0.295,0.25,0.073,3.96,6.2,2.4,0.793,4.178,886.2,82.24,2.1426,0.9999,0.4666,0.0156,Low,8,Kharif
Satara,Black,125,80,145,7.0,1000,35,Sugarcane,DAP,0.295,0.25,0.073,3.96,6.2,2.4,0.793,4.178,886.2,83.51,1.5623,0.862,0.5517,0.1284,Low,7,Kharif
Solapur,Black,130,65,80,7.0,1100,20,Sugarcane,MOP,0.45,0.32,0.16,1.56,1.56,0.58,0.5,7.05,481.1,95.0,1.9997,1.6248,0.8124,1.2864,Medium,7,Kharif
Solapur,Black,130,70,75,7.5,1100,35,Sugarcane,DAP,0.45,0.32,0.16,1.56,1.56,0.58,0.5,7.05,481.1,95.0,1.8569,1.7331,0.9332,1.2864,Medium,7,Kharif
Pune,Black,145,75,150,7.0,1100,25,Sugarcane,DAP,0.41,0.408,0.46,1.32,2.802,0.53,0.374,6.746,861.6,93.81,1.9331,0.9666,0.5,0.2767,Medium,9,Kharif
Sangli,Reddish Brown,140,70,90,6.5,700,30,Sugarcane,DAP,0.583,0.24,0.973,3.16,6.06,2.88,0.62,10.75,514.5,70.74,1.9997,1.5554,0.7777,0.3605,Medium,7,Kharif
Solapur,Black,125,60,70,6.5,1100,30,Sugarcane,MOP,0.45,0.32,0.16,1.56,1.56,0.58,0.5,7.05,481.1,93.14,2.083,1.7855,0.857,1.2864,Medium,7,Kharif
Pune,Black,120,80,125,7.5,1500,25,Sugarcane,DAP,0.41,0.408,0.46,1.32,2.802,0.53,0.374,6.746,861.6,95.0,1.4998,0.9599,0.6399,0.7409,Medium,8,Kharif
Solapur,Black,150,70,60,7.5,1200,25,Sugarcane,MOP,0.45,0.32,0.16,1.56,1.56,0.58,0.5,7.05,481.1,95.0,2.1426,2.4996,1.1665,1.4943,Medium,7,Kharif
Sangli,Reddish Brown,145,70,90,6.5,700,30,Sugarcane,DAP,0.583,0.24,0.973,3.16,6.06,2.88,0.62,10.75,514.5,71.53,2.0711,1.6109,0.7777,0.3605,Medium,7,Kharif
Satara,Black,140,80,140,6.5,900,20,Sugarcane,Urea,0.295,0.25,0.073,3.96,6.2,2.4,0.793,4.178,886.2,90.18,1.7498,0.9999,0.5714,0.0156,Low,7,Kharif
Satara,Black,140,90,150,6.0,900,30,Sugarcane,Urea,0.295,0.25,0.073,3.96,6.2,2.4,0.793,4.178,886.2,84.51,1.5554,0.9333,0.6,0.0156,Low,8,Kharif
Satara,Black,150,60,135,6.0,1000,25,Sugarcane,Urea,0.295,0.25,0.073,3.96,6.2,2.4,0.793,4.178,886.2,88.61,2.4996,1.111,0.4444,0.1284,Low,7,Kharif
Solapur,Black,125,70,75,7.5,1100,35,Sugarcane,DAP,0.45,0.32,0.16,1.56,1.56,0.58,0.5,7.05,481.1,94.91,1.7855,1.6664,0.9332,1.2864,Medium,7,Kharif
Solapur,Black,150,60,75,6.5,1000,35,Sugarcane,MOP,0.45,0.32,0.16,1.56,1.56,0.58,0.5,7.05,481.1,87.58,2.4996,1.9997,0.7999,1.0786,Medium,7,Kharif
Solapur,Black,140,75,65,8.0,1000,30,Sugarcane,MOP,0.45,0.32,0.16,1.56,1.56,0.58,0.5,7.05,481.1,89.22,1.8664,2.1535,1.1537,1.0786,Medium,6,Kharif
Satara,Black,130,90,130,6.0,1000,35,Sugarcane,Urea,0.295,0.25,0.073,3.96,6.2,2.4,0.793,4.178,886.2,87.3,1.4443,0.9999,0.6923,0.1284,Low,7,Kharif
Solapur,Black,150,80,75,8.5,1000,20,Sugarcane,MOP,0.45,0.32,0.16,1.56,1.56,0.58,0.5,7.05,481.1,94.23,1.8748,1.9997,1.0665,1.0786,Medium,5,Kharif
Satara,Black,120,75,150,6.0,900,20,Sugarcane,Urea,0.295,0.25,0.073,3.96,6.2,2.4,0.793,4.178,886.2,86.63,1.5998,0.7999,0.5,0.0156,Low,8,Kharif
Pune,Black,140,70,130,7.5,1200,30,Sugarcane,MOP,0.41,0.408,0.46,1.32,2.802,0.53,0.374,6.746,861.6,94.08,1.9997,1.0768,0.5384,0.3928,Medium,8,Kharif
Pune,Black,140,80,120,7.5,1200,30,Sugarcane,DAP,0.41,0.408,0.46,1.32,2.802,0.53,0.374,6.746,861.6,91.52,1.7498,1.1666,0.6666,0.3928,Medium,8,Kharif
Pune,Black,130,65,120,6.5,1300,25,Sugarcane,Urea,0.41,0.408,0.46,1.32,2.802,0.53,0.374,6.746,861.6,91.1,1.9997,1.0832,0.5416,0.5088,Medium,8,Kharif
Pune,Black,140,75,130,7.5,1500,35,Sugarcane,Urea,0.41,0.408,0.46,1.32,2.802,0.53,0.374,6.746,861.6,93.88,1.8664,1.0768,0.5769,0.7409,Medium,8,Kharif
Pune,Black,140,75,140,6.5,1000,30,Sugarcane,MOP,0.41,0.408,0.46,1.32,2.802,0.53,0.374,6.746,861.6,91.16,1.8664,0.9999,0.5357,0.1606,Medium,8,Kharif
Solapur,Black,125,75,80,8.0,1200,20,Sugarcane,DAP,0.45,0.32,0.16,1.56,1.56,0.58,0.5,7.05,481.1,94.51,1.6664,1.5623,0.9374,1.4943,Medium,6,Kharif
Sangli,Reddish Brown,145,65,90,6.5,700,20,Sugarcane,Urea,0.583,0.24,0.973,3.16,6.06,2.88,0.62,10.75,514.5,74.44,2.2304,1.6109,0.7221,0.3605,Medium,7,Kharif
Satara,Black,125,65,140,6.5,900,30,Sugarcane,Urea,0.295,0.25,0.073,3.96,6.2,2.4,0.793,4.178,886.2,84.52,1.9228,0.8928,0.4643,0.0156,Low,7,Kharif
Pune,Black,135,75,140,6.5,1000,30,Sugarcane,MOP,0.41,0.408,0.46,1.32,2.802,0.53,0.374,6.746,861.6,87.07,1.7998,0.9642,0.5357,0.1606,Medium,8,Kharif
Pune,Black,145,65,125,7.0,1100,25,Sugarcane,MOP,0.41,0.408,0.46,1.32,2.802,0.53,0.374,6.746,861.6,95.0,2.2304,1.1599,0.52,0.2767,Medium,8,Kharif
Sangli,Reddish Brown,145,60,100,6.5,700,30,Sugarcane,Urea,0.583,0.24,0.973,3.16,6.06,2.88,0.62,10.75,514.5,69.7,2.4163,1.4499,0.5999,0.3605,Medium,8,Kharif
Pune,Black,130,70,125,7.0,1400,30,Sugarcane,Urea,0.41,0.408,0.46,1.32,2.802,0.53,0.374,6.746,861.6,93.2,1.8569,1.0399,0.56,0.6249,Medium,8,Kharif
Solapur,Black,120,65,60,7.0,1000,25,Sugarcane,MOP,0.45,0.32,0.16,1.56,1.56,0.58,0.5,7.05,481.1,92.0,1.8459,1.9997,1.0832,1.0786,Medium,7,Kharif
Sangli,Reddish Brown,130,70,95,7.0,800,25,Sugarcane,Urea,0.583,0.24,0.973,3.16,6.06,2.88,0.62,10.75,514.5,81.79,1.8569,1.3683,0.7368,0.5549,Medium,7,Kharif
Pune,Black,140,70,125,7.0,1400,30,Sugarcane,Urea,0.41,0.408,0.46,1.32,2.802,0.53,0.374,6.746,861.6,95.0,1.9997,1.1199,0.56,0.6249,Medium,8,Kharif
Sangli,Reddish Brown,125,80,95,6.5,700,20,Sugarcane,Urea,0.583,0.24,0.973,3.16,6.06,2.88,0.62,10.75,514.5,77.06,1.5623,1.3157,0.842,0.3605,Medium,7,Kharif
Pune,Black,120,70,120,7.0,1100,35,Sugarcane,Urea,0.41,0.408,0.46,1.32,2.802,0.53,0.374,6.746,861.6,95.0,1.714,0.9999,0.5833,0.2767,Medium,8,Kharif
Pune,Black,125,75,130,7.5,1500,35,Sugarcane,Urea,0.41,0.408,0.46,1.32,2.802,0.53,0.374,6.746,861.6,91.44,1.6664,0.9615,0.5769,0.7409,Medium,8,Kharif
Sangli,Reddish Brown,150,80,100,6.5,700,25,Sugarcane,DAP,0.583,0.24,0.973,3.16,6.06,2.88,0.62,10.75,514.5,76.22,1.8748,1.4999,0.7999,0.3605,Medium,8,Kharif
Pune,Black,140,65,140,7.5,1500,35,Sugarcane,DAP,0.41,0.408,0.46,1.32,2.802,0.53,0.374,6.746,861.6,93.88,2.1535,0.9999,0.4643,0.7409,Medium,8,Kharif
Pune,Black,130,60,120,6.5,1000,20,Sugarcane,MOP,0.41,0.408,0.46,1.32,2.802,0.53,0.374,6.746,861.6,90.74,2.1663,1.0832,0.5,0.1606,Medium,8,Kharif
Satara,Black,150,85,120,6.5,1000,35,Sugarcane,MOP,0.295,0.25,0.073,3.96,6.2,2.4,0.793,4.178,886.2,85.82,1.7645,1.2499,0.7083,0.1284,Low,7,Kharif
Pune,Black,120,65,135,7.0,1100,35,Sugarcane,MOP,0.41,0.408,0.46,1.32,2.802,0.53,0.374,6.746,861.6,89.81,1.8459,0.8888,0.4814,0.2767,Medium,8,Kharif
Satara,Black,135,70,120,6.5,1000,25,Sugarcane,MOP,0.295,0.25,0.073,3.96,6.2,2.4,0.793,4.178,886.2,90.96,1.9283,1.1249,0.5833,0.1284,Low,7,Kharif
Satara,Black,150,70,130,7.0,900,30,Sugarcane,Urea,0.295,0.25,0.073,3.96,6.2,2.4,0.793,4.178,886.2,85.84,2.1426,1.1538,0.5384,0.0156,Low,7,Kharif
Pune,Black,150,75,125,7.5,1200,20,Sugarcane,Urea,0.41,0.408,0.46,1.32,2.802,0.53,0.374,6.746,861.6,95.0,1.9997,1.1999,0.6,0.3928,Medium,8,Kharif
Satara,Black,145,90,130,6.0,1000,35,Sugarcane,Urea,0.295,0.25,0.073,3.96,6.2,2.4,0.793,4.178,886.2,91.06,1.6109,1.1153,0.6923,0.1284,Low,7,Kharif
Satara,Black,140,60,145,7.0,1000,35,Sugarcane,MOP,0.295,0.25,0.073,3.96,6.2,2.4,0.793,4.178,886.2,87.93,2.3329,0.9655,0.4138,0.1284,Low,7,Kharif
Solapur,Black,145,60,65,6.5,1200,25,Sugarcane,DAP,0.45,0.32,0.16,1.56,1.56,0.58,0.5,7.05,481.1,95.0,2.4163,2.2304,0.9229,1.4943,Medium,7,Kharif
Sangli,Reddish Brown,135,80,85,6.5,700,30,Sugarcane,MOP,0.583,0.24,0.973,3.16,6.06,2.88,0.62,10.75,514.5,74.37,1.6873,1.588,0.9411,0.3605,Medium,7,Kharif
Solapur,Black,150,70,65,7.5,1100,30,Sugarcane,MOP,0.45,0.32,0.16,1.56,1.56,0.58,0.5,7.05,481.1,95.0,2.1426,2.3073,1.0768,1.2864,Medium,7,Kharif
Pune,Black,120,65,130,7.0,1400,20,Sugarcane,MOP,0.41,0.408,0.46,1.32,2.802,0.53,0.374,6.746,861.6,95.0,1.8459,0.923,0.5,0.6249,Medium,8,Kharif
Sangli,Reddish Brown,135,70,90,6.5,700,30,Sugarcane,DAP,0.583,0.24,0.973,3.16,6.06,2.88,0.62,10.75,514.5,71.92,1.9283,1.4998,0.7777,0.3605,Medium,7,Kharif
Sangli,Reddish Brown,140,65,95,7.0,800,30,Sugarcane,MOP,0.583,0.24,0.973,3.16,6.06,2.88,0.62,10.75,514.5,77.53,2.1535,1.4735,0.6841,0.5549,Medium,7,Kharif
Satara,Black,120,80,150,6.0,900,30,Sugarcane,MOP,0.295,0.25,0.073,3.96,6.2,2.4,0.793,4.178,886.2,82.7,1.4998,0.7999,0.5333,0.0156,Low,8,Kharif
Pune,Black,130,70,140,7.5,1200,20,Sugarcane,MOP,0.41,0.408,0.46,1.32,2.802,0.53,0.374,6.746,861.6,95.0,1.8569,0.9285,0.5,0.3928,Medium,8,Kharif
Pune,Black,125,70,145,6.5,1000,20,Sugarcane,DAP,0.41,0.408,0.46,1.32,2.802,0.53,0.374,6.746,861.6,87.65,1.7855,0.862,0.4827,0.1606,Medium,8,Kharif
Solapur,Black,120,75,70,8.0,1200,35,Sugarcane,MOP,0.45,0.32,0.16,1.56,1.56,0.58,0.5,7.05,481.1,92.82,1.5998,1.714,1.0713,1.4943,Medium,6,Kharif
Pune,Black,150,75,135,6.5,1300,35,Sugarcane,MOP,0.41,0.408,0.46,1.32,2.802,0.53,0.374,6.746,861.6,91.95,1.9997,1.111,0.5555,0.5088,Medium,8,Kharif
Sangli,Reddish Brown,130,70,100,6.5,700,20,Sugarcane,MOP,0.583,0.24,0.973,3.16,6.06,2.88,0.62,10.75,514.5,77.39,1.8569,1.2999,0.6999,0.3605,Medium,8,Kharif
Satara,Black,120,75,140,6.5,900,30,Sugarcane,DAP,0.295,0.25,0.073,3.96,6.2,2.4,0.793,4.178,886.2,83.59,1.5998,0.8571,0.5357,0.0156,Low,7,Kharif
Sangli,Reddish Brown,130,75,100,6.5,700,30,Sugarcane,Urea,0.583,0.24,0.973,3.16,6.06,2.88,0.62,10.75,514.5,70.24,1.7331,1.2999,0.7499,0.3605,Medium,8,Kharif
Satara,Black,130,70,145,7.0,1000,35,Sugarcane,Urea,0.295,0.25,0.073,3.96,6.2,2.4,0.793,4.178,886.2,89.36,1.8569,0.8965,0.4827,0.1284,Low,7,Kharif
Pune,Black,125,60,150,7.5,1200,20,Sugarcane,Urea,0.41,0.408,0.46,1.32,2.802,0.53,0.374,6.746,861.6,95.0,2.083,0.8333,0.4,0.3928,Medium,9,Kharif
Sangli,Reddish Brown,120,70,80,7.0,800,30,Sugarcane,DAP,0.583,0.24,0.973,3.16,6.06,2.88,0.62,10.75,514.5,77.24,1.714,1.4998,0.8749,0.5549,Medium,7,Kharif
Satara,Black,150,65,135,6.0,1000,35,Sugarcane,MOP,0.295,0.25,0.073,3.96,6.2,2.4,0.793,4.178,886.2,87.11,2.3073,1.111,0.4814,0.1284,Low,7,Kharif
Satara,Black,140,65,125,6.5,1000,25,Sugarcane,Urea,0.295,0.25,0.073,3.96,6.2,2.4,0.793,4.178,886.2,94.11,2.1535,1.1199,0.52,0.1284,Low,7,Kharif
Sangli,Reddish Brown,120,70,85,6.5,700,25,Sugarcane,Urea,0.583,0.24,0.973,3.16,6.06,2.88,0.62,10.75,514.5,70.02,1.714,1.4116,0.8234,0.3605,Medium,7,Kharif
Sangli,Reddish Brown,130,60,85,7.0,800,30,Sugarcane,Urea,0.583,0.24,0.973,3.16,6.06,2.88,0.62,10.75,514.5,77.0,2.1663,1.5292,0.7058,0.5549,Medium,7,Kharif
Sangli,Reddish Brown,120,65,90,6.5,700,20,Sugarcane,Urea,0.583,0.24,0.973,3.16,6.06,2.88,0.62,10.75,514.5,77.03,1.8459,1.3332,0.7221,0.3605,Medium,7,Kharif
Satara,Black,120,85,145,7.0,1000,25,Sugarcane,Urea,0.295,0.25,0.073,3.96,6.2,2.4,0.793,4.178,886.2,93.74,1.4116,0.8275,0.5862,0.1284,Low,7,Kharif
Satara,Black,135,80,150,6.0,900,30,Sugarcane,MOP,0.295,0.25,0.073,3.96,6.2,2.4,0.793,4.178,886.2,83.26,1.6873,0.8999,0.5333,0.0156,Low,8,Kharif
Satara,Black,140,85,120,6.5,1000,35,Sugarcane,MOP,0.295,0.25,0.073,3.96,6.2,2.4,0.793,4.178,886.2,86.68,1.6469,1.1666,0.7083,0.1284,Low,7,Kharif
Solapur,Black,145,65,60,7.0,1000,25,Sugarcane,MOP,0.45,0.32,0.16,1.56,1.56,0.58,0.5,7.05,481.1,90.52,2.2304,2.4163,1.0832,1.0786,Medium,7,Kharif
Pune,Black,130,75,120,7.0,1400,20,Sugarcane,DAP,0.41,0.408,0.46,1.32,2.802,0.53,0.374,6.746,861.6,95.0,1.7331,1.0832,0.6249,0.6249,Medium,8,Kharif
Pune,Black,125,75,125,7.5,1200,20,Sugarcane,Urea,0.41,0.408,0.46,1.32,2.802,0.53,0.374,6.746,861.6,95.0,1.6664,0.9999,0.6,0.3928,Medium,8,Kharif
Satara,Black,125,80,125,7.0,900,20,Sugarcane,DAP,0.295,0.25,0.073,3.96,6.2,2.4,0.793,4.178,886.2,86.09,1.5623,0.9999,0.6399,0.0156,Low,7,Kharif
Satara,Black,130,60,130,7.0,900,30,Sugarcane,MOP,0.295,0.25,0.073,3.96,6.2,2.4,0.793,4.178,886.2,84.16,2.1663,0.9999,0.4615,0.0156,Low,7,Kharif
Satara,Black,150,65,150,6.0,900,20,Sugarcane,MOP,0.295,0.25,0.073,3.96,6.2,2.4,0.793,4.178,886.2,85.43,2.3073,0.9999,0.4333,0.0156,Low,8,Kharif
Sangli,Reddish Brown,120,70,95,7.0,800,25,Sugarcane,Urea,0.583,0.24,0.973,3.16,6.06,2.88,0.62,10.75,514.5,77.61,1.714,1.263,0.7368,0.5549,Medium,7,Kharif
Pune,Black,125,75,145,6.5,1300,25,Sugarcane,MOP,0.41,0.408,0.46,1.32,2.802,0.53,0.374,6.746,861.6,93.08,1.6664,0.862,0.5172,0.5088,Medium,8,Kharif
Pune,Black,140,80,140,7.0,1400,20,Sugarcane,MOP,0.41,0.408,0.46,1.32,2.802,0.53,0.374,6.746,861.6,94.15,1.7498,0.9999,0.5714,0.6249,Medium,8,Kharif
Pune,Black,135,80,135,6.5,1000,20,Sugarcane,Urea,0.41,0.408,0.46,1.32,2.802,0.53,0.374,6.746,861.6,92.0,1.6873,0.9999,0.5925,0.1606,Medium,8,Kharif
Pune,Black,125,65,120,6.5,1300,25,Sugarcane,Urea,0.41,0.408,0.46,1.32,2.802,0.53,0.374,6.746,861.6,95.0,1.9228,1.0416,0.5416,0.5088,Medium,8,Kharif
Sangli,Reddish Brown,125,80,100,6.5,700,25,Sugarcane,DAP,0.583,0.24,0.973,3.16,6.06,2.88,0.62,10.75,514.5,74.22,1.5623,1.2499,0.7999,0.3605,Medium,8,Kharif
Pune,Black,120,80,120,7.5,1200,30,Sugarcane,DAP,0.41,0.408,0.46,1.32,2.802,0.53,0.374,6.746,861.6,93.95,1.4998,0.9999,0.6666,0.3928,Medium,8,Kharif
Pune,Black,140,65,150,6.5,1000,30,Sugarcane,Urea,0.41,0.408,0.46,1.32,2.802,0.53,0.374,6.746,861.6,88.18,2.1535,0.9333,0.4333,0.1606,Medium,9,Kharif
Sangli,Reddish Brown,150,70,95,7.0,800,25,Sugarcane,Urea,0.583,0.24,0.973,3.16,6.06,2.88,0.62,10.75,514.5,84.56,2.1426,1.5788,0.7368,0.5549,Medium,7,Kharif
Pune,Black,145,70,145,6.5,1000,20,Sugarcane,DAP,0.41,0.408,0.46,1.32,2.802,0.53,0.374,6.746,861.6,90.35,2.0711,0.9999,0.4827,0.1606,Medium,8,Kharif
Sangli,Black,20,25,45,6.0,1600,25,Turmeric,Urea,0.583,0.24,0.973,3.16,6.06,2.88,0.62,10.75,514.5,91.18,0.7997,0.4443,0.5554,2.1098,Medium,5,Kharif
Satara,Red,60,55,45,6.0,1000,25,Turmeric,Urea,0.295,0.25,0.073,3.96,6.2,2.4,0.793,4.178,886.2,93.03,1.0907,1.333,1.222,0.1284,Low,5,Kharif
Sangli,Black,25,25,45,6.0,1600,25,Turmeric,Urea,0.583,0.24,0.973,3.16,6.06,2.88,0.62,10.75,514.5,94.21,0.9996,0.5554,0.5554,2.1098,Medium,5,Kharif
Satara,Red,55,55,50,7.5,900,25,Turmeric,Ferrous Sulphate,0.295,0.25,0.073,3.96,6.2,2.4,0.793,4.178,886.2,85.67,0.9998,1.0998,1.0998,0.0156,Low,5,Kharif
Satara,Red,55,50,50,6.0,900,20,Turmeric,White Potash,0.295,0.25,0.073,3.96,6.2,2.4,0.793,4.178,886.2,87.11,1.0998,1.0998,0.9998,0.0156,Low,5,Kharif
Sangli,Black,30,25,40,6.0,1600,25,Turmeric,White Potash,0.583,0.24,0.973,3.16,6.06,2.88,0.62,10.75,514.5,95.0,1.1995,0.7498,0.6248,2.1098,Medium,5,Kharif
Sangli,Black,25,25,50,6.0,1600,25,Turmeric,Ferrous Sulphate,0.583,0.24,0.973,3.16,6.06,2.88,0.62,10.75,514.5,93.11,0.9996,0.4999,0.4999,2.1098,Medium,5,Kharif
Satara,Red,60,60,45,7.0,900,30,Turmeric,White Potash,0.295,0.25,0.073,3.96,6.2,2.4,0.793,4.178,886.2,86.65,0.9998,1.333,1.333,0.0156,Low,5,Kharif
Sangli,Black,25,30,40,6.5,1700,30,Turmeric,Ferrous Sulphate,0.583,0.24,0.973,3.16,6.06,2.88,0.62,10.75,514.5,94.36,0.8331,0.6248,0.7498,2.3042,Medium,5,Kharif
Satara,Red,50,55,50,7.5,900,25,Turmeric,Ferrous Sulphate,0.295,0.25,0.073,3.96,6.2,2.4,0.793,4.178,886.2,82.52,0.9089,0.9998,1.0998,0.0156,Low,5,Kharif
Sangli,Black,20,30,45,6.5,1700,30,Turmeric,White Potash,0.583,0.24,0.973,3.16,6.06,2.88,0.62,10.75,514.5,92.0,0.6664,0.4443,0.6665,2.3042,Medium,5,Kharif
Satara,Red,50,55,45,6.0,1000,25,Turmeric,Urea,0.295,0.25,0.073,3.96,6.2,2.4,0.793,4.178,886.2,87.74,0.9089,1.1109,1.222,0.1284,Low,5,Kharif
Sangli,Black,20,30,50,6.5,1700,30,Turmeric,Urea,0.583,0.24,0.973,3.16,6.06,2.88,0.62,10.75,514.5,95.0,0.6664,0.3999,0.5999,2.3042,Medium,5,Kharif
Sangli,Black,25,30,50,6.5,1700,30,Turmeric,Urea,0.583,0.24,0.973,3.16,6.06,2.88,0.62,10.75,514.5,95.0,0.8331,0.4999,0.5999,2.3042,Medium,5,Kharif
Satara,Red,60,60,50,6.5,900,30,Turmeric,Urea,0.295,0.25,0.073,3.96,6.2,2.4,0.793,4.178,886.2,83.58,0.9998,1.1998,1.1998,0.0156,Low,5,Kharif
Satara,Red,60,60,40,5.5,1000,30,Turmeric,Ferrous Sulphate,0.295,0.25,0.073,3.96,6.2,2.4,0.793,4.178,886.2,88.17,0.9998,1.4996,1.4996,0.1284,Low,4,Kharif
Satara,Red,50,60,50,6.5,900,30,Turmeric,Urea,0.295,0.25,0.073,3.96,6.2,2.4,0.793,4.178,886.2,85.2,0.8332,0.9998,1.1998,0.0156,Low,5,Kharif
Satara,Red,55,55,45,6.0,1000,25,Turmeric,Urea,0.295,0.25,0.073,3.96,6.2,2.4,0.793,4.178,886.2,94.82,0.9998,1.222,1.222,0.1284,Low,5,Kharif
Sangli,Black,20,20,50,5.5,1500,20,Turmeric,White Potash,0.583,0.24,0.973,3.16,6.06,2.88,0.62,10.75,514.5,93.53,0.9995,0.3999,0.3999,1.9155,Medium,3,Kharif
Sangli,Black,25,20,40,5.5,1500,20,Turmeric,Urea,0.583,0.24,0.973,3.16,6.06,2.88,0.62,10.75,514.5,95.0,1.2494,0.6248,0.4999,1.9155,Medium,3,Kharif
Sangli,Black,30,20,50,5.5,1500,20,Turmeric,White Potash,0.583,0.24,0.973,3.16,6.06,2.88,0.62,10.75,514.5,95.0,1.4993,0.5999,0.3999,1.9155,Medium,3,Kharif
Sangli,Black,25,20,50,5.5,1500,20,Turmeric,White Potash,0.583,0.24,0.973,3.16,6.06,2.88,0.62,10.75,514.5,92.19,1.2494,0.4999,0.3999,1.9155,Medium,3,Kharif
Sangli,Black,25,30,45,6.5,1700,30,Turmeric,White Potash,0.583,0.24,0.973,3.16,6.06,2.88,0.62,10.75,514.5,94.82,0.8331,0.5554,0.6665,2.3042,Medium,5,Kharif
Satara,Red,50,60,40,5.5,1000,30,Turmeric,Ferrous Sulphate,0.295,0.25,0.073,3.96,6.2,2.4,0.793,4.178,886.2,85.18,0.8332,1.2497,1.4996,0.1284,Low,4,Kharif
Satara,Red,50,50,45,7.0,1000,20,Turmeric,Ferrous Sulphate,0.295,0.25,0.073,3.96,6.2,2.4,0.793,4.178,886.2,89.1,0.9998,1.1109,1.1109,0.1284,Low,5,Kharif
Satara,Red,55,60,40,5.5,1000,30,Turmeric,Ferrous Sulphate,0.295,0.25,0.073,3.96,6.2,2.4,0.793,4.178,886.2,87.28,0.9165,1.3747,1.4996,0.1284,Low,4,Kharif
Satara,Red,50,60,45,7.0,900,30,Turmeric,White Potash,0.295,0.25,0.073,3.96,6.2,2.4,0.793,4.178,886.2,83.06,0.8332,1.1109,1.333,0.0156,Low,5,Kharif
Sangli,Black,30,25,45,6.0,1600,25,Turmeric,Urea,0.583,0.24,0.973,3.16,6.06,2.88,0.62,10.75,514.5,93.4,1.1995,0.6665,0.5554,2.1098,Medium,5,Kharif
Sangli,Black,30,20,45,5.5,1500,20,Turmeric,Ferrous Sulphate,0.583,0.24,0.973,3.16,6.06,2.88,0.62,10.75,514.5,95.0,1.4993,0.6665,0.4443,1.9155,Medium,3,Kharif
Satara,Red,55,60,45,7.0,900,30,Turmeric,White Potash,0.295,0.25,0.073,3.96,6.2,2.4,0.793,4.178,886.2,83.81,0.9165,1.222,1.333,0.0156,Low,5,Kharif
Satara,Red,60,50,45,7.0,1000,20,Turmeric,Ferrous Sulphate,0.295,0.25,0.073,3.96,6.2,2.4,0.793,4.178,886.2,91.52,1.1998,1.333,1.1109,0.1284,Low,5,Kharif
Satara,Red,50,50,40,5.5,900,20,Turmeric,Urea,0.295,0.25,0.073,3.96,6.2,2.4,0.793,4.178,886.2,84.08,0.9998,1.2497,1.2497,0.0156,Low,4,Kharif
Sangli,Black,25,20,40,5.5,1500,20,Turmeric,White Potash,0.583,0.24,0.973,3.16,6.06,2.88,0.62,10.75,514.5,92.17,1.2494,0.6248,0.4999,1.9155,Medium,3,Kharif
Sangli,Black,25,20,45,5.5,1500,20,Turmeric,Ferrous Sulphate,0.583,0.24,0.973,3.16,6.06,2.88,0.62,10.75,514.5,95.0,1.2494,0.5554,0.4443,1.9155,Medium,3,Kharif
Sangli,Black,20,20,40,5.5,1500,20,Turmeric,Urea,0.583,0.24,0.973,3.16,6.06,2.88,0.62,10.75,514.5,95.0,0.9995,0.4999,0.4999,1.9155,Medium,3,Kharif
Sangli,Black,20,25,50,6.0,1600,25,Turmeric,Ferrous Sulphate,0.583,0.24,0.973,3.16,6.06,2.88,0.62,10.75,514.5,95.0,0.7997,0.3999,0.4999,2.1098,Medium,5,Kharif
Satara,Red,55,50,40,5.5,900,20,Turmeric,Urea,0.295,0.25,0.073,3.96,6.2,2.4,0.793,4.178,886.2,85.75,1.0998,1.3747,1.2497,0.0156,Low,4,Kharif
Satara,Red,50,55,40,6.5,1000,25,Turmeric,White Potash,0.295,0.25,0.073,3.96,6.2,2.4,0.793,4.178,886.2,90.97,0.9089,1.2497,1.3747,0.1284,Low,5,Kharif
Satara,Red,60,50,40,5.5,900,20,Turmeric,Urea,0.295,0.25,0.073,3.96,6.2,2.4,0.793,4.178,886.2,86.19,1.1998,1.4996,1.2497,0.0156,Low,4,Kharif
Sangli,Black,20,25,40,6.0,1600,25,Turmeric,White Potash,0.583,0.24,0.973,3.16,6.06,2.88,0.62,10.75,514.5,95.0,0.7997,0.4999,0.6248,2.1098,Medium,5,Kharif
Sangli,Black,30,25,50,6.0,1600,25,Turmeric,Ferrous Sulphate,0.583,0.24,0.973,3.16,6.06,2.88,0.62,10.75,514.5,94.74,1.1995,0.5999,0.4999,2.1098,Medium,5,Kharif
Sangli,Black,30,30,50,6.5,1700,30,Turmeric,Urea,0.583,0.24,0.973,3.16,6.06,2.88,0.62,10.75,514.5,95.0,0.9997,0.5999,0.5999,2.3042,Medium,5,Kharif
Satara,Red,60,55,40,6.5,1000,25,Turmeric,White Potash,0.295,0.25,0.073,3.96,6.2,2.4,0.793,4.178,886.2,92.17,1.0907,1.4996,1.3747,0.1284,Low,5,Kharif
Solapur,Black,60,35,20,7.0,500,30,Urad,DAP,0.45,0.32,0.16,1.56,1.56,0.58,0.5,7.05,481.1,61.11,1.7138,2.9985,1.7491,0.0393,Medium,6,Kharif
Solapur,Black,75,40,30,7.5,600,25,Urad,Urea,0.45,0.32,0.16,1.56,1.56,0.58,0.5,7.05,481.1,71.7,1.8745,2.4992,1.3329,0.2471,Medium,6,Kharif
Pune,Black,40,35,20,6.5,800,30,Urad,DAP,0.41,0.408,0.46,1.32,2.802,0.53,0.374,6.746,861.6,78.31,1.1425,1.999,1.7491,-0.0715,Medium,6,Kharif
Kolhapur,Dark Brown,20,30,30,6.0,800,20,Urad,DAP,0.88,0.14,2.88,6.35,17.636,3.25,0.72,50.72,1733.1,80.65,0.6664,0.6664,0.9997,-0.5384,High,6,Kharif
Pune,Black,35,40,25,7.0,900,35,Urad,DAP,0.41,0.408,0.46,1.32,2.802,0.53,0.374,6.746,861.6,82.84,0.8748,1.3994,1.5994,0.0446,Medium,5,Kharif
Pune,Black,30,35,30,6.5,800,30,Urad,SSP,0.41,0.408,0.46,1.32,2.802,0.53,0.374,6.746,861.6,82.74,0.8569,0.9997,1.1663,-0.0715,Medium,5,Kharif
Solapur,Black,70,35,20,7.0,500,30,Urad,DAP,0.45,0.32,0.16,1.56,1.56,0.58,0.5,7.05,481.1,62.9,1.9994,3.4983,1.7491,0.0393,Medium,6,Kharif
Solapur,Black,60,30,25,6.5,400,30,Urad,SSP,0.45,0.32,0.16,1.56,1.56,0.58,0.5,7.05,481.1,59.78,1.9993,2.399,1.1995,-0.1686,Medium,6,Kharif
Kolhapur,Dark Brown,25,30,25,6.0,800,25,Urad,SSP,0.88,0.14,2.88,6.35,17.636,3.25,0.72,50.72,1733.1,80.24,0.8331,0.9996,1.1995,-0.5384,High,6,Kharif
Kolhapur,Dark Brown,20,30,20,6.0,800,20,Urad,Urea,0.88,0.14,2.88,6.35,17.636,3.25,0.72,50.72,1733.1,82.08,0.6664,0.9995,1.4993,-0.5384,High,6,Kharif
Solapur,Black,80,30,20,6.5,400,25,Urad,Urea,0.45,0.32,0.16,1.56,1.56,0.58,0.5,7.05,481.1,58.27,2.6658,3.998,1.4993,-0.1686,Medium,7,Kharif
Pune,Black,35,35,25,6.5,800,30,Urad,Urea,0.41,0.408,0.46,1.32,2.802,0.53,0.374,6.746,861.6,79.65,0.9997,1.3994,1.3994,-0.0715,Medium,5,Kharif
Solapur,Black,60,35,30,7.0,500,25,Urad,SSP,0.45,0.32,0.16,1.56,1.56,0.58,0.5,7.05,481.1,64.73,1.7138,1.9993,1.1663,0.0393,Medium,6,Kharif
Kolhapur,Dark Brown,30,40,25,7.0,1000,20,Urad,DAP,0.88,0.14,2.88,6.35,17.636,3.25,0.72,50.72,1733.1,89.79,0.7498,1.1995,1.5994,-0.423,High,6,Kharif
Solapur,Black,70,30,25,6.5,400,30,Urad,SSP,0.45,0.32,0.16,1.56,1.56,0.58,0.5,7.05,481.1,59.53,2.3326,2.7989,1.1995,-0.1686,Medium,6,Kharif
Kolhapur,Dark Brown,25,35,25,6.5,900,25,Urad,Urea,0.88,0.14,2.88,6.35,17.636,3.25,0.72,50.72,1733.1,83.91,0.7141,0.9996,1.3994,-0.4807,High,6,Kharif
Kolhapur,Dark Brown,25,35,20,6.5,900,25,Urad,DAP,0.88,0.14,2.88,6.35,17.636,3.25,0.72,50.72,1733.1,87.94,0.7141,1.2494,1.7491,-0.4807,High,6,Kharif
Kolhapur,Dark Brown,20,35,30,6.5,900,20,Urad,SSP,0.88,0.14,2.88,6.35,17.636,3.25,0.72,50.72,1733.1,88.39,0.5713,0.6664,1.1663,-0.4807,High,6,Kharif
Pune,Black,35,40,20,7.0,900,35,Urad,SSP,0.41,0.408,0.46,1.32,2.802,0.53,0.374,6.746,861.6,79.86,0.8748,1.7491,1.999,0.0446,Medium,5,Kharif
Pune,Black,35,30,20,6.0,700,25,Urad,Urea,0.41,0.408,0.46,1.32,2.802,0.53,0.374,6.746,861.6,76.12,1.1663,1.7491,1.4993,-0.1876,Medium,5,Kharif
Solapur,Black,70,35,30,7.0,500,25,Urad,SSP,0.45,0.32,0.16,1.56,1.56,0.58,0.5,7.05,481.1,66.85,1.9994,2.3326,1.1663,0.0393,Medium,6,Kharif
Solapur,Black,75,40,25,7.5,600,25,Urad,DAP,0.45,0.32,0.16,1.56,1.56,0.58,0.5,7.05,481.1,70.65,1.8745,2.9988,1.5994,0.2471,Medium,6,Kharif
Solapur,Black,65,40,25,7.5,600,25,Urad,DAP,0.45,0.32,0.16,1.56,1.56,0.58,0.5,7.05,481.1,69.09,1.6246,2.599,1.5994,0.2471,Medium,6,Kharif
Kolhapur,Dark Brown,20,40,20,7.0,1000,25,Urad,SSP,0.88,0.14,2.88,6.35,17.636,3.25,0.72,50.72,1733.1,88.13,0.4999,0.9995,1.999,-0.423,High,6,Kharif
Solapur,Black,70,40,30,7.5,600,25,Urad,Urea,0.45,0.32,0.16,1.56,1.56,0.58,0.5,7.05,481.1,70.39,1.7496,2.3326,1.3329,0.2471,Medium,6,Kharif
Solapur,Black,65,35,25,7.0,500,30,Urad,Urea,0.45,0.32,0.16,1.56,1.56,0.58,0.5,7.05,481.1,63.39,1.8566,2.599,1.3994,0.0393,Medium,6,Kharif
Kolhapur,Dark Brown,20,30,25,6.0,800,25,Urad,SSP,0.88,0.14,2.88,6.35,17.636,3.25,0.72,50.72,1733.1,81.16,0.6664,0.7997,1.1995,-0.5384,High,6,Kharif
Pune,Black,30,30,25,6.0,700,25,Urad,SSP,0.41,0.408,0.46,1.32,2.802,0.53,0.374,6.746,861.6,77.36,0.9997,1.1995,1.1995,-0.1876,Medium,5,Kharif
Kolhapur,Dark Brown,30,30,25,6.0,800,25,Urad,SSP,0.88,0.14,2.88,6.35,17.636,3.25,0.72,50.72,1733.1,78.05,0.9997,1.1995,1.1995,-0.5384,High,6,Kharif
Solapur,Black,75,35,20,7.0,500,30,Urad,DAP,0.45,0.32,0.16,1.56,1.56,0.58,0.5,7.05,481.1,61.56,2.1422,3.7481,1.7491,0.0393,Medium,6,Kharif
Pune,Black,35,35,20,6.5,800,30,Urad,DAP,0.41,0.408,0.46,1.32,2.802,0.53,0.374,6.746,861.6,81.87,0.9997,1.7491,1.7491,-0.0715,Medium,5,Kharif
Solapur,Black,75,30,20,6.5,400,25,Urad,Urea,0.45,0.32,0.16,1.56,1.56,0.58,0.5,7.05,481.1,61.65,2.4992,3.7481,1.4993,-0.1686,Medium,6,Kharif
Solapur,Black,65,30,20,6.5,400,25,Urad,Urea,0.45,0.32,0.16,1.56,1.56,0.58,0.5,7.05,481.1,59.34,2.1659,3.2484,1.4993,-0.1686,Medium,6,Kharif
Pune,Black,40,40,20,7.0,900,35,Urad,SSP,0.41,0.408,0.46,1.32,2.802,0.53,0.374,6.746,861.6,85.71,0.9998,1.999,1.999,0.0446,Medium,6,Kharif
Kolhapur,Dark Brown,30,35,25,6.5,900,25,Urad,Urea,0.88,0.14,2.88,6.35,17.636,3.25,0.72,50.72,1733.1,85.78,0.8569,1.1995,1.3994,-0.4807,High,6,Kharif
Solapur,Black,75,30,25,6.5,400,30,Urad,SSP,0.45,0.32,0.16,1.56,1.56,0.58,0.5,7.05,481.1,57.83,2.4992,2.9988,1.1995,-0.1686,Medium,6,Kharif
Solapur,Black,70,40,25,7.5,600,25,Urad,DAP,0.45,0.32,0.16,1.56,1.56,0.58,0.5,7.05,481.1,72.9,1.7496,2.7989,1.5994,0.2471,Medium,6,Kharif
Solapur,Black,75,35,25,7.0,500,30,Urad,Urea,0.45,0.32,0.16,1.56,1.56,0.58,0.5,7.05,481.1,62.36,2.1422,2.9988,1.3994,0.0393,Medium,6,Kharif
Kolhapur,Dark Brown,25,40,20,7.0,1000,25,Urad,SSP,0.88,0.14,2.88,6.35,17.636,3.25,0.72,50.72,1733.1,89.11,0.6248,1.2494,1.999,-0.423,High,6,Kharif
Pune,Black,30,30,20,6.0,700,25,Urad,Urea,0.41,0.408,0.46,1.32,2.802,0.53,0.374,6.746,861.6,75.09,0.9997,1.4993,1.4993,-0.1876,Medium,5,Kharif
Solapur,Black,70,35,25,7.0,500,30,Urad,Urea,0.45,0.32,0.16,1.56,1.56,0.58,0.5,7.05,481.1,61.31,1.9994,2.7989,1.3994,0.0393,Medium,6,Kharif
Kolhapur,Dark Brown,25,40,30,7.0,1000,20,Urad,Urea,0.88,0.14,2.88,6.35,17.636,3.25,0.72,50.72,1733.1,91.37,0.6248,0.8331,1.3329,-0.423,High,6,Kharif
Solapur,Black,75,40,20,7.5,600,30,Urad,SSP,0.45,0.32,0.16,1.56,1.56,0.58,0.5,7.05,481.1,68.37,1.8745,3.7481,1.999,0.2471,Medium,6,Kharif
Solapur,Black,60,30,20,6.5,400,25,Urad,Urea,0.45,0.32,0.16,1.56,1.56,0.58,0.5,7.05,481.1,59.98,1.9993,2.9985,1.4993,-0.1686,Medium,6,Kharif
Kolhapur,Dark Brown,25,30,30,6.0,800,20,Urad,DAP,0.88,0.14,2.88,6.35,17.636,3.25,0.72,50.72,1733.1,84.42,0.8331,0.8331,0.9997,-0.5384,High,6,Kharif
Pune,Black,40,40,30,7.0,900,35,Urad,Urea,0.41,0.408,0.46,1.32,2.802,0.53,0.374,6.746,861.6,82.99,0.9998,1.3329,1.3329,0.0446,Medium,6,Kharif
Kolhapur,Dark Brown,25,40,25,7.0,1000,20,Urad,DAP,0.88,0.14,2.88,6.35,17.636,3.25,0.72,50.72,1733.1,93.08,0.6248,0.9996,1.5994,-0.423,High,6,Kharif
Solapur,Black,65,40,20,7.5,600,30,Urad,SSP,0.45,0.32,0.16,1.56,1.56,0.58,0.5,7.05,481.1,69.39,1.6246,3.2484,1.999,0.2471,Medium,6,Kharif
Kolhapur,Dark Brown,25,35,30,6.5,900,20,Urad,SSP,0.88,0.14,2.88,6.35,17.636,3.25,0.72,50.72,1733.1,85.68,0.7141,0.8331,1.1663,-0.4807,High,6,Kharif
Kolhapur,Dark Brown,20,40,25,7.0,1000,20,Urad,DAP,0.88,0.14,2.88,6.35,17.636,3.25,0.72,50.72,1733.1,89.66,0.4999,0.7997,1.5994,-0.423,High,6,Kharif
Kolhapur,Dark Brown,20,35,25,6.5,900,25,Urad,Urea,0.88,0.14,2.88,6.35,17.636,3.25,0.72,50.72,1733.1,79.82,0.5713,0.7997,1.3994,-0.4807,High,6,Kharif
Kolhapur,Dark Brown,30,40,20,7.0,1000,25,Urad,SSP,0.88,0.14,2.88,6.35,17.636,3.25,0.72,50.72,1733.1,88.23,0.7498,1.4993,1.999,-0.423,High,6,Kharif
Solapur,Black,65,40,30,7.5,600,25,Urad,Urea,0.45,0.32,0.16,1.56,1.56,0.58,0.5,7.05,481.1,70.53,1.6246,2.1659,1.3329,0.2471,Medium,6,Kharif
Kolhapur,Dark Brown,30,40,30,7.0,1000,20,Urad,Urea,0.88,0.14,2.88,6.35,17.636,3.25,0.72,50.72,1733.1,90.97,0.7498,0.9997,1.3329,-0.423,High,6,Kharif
Pune,Black,40,35,25,6.5,800,30,Urad,Urea,0.41,0.408,0.46,1.32,2.802,0.53,0.374,6.746,861.6,75.39,1.1425,1.5994,1.3994,-0.0715,Medium,6,Kharif
Kolhapur,Dark Brown,20,40,30,7.0,1000,20,Urad,Urea,0.88,0.14,2.88,6.35,17.636,3.25,0.72,50.72,1733.1,88.04,0.4999,0.6664,1.3329,-0.423,High,6,Kharif
Pune,Black,35,40,30,7.0,900,35,Urad,Urea,0.41,0.408,0.46,1.32,2.802,0.53,0.374,6.746,861.6,84.69,0.8748,1.1663,1.3329,0.0446,Medium,5,Kharif
Solapur,Black,80,35,25,7.0,500,30,Urad,Urea,0.45,0.32,0.16,1.56,1.56,0.58,0.5,7.05,481.1,63.05,2.2851,3.1987,1.3994,0.0393,Medium,7,Kharif
Pune,Black,35,30,30,6.0,700,25,Urad,DAP,0.41,0.408,0.46,1.32,2.802,0.53,0.374,6.746,861.6,76.01,1.1663,1.1663,0.9997,-0.1876,Medium,5,Kharif
Solapur,Black,80,40,20,7.5,600,30,Urad,SSP,0.45,0.32,0.16,1.56,1.56,0.58,0.5,7.05,481.1,70.23,1.9995,3.998,1.999,0.2471,Medium,7,Kharif
Pune,Black,40,40,25,7.0,900,35,Urad,DAP,0.41,0.408,0.46,1.32,2.802,0.53,0.374,6.746,861.6,79.32,0.9998,1.5994,1.5994,0.0446,Medium,6,Kharif
Solapur,Black,70,40,20,7.5,600,30,Urad,SSP,0.45,0.32,0.16,1.56,1.56,0.58,0.5,7.05,481.1,67.76,1.7496,3.4983,1.999,0.2471,Medium,6,Kharif
Solapur,Black,65,30,25,6.5,400,30,Urad,SSP,0.45,0.32,0.16,1.56,1.56,0.58,0.5,7.05,481.1,58.79,2.1659,2.599,1.1995,-0.1686,Medium,6,Kharif
Solapur,Black,75,35,30,7.0,500,25,Urad,SSP,0.45,0.32,0.16,1.56,1.56,0.58,0.5,7.05,481.1,66.93,2.1422,2.4992,1.1663,0.0393,Medium,6,Kharif
Solapur,Black,80,35,20,7.0,500,30,Urad,DAP,0.45,0.32,0.16,1.56,1.56,0.58,0.5,7.05,481.1,62.98,2.2851,3.998,1.7491,0.0393,Medium,7,Kharif
Solapur,Black,80,30,25,6.5,400,30,Urad,SSP,0.45,0.32,0.16,1.56,1.56,0.58,0.5,7.05,481.1,54.12,2.6658,3.1987,1.1995,-0.1686,Medium,7,Kharif
Solapur,Black,60,40,25,7.5,600,25,Urad,DAP,0.45,0.32,0.16,1.56,1.56,0.58,0.5,7.05,481.1,69.7,1.4996,2.399,1.5994,0.2471,Medium,6,Kharif
Solapur,Black,80,30,30,6.5,400,25,Urad,DAP,0.45,0.32,0.16,1.56,1.56,0.58,0.5,7.05,481.1,61.2,2.6658,2.6658,0.9997,-0.1686,Medium,7,Kharif
Pune,Black,30,40,25,7.0,900,35,Urad,DAP,0.41,0.408,0.46,1.32,2.802,0.53,0.374,6.746,861.6,85.91,0.7498,1.1995,1.5994,0.0446,Medium,5,Kharif
Pune,Black,30,40,30,7.0,900,35,Urad,Urea,0.41,0.408,0.46,1.32,2.802,0.53,0.374,6.746,861.6,78.22,0.7498,0.9997,1.3329,0.0446,Medium,5,Kharif
Solapur,Black,80,40,30,7.5,600,25,Urad,Urea,0.45,0.32,0.16,1.56,1.56,0.58,0.5,7.05,481.1,69.73,1.9995,2.6658,1.3329,0.2471,Medium,7,Kharif
Solapur,Black,65,30,30,6.5,400,25,Urad,DAP,0.45,0.32,0.16,1.56,1.56,0.58,0.5,7.05,481.1,59.72,2.1659,2.1659,0.9997,-0.1686,Medium,6,Kharif
Solapur,Black,65,35,30,7.0,500,25,Urad,SSP,0.45,0.32,0.16,1.56,1.56,0.58,0.5,7.05,481.1,67.85,1.8566,2.1659,1.1663,0.0393,Medium,6,Kharif
Pune,Black,35,35,30,6.5,800,30,Urad,SSP,0.41,0.408,0.46,1.32,2.802,0.53,0.374,6.746,861.6,79.84,0.9997,1.1663,1.1663,-0.0715,Medium,5,Kharif
Solapur,Black,60,30,30,6.5,400,25,Urad,DAP,0.45,0.32,0.16,1.56,1.56,0.58,0.5,7.05,481.1,62.41,1.9993,1.9993,0.9997,-0.1686,Medium,6,Kharif
Pune,Black,30,35,25,6.5,800,30,Urad,Urea,0.41,0.408,0.46,1.32,2.802,0.53,0.374,6.746,861.6,78.04,0.8569,1.1995,1.3994,-0.0715,Medium,5,Kharif
Solapur,Black,60,35,25,7.0,500,30,Urad,Urea,0.45,0.32,0.16,1.56,1.56,0.58,0.5,7.05,481.1,62.68,1.7138,2.399,1.3994,0.0393,Medium,6,Kharif
Pune,Black,30,35,20,6.5,800,30,Urad,DAP,0.41,0.408,0.46,1.32,2.802,0.53,0.374,6.746,861.6,76.64,0.8569,1.4993,1.7491,-0.0715,Medium,5,Kharif
Solapur,Black,70,30,30,6.5,400,25,Urad,DAP,0.45,0.32,0.16,1.56,1.56,0.58,0.5,7.05,481.1,59.1,2.3326,2.3326,0.9997,-0.1686,Medium,6,Kharif
Sangli,Black,100,40,45,6.5,900,25,Wheat,Urea,0.583,0.24,0.973,3.16,6.06,2.88,0.62,10.75,514.5,85.74,2.4994,2.2217,0.8887,0.7493,Medium,7,Rabi
Satara,Black,65,55,60,6.0,700,25,Wheat,Urea,0.295,0.25,0.073,3.96,6.2,2.4,0.793,4.178,886.2,73.43,1.1816,1.0832,0.9165,-0.2101,Low,5,Rabi
Kolhapur,Dark Brown,100,80,55,6.0,500,15,Wheat,19:19:19 NPK,0.88,0.14,2.88,6.35,17.636,3.25,0.72,50.72,1733.1,68.22,1.2498,1.8179,1.4543,-0.7115,High,8,Rabi
Kolhapur,Dark Brown,115,45,60,6.0,900,20,Wheat,19:19:19 NPK,0.88,0.14,2.88,6.35,17.636,3.25,0.72,50.72,1733.1,84.4,2.555,1.9163,0.7499,-0.4807,High,8,Rabi
Kolhapur,Dark Brown,80,55,45,7.0,700,25,Wheat,Urea,0.88,0.14,2.88,6.35,17.636,3.25,0.72,50.72,1733.1,74.92,1.4543,1.7774,1.222,-0.5961,High,8,Rabi
Pune,Reddish Brown,100,50,40,6.5,700,15,Wheat,19:19:19 NPK,0.41,0.408,0.46,1.32,2.802,0.53,0.374,6.746,861.6,77.76,1.9996,2.4994,1.2497,-0.1876,Medium,7,Rabi
Satara,Black,65,50,50,7.0,700,25,Wheat,19:19:19 NPK,0.295,0.25,0.073,3.96,6.2,2.4,0.793,4.178,886.2,77.31,1.2997,1.2997,0.9998,-0.2101,Low,5,Rabi
Kolhapur,Dark Brown,95,45,45,6.5,600,20,Wheat,19:19:19 NPK,0.88,0.14,2.88,6.35,17.636,3.25,0.72,50.72,1733.1,70.87,2.1106,2.1106,0.9998,-0.6538,High,8,Rabi
Solapur,Red,75,55,50,7.5,600,30,Wheat,19:19:19 NPK,0.45,0.32,0.16,1.56,1.56,0.58,0.5,7.05,481.1,69.7,1.3634,1.4997,1.0998,0.2471,Medium,6,Rabi
Pune,Reddish Brown,120,55,45,7.0,800,20,Wheat,19:19:19 NPK,0.41,0.408,0.46,1.32,2.802,0.53,0.374,6.746,861.6,83.26,2.1814,2.6661,1.222,-0.0715,Medium,7,Rabi
Satara,Black,65,55,55,7.5,500,15,Wheat,19:19:19 NPK,0.295,0.25,0.073,3.96,6.2,2.4,0.793,4.178,886.2,65.98,1.1816,1.1816,0.9998,-0.4358,Low,5,Rabi
Kolhapur,Dark Brown,85,50,60,6.0,700,25,Wheat,Urea,0.88,0.14,2.88,6.35,17.636,3.25,0.72,50.72,1733.1,75.42,1.6997,1.4164,0.8332,-0.5961,High,8,Rabi
Satara,Black,80,45,55,7.5,700,25,Wheat,19:19:19 NPK,0.295,0.25,0.073,3.96,6.2,2.4,0.793,4.178,886.2,78.41,1.7774,1.4543,0.818,-0.2101,Low,6,Rabi
Kolhapur,Dark Brown,95,45,60,6.0,500,15,Wheat,19:19:19 NPK,0.88,0.14,2.88,6.35,17.636,3.25,0.72,50.72,1733.1,68.23,2.1106,1.5831,0.7499,-0.7115,High,8,Rabi
Sangli,Black,105,45,55,7.5,900,20,Wheat,19:19:19 NPK,0.583,0.24,0.973,3.16,6.06,2.88,0.62,10.75,514.5,85.72,2.3328,1.9087,0.818,0.7493,Medium,7,Rabi
Kolhapur,Dark Brown,115,60,45,7.0,700,25,Wheat,Urea,0.88,0.14,2.88,6.35,17.636,3.25,0.72,50.72,1733.1,71.97,1.9163,2.555,1.333,-0.5961,High,8,Rabi
Solapur,Red,70,55,55,7.5,600,30,Wheat,19:19:19 NPK,0.45,0.32,0.16,1.56,1.56,0.58,0.5,7.05,481.1,67.54,1.2725,1.2725,0.9998,0.2471,Medium,6,Rabi
Solapur,Red,65,40,45,6.5,600,20,Wheat,Urea,0.45,0.32,0.16,1.56,1.56,0.58,0.5,7.05,481.1,71.65,1.6246,1.4441,0.8887,0.2471,Medium,6,Rabi
Kolhapur,Dark Brown,95,55,60,7.0,500,15,Wheat,19:19:19 NPK,0.88,0.14,2.88,6.35,17.636,3.25,0.72,50.72,1733.1,66.11,1.727,1.5831,0.9165,-0.7115,High,8,Rabi
Kolhapur,Dark Brown,60,55,40,6.5,800,15,Wheat,Urea,0.88,0.14,2.88,6.35,17.636,3.25,0.72,50.72,1733.1,80.0,1.0907,1.4996,1.3747,-0.5384,High,7,Rabi
Kolhapur,Dark Brown,100,60,50,7.5,800,15,Wheat,Urea,0.88,0.14,2.88,6.35,17.636,3.25,0.72,50.72,1733.1,81.95,1.6664,1.9996,1.1998,-0.5384,High,8,Rabi
Satara,Black,60,60,45,7.0,700,25,Wheat,19:19:19 NPK,0.295,0.25,0.073,3.96,6.2,2.4,0.793,4.178,886.2,71.07,0.9998,1.333,1.333,-0.2101,Low,5,Rabi
Sangli,Black,110,60,50,7.5,900,15,Wheat,Urea,0.583,0.24,0.973,3.16,6.06,2.88,0.62,10.75,514.5,87.08,1.833,2.1996,1.1998,0.7493,Medium,7,Rabi
Sangli,Black,110,40,50,7.0,800,15,Wheat,19:19:19 NPK,0.583,0.24,0.973,3.16,6.06,2.88,0.62,10.75,514.5,84.39,2.7493,2.1996,0.7998,0.5549,Medium,7,Rabi
Pune,Reddish Brown,100,55,40,7.0,800,20,Wheat,19:19:19 NPK,0.41,0.408,0.46,1.32,2.802,0.53,0.374,6.746,861.6,81.61,1.8179,2.4994,1.3747,-0.0715,Medium,7,Rabi
Kolhapur,Dark Brown,110,50,50,7.0,700,25,Wheat,Urea,0.88,0.14,2.88,6.35,17.636,3.25,0.72,50.72,1733.1,76.88,2.1996,2.1996,0.9998,-0.5961,High,8,Rabi
Sangli,Black,115,55,50,7.5,900,15,Wheat,19:19:19 NPK,0.583,0.24,0.973,3.16,6.06,2.88,0.62,10.75,514.5,88.72,2.0905,2.2995,1.0998,0.7493,Medium,7,Rabi
Solapur,Red,65,40,40,6.0,500,15,Wheat,19:19:19 NPK,0.45,0.32,0.16,1.56,1.56,0.58,0.5,7.05,481.1,67.12,1.6246,1.6246,0.9998,0.0393,Medium,6,Rabi
Pune,Reddish Brown,115,60,45,7.5,900,15,Wheat,19:19:19 NPK,0.41,0.408,0.46,1.32,2.802,0.53,0.374,6.746,861.6,87.72,1.9163,2.555,1.333,0.0446,Medium,7,Rabi
Kolhapur,Dark Brown,70,60,55,6.0,700,25,Wheat,Urea,0.88,0.14,2.88,6.35,17.636,3.25,0.72,50.72,1733.1,74.84,1.1665,1.2725,1.0907,-0.5961,High,7,Rabi
Kolhapur,Dark Brown,65,45,50,6.5,1000,25,Wheat,Urea,0.88,0.14,2.88,6.35,17.636,3.25,0.72,50.72,1733.1,90.9,1.4441,1.2997,0.8998,-0.423,High,7,Rabi
Solapur,Red,70,45,60,6.0,500,15,Wheat,Urea,0.45,0.32,0.16,1.56,1.56,0.58,0.5,7.05,481.1,69.59,1.5552,1.1665,0.7499,0.0393,Medium,6,Rabi
Satara,Black,65,50,45,7.0,600,20,Wheat,19:19:19 NPK,0.295,0.25,0.073,3.96,6.2,2.4,0.793,4.178,886.2,70.28,1.2997,1.4441,1.1109,-0.323,Low,5,Rabi
Kolhapur,Dark Brown,90,40,45,6.0,900,20,Wheat,Urea,0.88,0.14,2.88,6.35,17.636,3.25,0.72,50.72,1733.1,88.23,2.2494,1.9996,0.8887,-0.4807,High,8,Rabi
Kolhapur,Dark Brown,105,50,50,7.0,700,25,Wheat,Urea,0.88,0.14,2.88,6.35,17.636,3.25,0.72,50.72,1733.1,75.06,2.0996,2.0996,0.9998,-0.5961,High,8,Rabi
Solapur,Red,80,50,40,6.5,600,20,Wheat,Urea,0.45,0.32,0.16,1.56,1.56,0.58,0.5,7.05,481.1,70.27,1.5997,1.9995,1.2497,0.2471,Medium,7,Rabi
Satara,Black,80,55,45,7.0,500,15,Wheat,Urea,0.295,0.25,0.073,3.96,6.2,2.4,0.793,4.178,886.2,64.41,1.4543,1.7774,1.222,-0.4358,Low,6,Rabi
Kolhapur,Dark Brown,105,80,50,7.5,600,20,Wheat,Urea,0.88,0.14,2.88,6.35,17.636,3.25,0.72,50.72,1733.1,72.4,1.3123,2.0996,1.5997,-0.6538,High,8,Rabi
Kolhapur,Dark Brown,80,40,45,6.0,900,20,Wheat,Urea,0.88,0.14,2.88,6.35,17.636,3.25,0.72,50.72,1733.1,88.89,1.9995,1.7774,0.8887,-0.4807,High,8,Rabi
Sangli,Black,120,40,40,6.0,800,15,Wheat,19:19:19 NPK,0.583,0.24,0.973,3.16,6.06,2.88,0.62,10.75,514.5,80.03,2.9993,2.9993,0.9998,0.5549,Medium,7,Rabi
Kolhapur,Dark Brown,120,70,55,7.5,600,20,Wheat,Urea,0.88,0.14,2.88,6.35,17.636,3.25,0.72,50.72,1733.1,69.59,1.714,2.1814,1.2725,-0.6538,High,8,Rabi
Kolhapur,Dark Brown,110,75,40,6.5,600,20,Wheat,19:19:19 NPK,0.88,0.14,2.88,6.35,17.636,3.25,0.72,50.72,1733.1,71.39,1.4665,2.7493,1.8745,-0.6538,High,8,Rabi
Pune,Reddish Brown,105,55,50,7.0,800,15,Wheat,Urea,0.41,0.408,0.46,1.32,2.802,0.53,0.374,6.746,861.6,78.33,1.9087,2.0996,1.0998,-0.0715,Medium,7,Rabi
Kolhapur,Dark Brown,90,50,60,6.0,700,25,Wheat,Urea,0.88,0.14,2.88,6.35,17.636,3.25,0.72,50.72,1733.1,70.92,1.7996,1.4998,0.8332,-0.5961,High,8,Rabi
Kolhapur,Dark Brown,90,45,45,6.5,600,20,Wheat,19:19:19 NPK,0.88,0.14,2.88,6.35,17.636,3.25,0.72,50.72,1733.1,74.13,1.9996,1.9996,0.9998,-0.6538,High,8,Rabi
Kolhapur,Dark Brown,100,65,50,7.0,500,15,Wheat,Urea,0.88,0.14,2.88,6.35,17.636,3.25,0.72,50.72,1733.1,68.23,1.5382,1.9996,1.2997,-0.7115,High,8,Rabi
Kolhapur,Dark Brown,70,45,60,6.0,500,15,Wheat,19:19:19 NPK,0.88,0.14,2.88,6.35,17.636,3.25,0.72,50.72,1733.1,71.28,1.5552,1.1665,0.7499,-0.7115,High,7,Rabi
Pune,Reddish Brown,105,50,50,6.5,700,15,Wheat,19:19:19 NPK,0.41,0.408,0.46,1.32,2.802,0.53,0.374,6.746,861.6,75.07,2.0996,2.0996,0.9998,-0.1876,Medium,7,Rabi
Satara,Black,65,40,60,6.0,700,25,Wheat,19:19:19 NPK,0.295,0.25,0.073,3.96,6.2,2.4,0.793,4.178,886.2,72.58,1.6246,1.0832,0.6666,-0.2101,Low,5,Rabi
Sangli,Black,120,55,40,6.5,900,15,Wheat,19:19:19 NPK,0.583,0.24,0.973,3.16,6.06,2.88,0.62,10.75,514.5,86.21,2.1814,2.9993,1.3747,0.7493,Medium,7,Rabi
Satara,Black,65,40,55,7.5,500,15,Wheat,Urea,0.295,0.25,0.073,3.96,6.2,2.4,0.793,4.178,886.2,63.1,1.6246,1.1816,0.7271,-0.4358,Low,5,Rabi
Kolhapur,Dark Brown,70,55,60,7.0,500,15,Wheat,19:19:19 NPK,0.88,0.14,2.88,6.35,17.636,3.25,0.72,50.72,1733.1,64.14,1.2725,1.1665,0.9165,-0.7115,High,7,Rabi
Kolhapur,Dark Brown,65,40,55,7.5,1000,25,Wheat,19:19:19 NPK,0.88,0.14,2.88,6.35,17.636,3.25,0.72,50.72,1733.1,88.62,1.6246,1.1816,0.7271,-0.423,High,7,Rabi
Solapur,Red,60,50,60,6.0,500,15,Wheat,19:19:19 NPK,0.45,0.32,0.16,1.56,1.56,0.58,0.5,7.05,481.1,66.84,1.1998,0.9998,0.8332,0.0393,Medium,6,Rabi
Satara,Black,70,50,55,7.5,600,20,Wheat,Urea,0.295,0.25,0.073,3.96,6.2,2.4,0.793,4.178,886.2,73.39,1.3997,1.2725,0.9089,-0.323,Low,5,Rabi
Solapur,Red,75,40,40,6.0,500,15,Wheat,19:19:19 NPK,0.45,0.32,0.16,1.56,1.56,0.58,0.5,7.05,481.1,68.39,1.8745,1.8745,0.9998,0.0393,Medium,6,Rabi
Satara,Black,60,45,45,6.5,600,20,Wheat,19:19:19 NPK,0.295,0.25,0.073,3.96,6.2,2.4,0.793,4.178,886.2,65.34,1.333,1.333,0.9998,-0.323,Low,5,Rabi
Kolhapur,Dark Brown,120,60,40,6.5,800,15,Wheat,19:19:19 NPK,0.88,0.14,2.88,6.35,17.636,3.25,0.72,50.72,1733.1,80.0,1.9997,2.9993,1.4996,-0.5384,High,8,Rabi
Kolhapur,Dark Brown,120,55,50,7.5,1000,25,Wheat,Urea,0.88,0.14,2.88,6.35,17.636,3.25,0.72,50.72,1733.1,91.49,2.1814,2.3995,1.0998,-0.423,High,8,Rabi
Kolhapur,Dark Brown,115,80,60,6.0,900,20,Wheat,19:19:19 NPK,0.88,0.14,2.88,6.35,17.636,3.25,0.72,50.72,1733.1,85.52,1.4373,1.9163,1.3331,-0.4807,High,8,Rabi
Kolhapur,Dark Brown,65,45,45,6.5,600,20,Wheat,19:19:19 NPK,0.88,0.14,2.88,6.35,17.636,3.25,0.72,50.72,1733.1,69.6,1.4441,1.4441,0.9998,-0.6538,High,7,Rabi
Satara,Black,80,40,55,7.5,500,15,Wheat,Urea,0.295,0.25,0.073,3.96,6.2,2.4,0.793,4.178,886.2,68.52,1.9995,1.4543,0.7271,-0.4358,Low,6,Rabi
Kolhapur,Dark Brown,60,40,60,6.0,900,20,Wheat,Urea,0.88,0.14,2.88,6.35,17.636,3.25,0.72,50.72,1733.1,88.35,1.4996,0.9998,0.6666,-0.4807,High,7,Rabi
Kolhapur,Dark Brown,105,75,40,6.5,600,20,Wheat,19:19:19 NPK,0.88,0.14,2.88,6.35,17.636,3.25,0.72,50.72,1733.1,69.44,1.3998,2.6243,1.8745,-0.6538,High,8,Rabi
Kolhapur,Dark Brown,115,55,60,6.0,700,25,Wheat,19:19:19 NPK,0.88,0.14,2.88,6.35,17.636,3.25,0.72,50.72,1733.1,73.16,2.0905,1.9163,0.9165,-0.5961,High,8,Rabi
Sangli,Black,105,60,50,7.5,900,15,Wheat,Urea,0.583,0.24,0.973,3.16,6.06,2.88,0.62,10.75,514.5,87.85,1.7497,2.0996,1.1998,0.7493,Medium,7,Rabi
Solapur,Red,75,60,45,7.0,500,25,Wheat,19:19:19 NPK,0.45,0.32,0.16,1.56,1.56,0.58,0.5,7.05,481.1,64.41,1.2498,1.6663,1.333,0.0393,Medium,6,Rabi
Satara,Black,75,40,50,7.0,600,20,Wheat,19:19:19 NPK,0.295,0.25,0.073,3.96,6.2,2.4,0.793,4.178,886.2,71.64,1.8745,1.4997,0.7998,-0.323,Low,5,Rabi
Satara,Black,80,45,40,6.5,500,15,Wheat,19:19:19 NPK,0.295,0.25,0.073,3.96,6.2,2.4,0.793,4.178,886.2,65.78,1.7774,1.9995,1.1247,-0.4358,Low,6,Rabi
Pune,Reddish Brown,105,60,45,7.5,900,15,Wheat,19:19:19 NPK,0.41,0.408,0.46,1.32,2.802,0.53,0.374,6.746,861.6,85.83,1.7497,2.3328,1.333,0.0446,Medium,7,Rabi
Satara,Black,65,45,40,6.5,500,15,Wheat,19:19:19 NPK,0.295,0.25,0.073,3.96,6.2,2.4,0.793,4.178,886.2,69.1,1.4441,1.6246,1.1247,-0.4358,Low,5,Rabi
Kolhapur,Dark Brown,100,70,45,7.0,900,20,Wheat,19:19:19 NPK,0.88,0.14,2.88,6.35,17.636,3.25,0.72,50.72,1733.1,87.95,1.4284,2.2217,1.5552,-0.4807,High,8,Rabi
Kolhapur,Dark Brown,105,70,40,6.5,1000,25,Wheat,Urea,0.88,0.14,2.88,6.35,17.636,3.25,0.72,50.72,1733.1,87.19,1.4998,2.6243,1.7496,-0.423,High,8,Rabi
Kolhapur,Dark Brown,100,40,45,6.0,900,20,Wheat,Urea,0.88,0.14,2.88,6.35,17.636,3.25,0.72,50.72,1733.1,86.91,2.4994,2.2217,0.8887,-0.4807,High,8,Rabi
Kolhapur,Dark Brown,120,50,50,7.0,700,25,Wheat,Urea,0.88,0.14,2.88,6.35,17.636,3.25,0.72,50.72,1733.1,75.19,2.3995,2.3995,0.9998,-0.5961,High,8,Rabi
Sangli,Black,105,55,55,7.5,900,15,Wheat,19:19:19 NPK,0.583,0.24,0.973,3.16,6.06,2.88,0.62,10.75,514.5,83.91,1.9087,1.9087,0.9998,0.7493,Medium,7,Rabi
Solapur,Red,80,45,50,7.0,500,25,Wheat,Urea,0.45,0.32,0.16,1.56,1.56,0.58,0.5,7.05,481.1,65.6,1.7774,1.5997,0.8998,0.0393,Medium,7,Rabi
Solapur,Red,65,45,55,7.5,600,30,Wheat,19:19:19 NPK,0.45,0.32,0.16,1.56,1.56,0.58,0.5,7.05,481.1,73.13,1.4441,1.1816,0.818,0.2471,Medium,6,Rabi
Satara,Black,60,50,40,6.5,700,25,Wheat,Urea,0.295,0.25,0.073,3.96,6.2,2.4,0.793,4.178,886.2,76.17,1.1998,1.4996,1.2497,-0.2101,Low,5,Rabi
Kolhapur,Dark Brown,115,70,60,6.0,500,15,Wheat,19:19:19 NPK,0.88,0.14,2.88,6.35,17.636,3.25,0.72,50.72,1733.1,67.04,1.6426,1.9163,1.1665,-0.7115,High,8,Rabi
Pune,Reddish Brown,100,60,50,7.5,900,15,Wheat,19:19:19 NPK,0.41,0.408,0.46,1.32,2.802,0.53,0.374,6.746,861.6,87.17,1.6664,1.9996,1.1998,0.0446,Medium,7,Rabi
Kolhapur,Dark Brown,110,50,40,6.5,1000,25,Wheat,19:19:19 NPK,0.88,0.14,2.88,6.35,17.636,3.25,0.72,50.72,1733.1,93.59,2.1996,2.7493,1.2497,-0.423,High,8,Rabi
Pune,Reddish Brown,105,50,40,6.5,700,15,Wheat,19:19:19 NPK,0.41,0.408,0.46,1.32,2.802,0.53,0.374,6.746,861.6,77.62,2.0996,2.6243,1.2497,-0.1876,Medium,7,Rabi
Kolhapur,Dark Brown,100,75,40,6.5,600,20,Wheat,19:19:19 NPK,0.88,0.14,2.88,6.35,17.636,3.25,0.72,50.72,1733.1,69.92,1.3332,2.4994,1.8745,-0.6538,High,8,Rabi
Sangli,Black,105,50,60,6.0,800,25,Wheat,19:19:19 NPK,0.583,0.24,0.973,3.16,6.06,2.88,0.62,10.75,514.5,81.64,2.0996,1.7497,0.8332,0.5549,Medium,7,Rabi
Sangli,Black,100,50,40,6.5,900,20,Wheat,Urea,0.583,0.24,0.973,3.16,6.06,2.88,0.62,10.75,514.5,86.67,1.9996,2.4994,1.2497,0.7493,Medium,7,Rabi
Kolhapur,Dark Brown,115,60,55,7.5,800,15,Wheat,Urea,0.88,0.14,2.88,6.35,17.636,3.25,0.72,50.72,1733.1,79.44,1.9163,2.0905,1.0907,-0.5384,High,8,Rabi
Kolhapur,Dark Brown,110,40,60,6.0,700,25,Wheat,Urea,0.88,0.14,2.88,6.35,17.636,3.25,0.72,50.72,1733.1,76.64,2.7493,1.833,0.6666,-0.5961,High,8,Rabi
Kolhapur,Dark Brown,105,50,40,6.5,1000,25,Wheat,19:19:19 NPK,0.88,0.14,2.88,6.35,17.636,3.25,0.72,50.72,1733.1,89.93,2.0996,2.6243,1.2497,-0.423,High,8,Rabi
Kolhapur,Dark Brown,105,45,40,6.5,800,15,Wheat,Urea,0.88,0.14,2.88,6.35,17.636,3.25,0.72,50.72,1733.1,84.76,2.3328,2.6243,1.1247,-0.5384,High,8,Rabi
Kolhapur,Dark Brown,60,40,45,6.0,900,20,Wheat,Urea,0.88,0.14,2.88,6.35,17.636,3.25,0.72,50.72,1733.1,86.49,1.4996,1.333,0.8887,-0.4807,High,7,Rabi
Solapur,Red,60,55,50,7.5,600,30,Wheat,19:19:19 NPK,0.45,0.32,0.16,1.56,1.56,0.58,0.5,7.05,481.1,67.64,1.0907,1.1998,1.0998,0.2471,Medium,6,Rabi
Kolhapur,Dark Brown,95,55,40,6.5,800,15,Wheat,Urea,0.88,0.14,2.88,6.35,17.636,3.25,0.72,50.72,1733.1,83.85,1.727,2.3744,1.3747,-0.5384,High,8,Rabi
Sangli,Black,100,60,60,6.0,800,20,Wheat,19:19:19 NPK,0.583,0.24,0.973,3.16,6.06,2.88,0.62,10.75,514.5,80.53,1.6664,1.6664,0.9998,0.5549,Medium,7,Rabi
Satara,Black,75,50,45,7.0,600,20,Wheat,19:19:19 NPK,0.295,0.25,0.073,3.96,6.2,2.4,0.793,4.178,886.2,72.48,1.4997,1.6663,1.1109,-0.323,Low,5,Rabi
Kolhapur,Dark Brown,120,80,40,6.5,800,15,Wheat,Urea,0.88,0.14,2.88,6.35,17.636,3.25,0.72,50.72,1733.1,80.91,1.4998,2.9993,1.9995,-0.5384,High,8,Rabi
Solapur,Red,75,45,60,6.0,500,15,Wheat,Urea,0.45,0.32,0.16,1.56,1.56,0.58,0.5,7.05,481.1,66.95,1.6663,1.2498,0.7499,0.0393,Medium,6,Rabi
Satara,Black,80,55,40,6.5,600,20,Wheat,19:19:19 NPK,0.295,0.25,0.073,3.96,6.2,2.4,0.793,4.178,886.2,71.28,1.4543,1.9995,1.3747,-0.323,Low,6,Rabi
Satara,Black,80,40,40,6.0,500,15,Wheat,19:19:19 NPK,0.295,0.25,0.073,3.96,6.2,2.4,0.793,4.178,886.2,63.96,1.9995,1.9995,0.9998,-0.4358,Low,6,Rabi
Satara,Black,75,55,45,7.0,500,15,Wheat,Urea,0.295,0.25,0.073,3.96,6.2,2.4,0.793,4.178,886.2,67.72,1.3634,1.6663,1.222,-0.4358,Low,5,Rabi
Satara,Black,70,40,60,6.0,700,25,Wheat,19:19:19 NPK,0.295,0.25,0.073,3.96,6.2,2.4,0.793,4.178,886.2,75.78,1.7496,1.1665,0.6666,-0.2101,Low,5,Rabi
Pune,Reddish Brown,100,60,45,7.5,900,15,Wheat,19:19:19 NPK,0.41,0.408,0.46,1.32,2.802,0.53,0.374,6.746,861.6,85.31,1.6664,2.2217,1.333,0.0446,Medium,7,Rabi
Satara,Black,65,60,55,6.0,500,15,Wheat,19:19:19 NPK,0.295,0.25,0.073,3.96,6.2,2.4,0.793,4.178,886.2,69.99,1.0832,1.1816,1.0907,-0.4358,Low,5,Rabi
Sangli,Black,120,50,40,6.5,900,20,Wheat,Urea,0.583,0.24,0.973,3.16,6.06,2.88,0.62,10.75,514.5,88.91,2.3995,2.9993,1.2497,0.7493,Medium,7,Rabi
Kolhapur,Dark Brown,115,65,50,7.0,500,15,Wheat,Urea,0.88,0.14,2.88,6.35,17.636,3.25,0.72,50.72,1733.1,67.65,1.769,2.2995,1.2997,-0.7115,High,8,Rabi
Kolhapur,Dark Brown,105,65,50,7.0,500,15,Wheat,Urea,0.88,0.14,2.88,6.35,17.636,3.25,0.72,50.72,1733.1,68.19,1.6151,2.0996,1.2997,-0.7115,High,8,Rabi
Solapur,Red,60,50,45,7.0,500,25,Wheat,19:19:19 NPK,0.45,0.32,0.16,1.56,1.56,0.58,0.5,7.05,481.1,66.74,1.1998,1.333,1.1109,0.0393,Medium,6,Rabi
Satara,Black,70,55,60,6.0,700,25,Wheat,Urea,0.295,0.25,0.073,3.96,6.2,2.4,0.793,4.178,886.2,78.47,1.2725,1.1665,0.9165,-0.2101,Low,5,Rabi
Solapur,Red,70,55,60,6.0,500,15,Wheat,Urea,0.45,0.32,0.16,1.56,1.56,0.58,0.5,7.05,481.1,70.75,1.2725,1.1665,0.9165,0.0393,Medium,6,Rabi
Sangli,Black,100,40,40,6.0,800,15,Wheat,19:19:19 NPK,0.583,0.24,0.973,3.16,6.06,2.88,0.62,10.75,514.5,81.64,2.4994,2.4994,0.9998,0.5549,Medium,7,Rabi
Kolhapur,Dark Brown,105,60,55,7.5,800,15,Wheat,Urea,0.88,0.14,2.88,6.35,17.636,3.25,0.72,50.72,1733.1,84.03,1.7497,1.9087,1.0907,-0.5384,High,8,Rabi
Kolhapur,Dark Brown,110,60,55,6.0,500,15,Wheat,Urea,0.88,0.14,2.88,6.35,17.636,3.25,0.72,50.72,1733.1,66.38,1.833,1.9996,1.0907,-0.7115,High,8,Rabi
Solapur,Red,60,55,60,6.0,500,15,Wheat,Urea,0.45,0.32,0.16,1.56,1.56,0.58,0.5,7.05,481.1,68.84,1.0907,0.9998,0.9165,0.0393,Medium,6,Rabi
Kolhapur,Dark Brown,80,60,60,7.5,800,15,Wheat,Urea,0.88,0.14,2.88,6.35,17.636,3.25,0.72,50.72,1733.1,85.69,1.3331,1.3331,0.9998,-0.5384,High,8,Rabi
Kolhapur,Dark Brown,120,65,40,6.5,800,15,Wheat,19:19:19 NPK,0.88,0.14,2.88,6.35,17.636,3.25,0.72,50.72,1733.1,83.26,1.8459,2.9993,1.6246,-0.5384,High,8,Rabi
Kolhapur,Dark Brown,110,80,45,7.0,700,25,Wheat,19:19:19 NPK,0.88,0.14,2.88,6.35,17.636,3.25,0.72,50.72,1733.1,75.95,1.3748,2.4439,1.7774,-0.5961,High,8,Rabi
Kolhapur,Dark Brown,110,60,55,7.5,800,15,Wheat,Urea,0.88,0.14,2.88,6.35,17.636,3.25,0.72,50.72,1733.1,78.32,1.833,1.9996,1.0907,-0.5384,High,8,Rabi
Pune,Reddish Brown,110,55,50,7.0,800,15,Wheat,Urea,0.41,0.408,0.46,1.32,2.802,0.53,0.374,6.746,861.6,81.13,1.9996,2.1996,1.0998,-0.0715,Medium,7,Rabi
Solapur,Red,60,45,40,6.5,600,20,Wheat,19:19:19 NPK,0.45,0.32,0.16,1.56,1.56,0.58,0.5,7.05,481.1,71.4,1.333,1.4996,1.1247,0.2471,Medium,6,Rabi
Kolhapur,Dark Brown,110,65,60,6.0,900,20,Wheat,Urea,0.88,0.14,2.88,6.35,17.636,3.25,0.72,50.72,1733.1,84.55,1.692,1.833,1.0832,-0.4807,High,8,Rabi
Solapur,Red,80,40,60,6.0,500,15,Wheat,19:19:19 NPK,0.45,0.32,0.16,1.56,1.56,0.58,0.5,7.05,481.1,66.07,1.9995,1.3331,0.6666,0.0393,Medium,7,Rabi
Kolhapur,Dark Brown,100,40,55,7.5,1000,25,Wheat,19:19:19 NPK,0.88,0.14,2.88,6.35,17.636,3.25,0.72,50.72,1733.1,91.05,2.4994,1.8179,0.7271,-0.423,High,8,Rabi
Solapur,Red,70,50,60,6.0,500,15,Wheat,19:19:19 NPK,0.45,0.32,0.16,1.56,1.56,0.58,0.5,7.05,481.1,64.88,1.3997,1.1665,0.8332,0.0393,Medium,6,Rabi
Solapur,Red,70,40,55,7.5,600,30,Wheat,Urea,0.45,0.32,0.16,1.56,1.56,0.58,0.5,7.05,481.1,71.28,1.7496,1.2725,0.7271,0.2471,Medium,6,Rabi
Solapur,Red,80,50,50,7.0,500,25,Wheat,19:19:19 NPK,0.45,0.32,0.16,1.56,1.56,0.58,0.5,7.05,481.1,66.24,1.5997,1.5997,0.9998,0.0393,Medium,7,Rabi
Kolhapur,Dark Brown,95,55,45,7.0,700,25,Wheat,Urea,0.88,0.14,2.88,6.35,17.636,3.25,0.72,50.72,1733.1,76.3,1.727,2.1106,1.222,-0.5961,High,8,Rabi
Kolhapur,Dark Brown,65,55,45,7.0,700,25,Wheat,Urea,0.88,0.14,2.88,6.35,17.636,3.25,0.72,50.72,1733.1,78.37,1.1816,1.4441,1.222,-0.5961,High,7,Rabi
Pune,Reddish Brown,120,50,40,6.5,700,15,Wheat,19:19:19 NPK,0.41,0.408,0.46,1.32,2.802,0.53,0.374,6.746,861.6,77.78,2.3995,2.9993,1.2497,-0.1876,Medium,7,Rabi
Kolhapur,Dark Brown,95,45,50,6.5,1000,25,Wheat,19:19:19 NPK,0.88,0.14,2.88,6.35,17.636,3.25,0.72,50.72,1733.1,92.88,2.1106,1.8996,0.8998,-0.423,High,8,Rabi
Kolhapur,Dark Brown,90,60,45,7.0,900,20,Wheat,Urea,0.88,0.14,2.88,6.35,17.636,3.25,0.72,50.72,1733.1,84.93,1.4998,1.9996,1.333,-0.4807,High,8,Rabi
Kolhapur,Dark Brown,100,65,45,6.5,600,20,Wheat,19:19:19 NPK,0.88,0.14,2.88,6.35,17.636,3.25,0.72,50.72,1733.1,65.7,1.5382,2.2217,1.4441,-0.6538,High,8,Rabi
Kolhapur,Dark Brown,120,60,50,7.0,900,20,Wheat,19:19:19 NPK,0.88,0.14,2.88,6.35,17.636,3.25,0.72,50.72,1733.1,86.3,1.9997,2.3995,1.1998,-0.4807,High,8,Rabi
Kolhapur,Dark Brown,75,55,50,7.5,600,20,Wheat,19:19:19 NPK,0.88,0.14,2.88,6.35,17.636,3.25,0.72,50.72,1733.1,71.48,1.3634,1.4997,1.0998,-0.6538,High,7,Rabi
Kolhapur,Dark Brown,85,40,45,6.0,900,20,Wheat,Urea,0.88,0.14,2.88,6.35,17.636,3.25,0.72,50.72,1733.1,85.84,2.1245,1.8885,0.8887,-0.4807,High,8,Rabi
Kolhapur,Dark Brown,95,55,55,7.0,700,25,Wheat,Urea,0.88,0.14,2.88,6.35,17.636,3.25,0.72,50.72,1733.1,75.49,1.727,1.727,0.9998,-0.5961,High,8,Rabi
Kolhapur,Dark Brown,110,80,50,7.5,600,20,Wheat,Urea,0.88,0.14,2.88,6.35,17.636,3.25,0.72,50.72,1733.1,69.85,1.3748,2.1996,1.5997,-0.6538,High,8,Rabi
Satara,Black,80,60,55,6.0,500,15,Wheat,19:19:19 NPK,0.295,0.25,0.073,3.96,6.2,2.4,0.793,4.178,886.2,68.9,1.3331,1.4543,1.0907,-0.4358,Low,6,Rabi
Pune,Reddish Brown,115,55,45,7.0,800,20,Wheat,19:19:19 NPK,0.41,0.408,0.46,1.32,2.802,0.53,0.374,6.746,861.6,80.88,2.0905,2.555,1.222,-0.0715,Medium,7,Rabi
Solapur,Red,60,45,45,6.5,600,20,Wheat,19:19:19 NPK,0.45,0.32,0.16,1.56,1.56,0.58,0.5,7.05,481.1,70.27,1.333,1.333,0.9998,0.2471,Medium,6,Rabi
Satara,Black,65,40,50,7.0,600,20,Wheat,19:19:19 NPK,0.295,0.25,0.073,3.96,6.2,2.4,0.793,4.178,886.2,69.94,1.6246,1.2997,0.7998,-0.323,Low,5,Rabi
Solapur,Red,75,55,40,6.5,600,20,Wheat,19:19:19 NPK,0.45,0.32,0.16,1.56,1.56,0.58,0.5,7.05,481.1,72.16,1.3634,1.8745,1.3747,0.2471,Medium,6,Rabi
Kolhapur,Dark Brown,120,65,60,6.0,900,20,Wheat,Urea,0.88,0.14,2.88,6.35,17.636,3.25,0.72,50.72,1733.1,84.49,1.8459,1.9997,1.0832,-0.4807,High,8,Rabi
Kolhapur,Dark Brown,100,70,50,7.0,700,25,Wheat,19:19:19 NPK,0.88,0.14,2.88,6.35,17.636,3.25,0.72,50.72,1733.1,74.26,1.4284,1.9996,1.3997,-0.5961,High,8,Rabi
Satara,Black,80,50,40,6.5,700,25,Wheat,Urea,0.295,0.25,0.073,3.96,6.2,2.4,0.793,4.178,886.2,76.71,1.5997,1.9995,1.2497,-0.2101,Low,6,Rabi
Kolhapur,Dark Brown,65,55,40,6.5,800,15,Wheat,Urea,0.88,0.14,2.88,6.35,17.636,3.25,0.72,50.72,1733.1,81.44,1.1816,1.6246,1.3747,-0.5384,High,7,Rabi
Satara,Black,75,45,40,6.5,500,15,Wheat,19:19:19 NPK,0.295,0.25,0.073,3.96,6.2,2.4,0.793,4.178,886.2,66.03,1.6663,1.8745,1.1247,-0.4358,Low,5,Rabi
Kolhapur,Dark Brown,115,75,50,7.5,1000,25,Wheat,19:19:19 NPK,0.88,0.14,2.88,6.35,17.636,3.25,0.72,50.72,1733.1,87.33,1.5331,2.2995,1.4997,-0.423,High,8,Rabi
Kolhapur,Dark Brown,60,45,45,6.5,600,20,Wheat,19:19:19 NPK,0.88,0.14,2.88,6.35,17.636,3.25,0.72,50.72,1733.1,71.27,1.333,1.333,0.9998,-0.6538,High,7,Rabi
Kolhapur,Dark Brown,80,40,40,6.0,500,15,Wheat,19:19:19 NPK,0.88,0.14,2.88,6.35,17.636,3.25,0.72,50.72,1733.1,67.37,1.9995,1.9995,0.9998,-0.7115,High,8,Rabi
Kolhapur,Dark Brown,120,60,45,6.5,1000,25,Wheat,Urea,0.88,0.14,2.88,6.35,17.636,3.25,0.72,50.72,1733.1,87.84,1.9997,2.6661,1.333,-0.423,High,8,Rabi
Kolhapur,Dark Brown,100,50,40,6.5,1000,25,Wheat,19:19:19 NPK,0.88,0.14,2.88,6.35,17.636,3.25,0.72,50.72,1733.1,88.54,1.9996,2.4994,1.2497,-0.423,High,8,Rabi
Kolhapur,Dark Brown,85,55,45,7.0,700,25,Wheat,Urea,0.88,0.14,2.88,6.35,17.636,3.25,0.72,50.72,1733.1,74.65,1.5452,1.8885,1.222,-0.5961,High,8,Rabi
Kolhapur,Dark Brown,115,50,40,6.5,1000,25,Wheat,19:19:19 NPK,0.88,0.14,2.88,6.35,17.636,3.25,0.72,50.72,1733.1,88.96,2.2995,2.8743,1.2497,-0.423,High,8,Rabi
Sangli,Black,100,45,40,6.5,900,20,Wheat,19:19:19 NPK,0.583,0.24,0.973,3.16,6.06,2.88,0.62,10.75,514.5,90.62,2.2217,2.4994,1.1247,0.7493,Medium,7,Rabi
Kolhapur,Dark Brown,105,65,60,6.0,900,20,Wheat,Urea,0.88,0.14,2.88,6.35,17.636,3.25,0.72,50.72,1733.1,87.04,1.6151,1.7497,1.0832,-0.4807,High,8,Rabi
Sangli,Black,105,40,45,6.5,900,25,Wheat,Urea,0.583,0.24,0.973,3.16,6.06,2.88,0.62,10.75,514.5,84.75,2.6243,2.3328,0.8887,0.7493,Medium,7,Rabi
Kolhapur,Dark Brown,70,60,45,7.0,900,20,Wheat,Urea,0.88,0.14,2.88,6.35,17.636,3.25,0.72,50.72,1733.1,86.79,1.1665,1.5552,1.333,-0.4807,High,7,Rabi
Solapur,Red,60,40,60,6.0,500,15,Wheat,19:19:19 NPK,0.45,0.32,0.16,1.56,1.56,0.58,0.5,7.05,481.1,65.19,1.4996,0.9998,0.6666,0.0393,Medium,6,Rabi
Kolhapur,Dark Brown,65,40,50,7.5,600,20,Wheat,19:19:19 NPK,0.88,0.14,2.88,6.35,17.636,3.25,0.72,50.72,1733.1,66.15,1.6246,1.2997,0.7998,-0.6538,High,7,Rabi
Sangli,Black,100,55,40,6.5,900,15,Wheat,19:19:19 NPK,0.583,0.24,0.973,3.16,6.06,2.88,0.62,10.75,514.5,86.7,1.8179,2.4994,1.3747,0.7493,Medium,7,Rabi
Kolhapur,Dark Brown,120,45,60,6.0,900,20,Wheat,19:19:19 NPK,0.88,0.14,2.88,6.35,17.636,3.25,0.72,50.72,1733.1,83.24,2.6661,1.9997,0.7499,-0.4807,High,8,Rabi
Kolhapur,Dark Brown,60,40,40,6.0,500,15,Wheat,19:19:19 NPK,0.88,0.14,2.88,6.35,17.636,3.25,0.72,50.72,1733.1,70.15,1.4996,1.4996,0.9998,-0.7115,High,7,Rabi
Solapur,Red,80,40,55,7.5,600,30,Wheat,Urea,0.45,0.32,0.16,1.56,1.56,0.58,0.5,7.05,481.1,68.76,1.9995,1.4543,0.7271,0.2471,Medium,7,Rabi
Sangli,Black,105,60,40,6.5,900,15,Wheat,Urea,0.583,0.24,0.973,3.16,6.06,2.88,0.62,10.75,514.5,87.32,1.7497,2.6243,1.4996,0.7493,Medium,7,Rabi
Kolhapur,Dark Brown,100,45,40,6.5,1000,25,Wheat,19:19:19 NPK,0.88,0.14,2.88,6.35,17.636,3.25,0.72,50.72,1733.1,91.99,2.2217,2.4994,1.1247,-0.423,High,8,Rabi
Sangli,Black,110,60,60,6.0,800,20,Wheat,19:19:19 NPK,0.583,0.24,0.973,3.16,6.06,2.88,0.62,10.75,514.5,81.84,1.833,1.833,0.9998,0.5549,Medium,7,Rabi
Solapur,Red,65,40,50,7.0,500,25,Wheat,19:19:19 NPK,0.45,0.32,0.16,1.56,1.56,0.58,0.5,7.05,481.1,67.06,1.6246,1.2997,0.7998,0.0393,Medium,6,Rabi
Satara,Black,70,60,40,6.5,500,15,Wheat,Urea,0.295,0.25,0.073,3.96,6.2,2.4,0.793,4.178,886.2,66.21,1.1665,1.7496,1.4996,-0.4358,Low,5,Rabi
Kolhapur,Dark Brown,100,50,45,7.0,900,20,Wheat,Urea,0.88,0.14,2.88,6.35,17.636,3.25,0.72,50.72,1733.1,88.41,1.9996,2.2217,1.1109,-0.4807,High,8,Rabi
Kolhapur,Dark Brown,70,55,40,6.5,800,15,Wheat,Urea,0.88,0.14,2.88,6.35,17.636,3.25,0.72,50.72,1733.1,85.6,1.2725,1.7496,1.3747,-0.5384,High,7,Rabi
Kolhapur,Dark Brown,100,55,45,7.0,500,15,Wheat,19:19:19 NPK,0.88,0.14,2.88,6.35,17.636,3.25,0.72,50.72,1733.1,66.97,1.8179,2.2217,1.222,-0.7115,High,8,Rabi
Sangli,Black,120,40,60,6.0,800,15,Wheat,19:19:19 NPK,0.583,0.24,0.973,3.16,6.06,2.88,0.62,10.75,514.5,88.49,2.9993,1.9997,0.6666,0.5549,Medium,7,Rabi
Kolhapur,Dark Brown,110,65,45,6.5,600,20,Wheat,19:19:19 NPK,0.88,0.14,2.88,6.35,17.636,3.25,0.72,50.72,1733.1,73.49,1.692,2.4439,1.4441,-0.6538,High,8,Rabi
Kolhapur,Dark Brown,110,55,40,6.5,600,20,Wheat,Urea,0.88,0.14,2.88,6.35,17.636,3.25,0.72,50.72,1733.1,69.86,1.9996,2.7493,1.3747,-0.6538,High,8,Rabi
Kolhapur,Dark Brown,100,45,50,7.0,500,15,Wheat,19:19:19 NPK,0.88,0.14,2.88,6.35,17.636,3.25,0.72,50.72,1733.1,67.16,2.2217,1.9996,0.8998,-0.7115,High,8,Rabi
Kolhapur,Dark Brown,90,40,50,7.5,600,20,Wheat,19:19:19 NPK,0.88,0.14,2.88,6.35,17.636,3.25,0.72,50.72,1733.1,69.07,2.2494,1.7996,0.7998,-0.6538,High,8,Rabi
Kolhapur,Dark Brown,105,60,60,6.0,700,25,Wheat,19:19:19 NPK,0.88,0.14,2.88,6.35,17.636,3.25,0.72,50.72,1733.1,77.3,1.7497,1.7497,0.9998,-0.5961,High,8,Rabi
Kolhapur,Dark Brown,65,50,40,6.5,600,20,Wheat,19:19:19 NPK,0.88,0.14,2.88,6.35,17.636,3.25,0.72,50.72,1733.1,67.66,1.2997,1.6246,1.2497,-0.6538,High,7,Rabi
Sangli,Black,115,45,60,6.0,800,15,Wheat,Urea,0.583,0.24,0.973,3.16,6.06,2.88,0.62,10.75,514.5,81.37,2.555,1.9163,0.7499,0.5549,Medium,7,Rabi
Sangli,Black,105,50,55,7.5,900,20,Wheat,Urea,0.583,0.24,0.973,3.16,6.06,2.88,0.62,10.75,514.5,87.57,2.0996,1.9087,0.9089,0.7493,Medium,7,Rabi
Solapur,Red,80,55,60,6.0,500,15,Wheat,Urea,0.45,0.32,0.16,1.56,1.56,0.58,0.5,7.05,481.1,66.11,1.4543,1.3331,0.9165,0.0393,Medium,7,Rabi
Kolhapur,Dark Brown,110,60,40,6.0,500,15,Wheat,19:19:19 NPK,0.88,0.14,2.88,6.35,17.636,3.25,0.72,50.72,1733.1,67.21,1.833,2.7493,1.4996,-0.7115,High,8,Rabi
Kolhapur,Dark Brown,105,60,45,7.0,700,25,Wheat,Urea,0.88,0.14,2.88,6.35,17.636,3.25,0.72,50.72,1733.1,76.27,1.7497,2.3328,1.333,-0.5961,High,8,Rabi
Solapur,Red,60,40,45,6.5,600,20,Wheat,Urea,0.45,0.32,0.16,1.56,1.56,0.58,0.5,7.05,481.1,74.25,1.4996,1.333,0.8887,0.2471,Medium,6,Rabi
Sangli,Black,120,40,50,7.0,800,15,Wheat,19:19:19 NPK,0.583,0.24,0.973,3.16,6.06,2.88,0.62,10.75,514.5,83.46,2.9993,2.3995,0.7998,0.5549,Medium,7,Rabi
Kolhapur,Dark Brown,115,55,45,7.0,500,15,Wheat,19:19:19 NPK,0.88,0.14,2.88,6.35,17.636,3.25,0.72,50.72,1733.1,65.94,2.0905,2.555,1.222,-0.7115,High,8,Rabi
Sangli,Black,115,40,55,7.5,900,25,Wheat,Urea,0.583,0.24,0.973,3.16,6.06,2.88,0.62,10.75,514.5,86.07,2.8743,2.0905,0.7271,0.7493,Medium,7,Rabi
Solapur,Red,75,60,40,6.5,600,20,Wheat,Urea,0.45,0.32,0.16,1.56,1.56,0.58,0.5,7.05,481.1,71.97,1.2498,1.8745,1.4996,0.2471,Medium,6,Rabi
Sangli,Black,110,50,45,7.0,800,25,Wheat,19:19:19 NPK,0.583,0.24,0.973,3.16,6.06,2.88,0.62,10.75,514.5,78.76,2.1996,2.4439,1.1109,0.5549,Medium,7,Rabi
Solapur,Red,80,45,40,6.5,600,20,Wheat,19:19:19 NPK,0.45,0.32,0.16,1.56,1.56,0.58,0.5,7.05,481.1,70.05,1.7774,1.9995,1.1247,0.2471,Medium,7,Rabi
Kolhapur,Dark Brown,75,40,50,7.5,600,20,Wheat,19:19:19 NPK,0.88,0.14,2.88,6.35,17.636,3.25,0.72,50.72,1733.1,72.52,1.8745,1.4997,0.7998,-0.6538,High,7,Rabi
Pune,Reddish Brown,100,55,50,7.0,800,15,Wheat,Urea,0.41,0.408,0.46,1.32,2.802,0.53,0.374,6.746,861.6,81.46,1.8179,1.9996,1.0998,-0.0715,Medium,7,Rabi
Sangli,Black,110,55,40,6.5,900,15,Wheat,19:19:19 NPK,0.583,0.24,0.973,3.16,6.06,2.88,0.62,10.75,514.5,86.83,1.9996,2.7493,1.3747,0.7493,Medium,7,Rabi
Solapur,Red,75,55,45,7.0,500,25,Wheat,Urea,0.45,0.32,0.16,1.56,1.56,0.58,0.5,7.05,481.1,64.36,1.3634,1.6663,1.222,0.0393,Medium,6,Rabi
Satara,Black,60,40,60,6.0,700,25,Wheat,19:19:19 NPK,0.295,0.25,0.073,3.96,6.2,2.4,0.793,4.178,886.2,74.4,1.4996,0.9998,0.6666,-0.2101,Low,5,Rabi
Kolhapur,Dark Brown,80,50,60,6.0,700,25,Wheat,Urea,0.88,0.14,2.88,6.35,17.636,3.25,0.72,50.72,1733.1,75.05,1.5997,1.3331,0.8332,-0.5961,High,8,Rabi
Kolhapur,Dark Brown,80,50,45,7.0,500,15,Wheat,19:19:19 NPK,0.88,0.14,2.88,6.35,17.636,3.25,0.72,50.72,1733.1,68.7,1.5997,1.7774,1.1109,-0.7115,High,8,Rabi
Kolhapur,Dark Brown,120,60,55,7.5,800,15,Wheat,Urea,0.88,0.14,2.88,6.35,17.636,3.25,0.72,50.72,1733.1,80.75,1.9997,2.1814,1.0907,-0.5384,High,8,Rabi
Kolhapur,Dark Brown,115,60,60,6.0,900,20,Wheat,Urea,0.88,0.14,2.88,6.35,17.636,3.25,0.72,50.72,1733.1,85.12,1.9163,1.9163,0.9998,-0.4807,High,8,Rabi
Kolhapur,Dark Brown,80,55,50,7.5,600,20,Wheat,Urea,0.88,0.14,2.88,6.35,17.636,3.25,0.72,50.72,1733.1,70.48,1.4543,1.5997,1.0998,-0.6538,High,8,Rabi
Kolhapur,Dark Brown,75,60,60,7.5,800,15,Wheat,Urea,0.88,0.14,2.88,6.35,17.636,3.25,0.72,50.72,1733.1,81.8,1.2498,1.2498,0.9998,-0.5384,High,7,Rabi
Kolhapur,Dark Brown,85,55,50,7.5,600,20,Wheat,Urea,0.88,0.14,2.88,6.35,17.636,3.25,0.72,50.72,1733.1,70.61,1.5452,1.6997,1.0998,-0.6538,High,8,Rabi
Kolhapur,Dark Brown,85,45,60,6.0,500,15,Wheat,19:19:19 NPK,0.88,0.14,2.88,6.35,17.636,3.25,0.72,50.72,1733.1,67.08,1.8885,1.4164,0.7499,-0.7115,High,8,Rabi
Sangli,Black,100,45,45,6.5,900,20,Wheat,19:19:19 NPK,0.583,0.24,0.973,3.16,6.06,2.88,0.62,10.75,514.5,85.43,2.2217,2.2217,0.9998,0.7493,Medium,7,Rabi
Solapur,Red,70,50,50,7.0,500,25,Wheat,19:19:19 NPK,0.45,0.32,0.16,1.56,1.56,0.58,0.5,7.05,481.1,60.27,1.3997,1.3997,0.9998,0.0393,Medium,6,Rabi
Solapur,Red,75,60,50,7.5,600,30,Wheat,Urea,0.45,0.32,0.16,1.56,1.56,0.58,0.5,7.05,481.1,69.81,1.2498,1.4997,1.1998,0.2471,Medium,6,Rabi
Kolhapur,Dark Brown,115,45,45,6.5,600,20,Wheat,Urea,0.88,0.14,2.88,6.35,17.636,3.25,0.72,50.72,1733.1,70.92,2.555,2.555,0.9998,-0.6538,High,8,Rabi
Kolhapur,Dark Brown,60,60,55,6.0,700,25,Wheat,Urea,0.88,0.14,2.88,6.35,17.636,3.25,0.72,50.72,1733.1,75.1,0.9998,1.0907,1.0907,-0.5961,High,7,Rabi
Kolhapur,Dark Brown,100,55,60,6.0,700,25,Wheat,19:19:19 NPK,0.88,0.14,2.88,6.35,17.636,3.25,0.72,50.72,1733.1,74.16,1.8179,1.6664,0.9165,-0.5961,High,8,Rabi
Solapur,Red,65,50,40,6.5,600,20,Wheat,Urea,0.45,0.32,0.16,1.56,1.56,0.58,0.5,7.05,481.1,72.68,1.2997,1.6246,1.2497,0.2471,Medium,6,Rabi
Kolhapur,Dark Brown,100,65,55,7.5,1000,25,Wheat,19:19:19 NPK,0.88,0.14,2.88,6.35,17.636,3.25,0.72,50.72,1733.1,89.27,1.5382,1.8179,1.1816,-0.423,High,8,Rabi
Solapur,Red,80,50,55,7.5,600,30,Wheat,Urea,0.45,0.32,0.16,1.56,1.56,0.58,0.5,7.05,481.1,66.12,1.5997,1.4543,0.9089,0.2471,Medium,7,Rabi
Satara,Black,60,45,40,6.5,500,15,Wheat,19:19:19 NPK,0.295,0.25,0.073,3.96,6.2,2.4,0.793,4.178,886.2,65.49,1.333,1.4996,1.1247,-0.4358,Low,5,Rabi
Solapur,Red,75,50,40,6.5,600,20,Wheat,Urea,0.45,0.32,0.16,1.56,1.56,0.58,0.5,7.05,481.1,70.52,1.4997,1.8745,1.2497,0.2471,Medium,6,Rabi
Kolhapur,Dark Brown,100,55,50,7.5,600,20,Wheat,Urea,0.88,0.14,2.88,6.35,17.636,3.25,0.72,50.72,1733.1,72.46,1.8179,1.9996,1.0998,-0.6538,High,8,Rabi
Kolhapur,Dark Brown,80,60,55,6.0,700,25,Wheat,Urea,0.88,0.14,2.88,6.35,17.636,3.25,0.72,50.72,1733.1,71.0,1.3331,1.4543,1.0907,-0.5961,High,8,Rabi
Kolhapur,Dark Brown,120,40,55,7.5,800,15,Wheat,19:19:19 NPK,0.88,0.14,2.88,6.35,17.636,3.25,0.72,50.72,1733.1,82.67,2.9993,2.1814,0.7271,-0.5384,High,8,Rabi
Satara,Black,70,40,45,6.5,700,25,Wheat,Urea,0.295,0.25,0.073,3.96,6.2,2.4,0.793,4.178,886.2,74.59,1.7496,1.5552,0.8887,-0.2101,Low,5,Rabi
Satara,Black,60,60,60,6.0,600,20,Wheat,19:19:19 NPK,0.295,0.25,0.073,3.96,6.2,2.4,0.793,4.178,886.2,71.91,0.9998,0.9998,0.9998,-0.323,Low,5,Rabi
Pune,Reddish Brown,100,60,40,7.5,900,20,Wheat,Urea,0.41,0.408,0.46,1.32,2.802,0.53,0.374,6.746,861.6,85.51,1.6664,2.4994,1.4996,0.0446,Medium,7,Rabi
Kolhapur,Dark Brown,75,55,40,6.5,800,15,Wheat,Urea,0.88,0.14,2.88,6.35,17.636,3.25,0.72,50.72,1733.1,83.28,1.3634,1.8745,1.3747,-0.5384,High,7,Rabi
Sangli,Black,115,40,60,6.0,800,15,Wheat,19:19:19 NPK,0.583,0.24,0.973,3.16,6.06,2.88,0.62,10.75,514.5,81.68,2.8743,1.9163,0.6666,0.5549,Medium,7,Rabi
Kolhapur,Dark Brown,100,70,60,6.0,500,15,Wheat,19:19:19 NPK,0.88,0.14,2.88,6.35,17.636,3.25,0.72,50.72,1733.1,68.49,1.4284,1.6664,1.1665,-0.7115,High,8,Rabi
Kolhapur,Dark Brown,120,60,45,7.0,700,25,Wheat,Urea,0.88,0.14,2.88,6.35,17.636,3.25,0.72,50.72,1733.1,78.1,1.9997,2.6661,1.333,-0.5961,High,8,Rabi
Kolhapur,Dark Brown,65,60,55,6.0,700,25,Wheat,Urea,0.88,0.14,2.88,6.35,17.636,3.25,0.72,50.72,1733.1,76.47,1.0832,1.1816,1.0907,-0.5961,High,7,Rabi
Satara,Black,80,60,40,6.5,500,15,Wheat,Urea,0.295,0.25,0.073,3.96,6.2,2.4,0.793,4.178,886.2,66.33,1.3331,1.9995,1.4996,-0.4358,Low,6,Rabi
Solapur,Red,75,45,45,6.5,600,20,Wheat,19:19:19 NPK,0.45,0.32,0.16,1.56,1.56,0.58,0.5,7.05,481.1,68.86,1.6663,1.6663,0.9998,0.2471,Medium,6,Rabi
Kolhapur,Dark Brown,85,45,50,6.5,1000,25,Wheat,19:19:19 NPK,0.88,0.14,2.88,6.35,17.636,3.25,0.72,50.72,1733.1,91.42,1.8885,1.6997,0.8998,-0.423,High,8,Rabi
Satara,Black,75,45,45,6.5,600,20,Wheat,19:19:19 NPK,0.295,0.25,0.073,3.96,6.2,2.4,0.793,4.178,886.2,73.4,1.6663,1.6663,0.9998,-0.323,Low,5,Rabi
Kolhapur,Dark Brown,75,45,50,6.5,1000,25,Wheat,Urea,0.88,0.14,2.88,6.35,17.636,3.25,0.72,50.72,1733.1,92.66,1.6663,1.4997,0.8998,-0.423,High,7,Rabi
Solapur,Red,75,45,55,7.5,600,30,Wheat,19:19:19 NPK,0.45,0.32,0.16,1.56,1.56,0.58,0.5,7.05,481.1,69.05,1.6663,1.3634,0.818,0.2471,Medium,6,Rabi
Satara,Black,75,40,40,6.0,500,15,Wheat,19:19:19 NPK,0.295,0.25,0.073,3.96,6.2,2.4,0.793,4.178,886.2,69.08,1.8745,1.8745,0.9998,-0.4358,Low,5,Rabi
Kolhapur,Dark Brown,85,50,45,7.0,500,15,Wheat,19:19:19 NPK,0.88,0.14,2.88,6.35,17.636,3.25,0.72,50.72,1733.1,66.3,1.6997,1.8885,1.1109,-0.7115,High,8,Rabi
Kolhapur,Dark Brown,85,55,60,7.0,500,15,Wheat,19:19:19 NPK,0.88,0.14,2.88,6.35,17.636,3.25,0.72,50.72,1733.1,68.68,1.5452,1.4164,0.9165,-0.7115,High,8,Rabi
Sangli,Black,115,45,45,6.5,900,20,Wheat,19:19:19 NPK,0.583,0.24,0.973,3.16,6.06,2.88,0.62,10.75,514.5,83.25,2.555,2.555,0.9998,0.7493,Medium,7,Rabi
Solapur,Red,65,50,60,6.0,500,15,Wheat,19:19:19 NPK,0.45,0.32,0.16,1.56,1.56,0.58,0.5,7.05,481.1,67.9,1.2997,1.0832,0.8332,0.0393,Medium,6,Rabi
Sangli,Black,120,45,60,6.0,800,15,Wheat,Urea,0.583,0.24,0.973,3.16,6.06,2.88,0.62,10.75,514.5,80.86,2.6661,1.9997,0.7499,0.5549,Medium,7,Rabi
Kolhapur,Dark Brown,100,75,45,7.0,500,15,Wheat,Urea,0.88,0.14,2.88,6.35,17.636,3.25,0.72,50.72,1733.1,69.11,1.3332,2.2217,1.6663,-0.7115,High,8,Rabi
Sangli,Black,110,55,50,7.5,900,15,Wheat,19:19:19 NPK,0.583,0.24,0.973,3.16,6.06,2.88,0.62,10.75,514.5,82.37,1.9996,2.1996,1.0998,0.7493,Medium,7,Rabi
Kolhapur,Dark Brown,105,45,55,7.5,1000,25,Wheat,Urea,0.88,0.14,2.88,6.35,17.636,3.25,0.72,50.72,1733.1,90.33,2.3328,1.9087,0.818,-0.423,High,8,Rabi
Pune,Reddish Brown,110,50,50,6.5,700,15,Wheat,19:19:19 NPK,0.41,0.408,0.46,1.32,2.802,0.53,0.374,6.746,861.6,76.65,2.1996,2.1996,0.9998,-0.1876,Medium,7,Rabi
Kolhapur,Dark Brown,90,45,40,6.5,1000,25,Wheat,19:19:19 NPK,0.88,0.14,2.88,6.35,17.636,3.25,0.72,50.72,1733.1,90.15,1.9996,2.2494,1.1247,-0.423,High,8,Rabi
Sangli,Black,120,50,45,7.0,800,25,Wheat,19:19:19 NPK,0.583,0.24,0.973,3.16,6.06,2.88,0.62,10.75,514.5,80.99,2.3995,2.6661,1.1109,0.5549,Medium,7,Rabi
Kolhapur,Dark Brown,115,45,50,7.0,500,15,Wheat,19:19:19 NPK,0.88,0.14,2.88,6.35,17.636,3.25,0.72,50.72,1733.1,69.82,2.555,2.2995,0.8998,-0.7115,High,8,Rabi
Kolhapur,Dark Brown,120,75,40,6.5,600,20,Wheat,19:19:19 NPK,0.88,0.14,2.88,6.35,17.636,3.25,0.72,50.72,1733.1,71.82,1.5998,2.9993,1.8745,-0.6538,High,8,Rabi
Sangli,Black,110,55,55,7.5,900,15,Wheat,19:19:19 NPK,0.583,0.24,0.973,3.16,6.06,2.88,0.62,10.75,514.5,85.73,1.9996,1.9996,0.9998,0.7493,Medium,7,Rabi
Kolhapur,Dark Brown,105,45,45,6.5,600,20,Wheat,Urea,0.88,0.14,2.88,6.35,17.636,3.25,0.72,50.72,1733.1,68.84,2.3328,2.3328,0.9998,-0.6538,High,8,Rabi
Kolhapur,Dark Brown,120,75,60,6.0,700,25,Wheat,Urea,0.88,0.14,2.88,6.35,17.636,3.25,0.72,50.72,1733.1,78.51,1.5998,1.9997,1.2498,-0.5961,High,8,Rabi
Satara,Black,60,60,55,6.0,500,15,Wheat,19:19:19 NPK,0.295,0.25,0.073,3.96,6.2,2.4,0.793,4.178,886.2,63.54,0.9998,1.0907,1.0907,-0.4358,Low,5,Rabi
Kolhapur,Dark Brown,100,80,45,7.0,700,25,Wheat,19:19:19 NPK,0.88,0.14,2.88,6.35,17.636,3.25,0.72,50.72,1733.1,71.59,1.2498,2.2217,1.7774,-0.5961,High,8,Rabi
Satara,Black,65,60,45,7.0,700,25,Wheat,19:19:19 NPK,0.295,0.25,0.073,3.96,6.2,2.4,0.793,4.178,886.2,72.77,1.0832,1.4441,1.333,-0.2101,Low,5,Rabi
Sangli,Black,115,60,55,6.0,800,20,Wheat,19:19:19 NPK,0.583,0.24,0.973,3.16,6.06,2.88,0.62,10.75,514.5,80.76,1.9163,2.0905,1.0907,0.5549,Medium,7,Rabi
Sangli,Black,120,60,55,6.0,800,20,Wheat,19:19:19 NPK,0.583,0.24,0.973,3.16,6.06,2.88,0.62,10.75,514.5,80.08,1.9997,2.1814,1.0907,0.5549,Medium,7,Rabi
Solapur,Red,65,60,40,6.5,600,20,Wheat,Urea,0.45,0.32,0.16,1.56,1.56,0.58,0.5,7.05,481.1,71.14,1.0832,1.6246,1.4996,0.2471,Medium,6,Rabi
Kolhapur,Dark Brown,70,45,40,6.5,1000,25,Wheat,19:19:19 NPK,0.88,0.14,2.88,6.35,17.636,3.25,0.72,50.72,1733.1,89.06,1.5552,1.7496,1.1247,-0.423,High,7,Rabi
Kolhapur,Dark Brown,120,50,45,7.0,900,20,Wheat,Urea,0.88,0.14,2.88,6.35,17.636,3.25,0.72,50.72,1733.1,86.06,2.3995,2.6661,1.1109,-0.4807,High,8,Rabi
Kolhapur,Dark Brown,100,50,50,7.0,700,25,Wheat,Urea,0.88,0.14,2.88,6.35,17.636,3.25,0.72,50.72,1733.1,75.06,1.9996,1.9996,0.9998,-0.5961,High,8,Rabi
Kolhapur,Dark Brown,120,50,55,7.5,600,20,Wheat,19:19:19 NPK,0.88,0.14,2.88,6.35,17.636,3.25,0.72,50.72,1733.1,69.95,2.3995,2.1814,0.9089,-0.6538,High,8,Rabi
Kolhapur,Dark Brown,115,60,45,6.5,1000,25,Wheat,Urea,0.88,0.14,2.88,6.35,17.636,3.25,0.72,50.72,1733.1,92.32,1.9163,2.555,1.333,-0.423,High,8,Rabi
Solapur,Red,75,55,55,7.5,600,30,Wheat,19:19:19 NPK,0.45,0.32,0.16,1.56,1.56,0.58,0.5,7.05,481.1,68.63,1.3634,1.3634,0.9998,0.2471,Medium,6,Rabi
Kolhapur,Dark Brown,115,55,40,6.5,600,20,Wheat,Urea,0.88,0.14,2.88,6.35,17.636,3.25,0.72,50.72,1733.1,69.34,2.0905,2.8743,1.3747,-0.6538,High,8,Rabi
Kolhapur,Dark Brown,60,50,40,6.5,600,20,Wheat,19:19:19 NPK,0.88,0.14,2.88,6.35,17.636,3.25,0.72,50.72,1733.1,70.49,1.1998,1.4996,1.2497,-0.6538,High,7,Rabi
Solapur,Red,75,40,45,6.5,600,20,Wheat,Urea,0.45,0.32,0.16,1.56,1.56,0.58,0.5,7.05,481.1,70.42,1.8745,1.6663,0.8887,0.2471,Medium,6,Rabi
Kolhapur,Dark Brown,75,40,55,7.5,1000,25,Wheat,19:19:19 NPK,0.88,0.14,2.88,6.35,17.636,3.25,0.72,50.72,1733.1,90.4,1.8745,1.3634,0.7271,-0.423,High,7,Rabi
Kolhapur,Dark Brown,100,55,55,7.5,800,15,Wheat,Urea,0.88,0.14,2.88,6.35,17.636,3.25,0.72,50.72,1733.1,81.08,1.8179,1.8179,0.9998,-0.5384,High,8,Rabi
Kolhapur,Dark Brown,115,60,40,6.5,800,15,Wheat,19:19:19 NPK,0.88,0.14,2.88,6.35,17.636,3.25,0.72,50.72,1733.1,85.1,1.9163,2.8743,1.4996,-0.5384,High,8,Rabi
Kolhapur,Dark Brown,105,65,45,6.5,600,20,Wheat,19:19:19 NPK,0.88,0.14,2.88,6.35,17.636,3.25,0.72,50.72,1733.1,73.18,1.6151,2.3328,1.4441,-0.6538,High,8,Rabi
Solapur,Red,60,60,55,6.0,500,15,Wheat,19:19:19 NPK,0.45,0.32,0.16,1.56,1.56,0.58,0.5,7.05,481.1,68.27,0.9998,1.0907,1.0907,0.0393,Medium,6,Rabi
Kolhapur,Dark Brown,80,60,45,7.0,900,20,Wheat,Urea,0.88,0.14,2.88,6.35,17.636,3.25,0.72,50.72,1733.1,87.27,1.3331,1.7774,1.333,-0.4807,High,8,Rabi
Kolhapur,Dark Brown,115,80,45,7.0,700,25,Wheat,19:19:19 NPK,0.88,0.14,2.88,6.35,17.636,3.25,0.72,50.72,1733.1,75.51,1.4373,2.555,1.7774,-0.5961,High,8,Rabi
Satara,Black,65,45,50,7.0,500,15,Wheat,Urea,0.295,0.25,0.073,3.96,6.2,2.4,0.793,4.178,886.2,67.45,1.4441,1.2997,0.8998,-0.4358,Low,5,Rabi
Kolhapur,Dark Brown,80,45,50,6.5,1000,25,Wheat,Urea,0.88,0.14,2.88,6.35,17.636,3.25,0.72,50.72,1733.1,90.39,1.7774,1.5997,0.8998,-0.423,High,8,Rabi
Kolhapur,Dark Brown,100,50,45,7.0,500,15,Wheat,19:19:19 NPK,0.88,0.14,2.88,6.35,17.636,3.25,0.72,50.72,1733.1,71.15,1.9996,2.2217,1.1109,-0.7115,High,8,Rabi
Kolhapur,Dark Brown,100,60,60,6.0,900,20,Wheat,Urea,0.88,0.14,2.88,6.35,17.636,3.25,0.72,50.72,1733.1,88.51,1.6664,1.6664,0.9998,-0.4807,High,8,Rabi
Kolhapur,Dark Brown,120,45,40,6.5,800,15,Wheat,Urea,0.88,0.14,2.88,6.35,17.636,3.25,0.72,50.72,1733.1,82.29,2.6661,2.9993,1.1247,-0.5384,High,8,Rabi
Kolhapur,Dark Brown,100,60,50,7.5,600,20,Wheat,19:19:19 NPK,0.88,0.14,2.88,6.35,17.636,3.25,0.72,50.72,1733.1,73.09,1.6664,1.9996,1.1998,-0.6538,High,8,Rabi
Satara,Black,70,50,40,6.5,700,25,Wheat,Urea,0.295,0.25,0.073,3.96,6.2,2.4,0.793,4.178,886.2,76.16,1.3997,1.7496,1.2497,-0.2101,Low,5,Rabi
Kolhapur,Dark Brown,65,45,60,6.0,500,15,Wheat,19:19:19 NPK,0.88,0.14,2.88,6.35,17.636,3.25,0.72,50.72,1733.1,66.95,1.4441,1.0832,0.7499,-0.7115,High,7,Rabi
Kolhapur,Dark Brown,110,45,45,6.5,600,20,Wheat,Urea,0.88,0.14,2.88,6.35,17.636,3.25,0.72,50.72,1733.1,73.11,2.4439,2.4439,0.9998,-0.6538,High,8,Rabi
Kolhapur,Dark Brown,65,55,50,7.5,600,20,Wheat,19:19:19 NPK,0.88,0.14,2.88,6.35,17.636,3.25,0.72,50.72,1733.1,71.86,1.1816,1.2997,1.0998,-0.6538,High,7,Rabi
Sangli,Black,105,40,55,7.5,900,25,Wheat,Urea,0.583,0.24,0.973,3.16,6.06,2.88,0.62,10.75,514.5,87.55,2.6243,1.9087,0.7271,0.7493,Medium,7,Rabi
Solapur,Red,75,50,55,7.5,600,30,Wheat,Urea,0.45,0.32,0.16,1.56,1.56,0.58,0.5,7.05,481.1,69.23,1.4997,1.3634,0.9089,0.2471,Medium,6,Rabi
Kolhapur,Dark Brown,105,75,60,6.0,700,25,Wheat,Urea,0.88,0.14,2.88,6.35,17.636,3.25,0.72,50.72,1733.1,71.89,1.3998,1.7497,1.2498,-0.5961,High,8,Rabi
Solapur,Red,65,55,45,7.0,500,25,Wheat,Urea,0.45,0.32,0.16,1.56,1.56,0.58,0.5,7.05,481.1,63.16,1.1816,1.4441,1.222,0.0393,Medium,6,Rabi
Kolhapur,Dark Brown,115,65,40,6.5,800,15,Wheat,19:19:19 NPK,0.88,0.14,2.88,6.35,17.636,3.25,0.72,50.72,1733.1,80.88,1.769,2.8743,1.6246,-0.5384,High,8,Rabi
Sangli,Black,120,55,45,7.0,800,25,Wheat,Urea,0.583,0.24,0.973,3.16,6.06,2.88,0.62,10.75,514.5,78.95,2.1814,2.6661,1.222,0.5549,Medium,7,Rabi
Kolhapur,Dark Brown,105,65,55,7.5,1000,25,Wheat,19:19:19 NPK,0.88,0.14,2.88,6.35,17.636,3.25,0.72,50.72,1733.1,89.89,1.6151,1.9087,1.1816,-0.423,High,8,Rabi
Satara,Black,65,55,40,6.5,600,20,Wheat,19:19:19 NPK,0.295,0.25,0.073,3.96,6.2,2.4,0.793,4.178,886.2,71.47,1.1816,1.6246,1.3747,-0.323,Low,5,Rabi
Kolhapur,Dark Brown,90,60,55,6.0,700,25,Wheat,Urea,0.88,0.14,2.88,6.35,17.636,3.25,0.72,50.72,1733.1,75.69,1.4998,1.6361,1.0907,-0.5961,High,8,Rabi
Sangli,Black,115,60,60,6.0,800,20,Wheat,19:19:19 NPK,0.583,0.24,0.973,3.16,6.06,2.88,0.62,10.75,514.5,81.53,1.9163,1.9163,0.9998,0.5549,Medium,7,Rabi
Kolhapur,Dark Brown,120,80,60,6.0,900,20,Wheat,19:19:19 NPK,0.88,0.14,2.88,6.35,17.636,3.25,0.72,50.72,1733.1,85.25,1.4998,1.9997,1.3331,-0.4807,High,8,Rabi
Solapur,Red,60,50,50,7.0,500,25,Wheat,19:19:19 NPK,0.45,0.32,0.16,1.56,1.56,0.58,0.5,7.05,481.1,65.87,1.1998,1.1998,0.9998,0.0393,Medium,6,Rabi
Kolhapur,Dark Brown,70,40,60,6.0,900,20,Wheat,Urea,0.88,0.14,2.88,6.35,17.636,3.25,0.72,50.72,1733.1,85.26,1.7496,1.1665,0.6666,-0.4807,High,7,Rabi
Sangli,Black,115,50,40,6.5,900,20,Wheat,Urea,0.583,0.24,0.973,3.16,6.06,2.88,0.62,10.75,514.5,88.13,2.2995,2.8743,1.2497,0.7493,Medium,7,Rabi
Kolhapur,Dark Brown,105,60,50,7.0,900,20,Wheat,19:19:19 NPK,0.88,0.14,2.88,6.35,17.636,3.25,0.72,50.72,1733.1,85.92,1.7497,2.0996,1.1998,-0.4807,High,8,Rabi
Kolhapur,Dark Brown,100,50,40,6.5,600,20,Wheat,Urea,0.88,0.14,2.88,6.35,17.636,3.25,0.72,50.72,1733.1,71.45,1.9996,2.4994,1.2497,-0.6538,High,8,Rabi
Sangli,Black,120,60,50,7.5,900,15,Wheat,Urea,0.583,0.24,0.973,3.16,6.06,2.88,0.62,10.75,514.5,84.37,1.9997,2.3995,1.1998,0.7493,Medium,7,Rabi
Solapur,Red,75,50,45,7.0,500,25,Wheat,19:19:19 NPK,0.45,0.32,0.16,1.56,1.56,0.58,0.5,7.05,481.1,68.88,1.4997,1.6663,1.1109,0.0393,Medium,6,Rabi
Kolhapur,Dark Brown,85,45,45,6.5,600,20,Wheat,19:19:19 NPK,0.88,0.14,2.88,6.35,17.636,3.25,0.72,50.72,1733.1,71.75,1.8885,1.8885,0.9998,-0.6538,High,8,Rabi
Satara,Black,65,40,45,6.5,700,25,Wheat,Urea,0.295,0.25,0.073,3.96,6.2,2.4,0.793,4.178,886.2,73.07,1.6246,1.4441,0.8887,-0.2101,Low,5,Rabi
Satara,Black,60,45,50,7.0,500,15,Wheat,Urea,0.295,0.25,0.073,3.96,6.2,2.4,0.793,4.178,886.2,65.83,1.333,1.1998,0.8998,-0.4358,Low,5,Rabi
Sangli,Black,120,60,40,6.5,900,15,Wheat,Urea,0.583,0.24,0.973,3.16,6.06,2.88,0.62,10.75,514.5,85.54,1.9997,2.9993,1.4996,0.7493,Medium,7,Rabi
Kolhapur,Dark Brown,65,50,60,6.0,700,25,Wheat,19:19:19 NPK,0.88,0.14,2.88,6.35,17.636,3.25,0.72,50.72,1733.1,78.01,1.2997,1.0832,0.8332,-0.5961,High,7,Rabi
Kolhapur,Dark Brown,115,75,55,7.5,800,15,Wheat,19:19:19 NPK,0.88,0.14,2.88,6.35,17.636,3.25,0.72,50.72,1733.1,79.74,1.5331,2.0905,1.3634,-0.5384,High,8,Rabi
Satara,Black,70,45,55,7.5,700,25,Wheat,19:19:19 NPK,0.295,0.25,0.073,3.96,6.2,2.4,0.793,4.178,886.2,76.39,1.5552,1.2725,0.818,-0.2101,Low,5,Rabi
Solapur,Red,80,45,45,6.5,600,20,Wheat,19:19:19 NPK,0.45,0.32,0.16,1.56,1.56,0.58,0.5,7.05,481.1,65.16,1.7774,1.7774,0.9998,0.2471,Medium,7,Rabi
Kolhapur,Dark Brown,115,65,60,6.0,900,20,Wheat,Urea,0.88,0.14,2.88,6.35,17.636,3.25,0.72,50.72,1733.1,86.37,1.769,1.9163,1.0832,-0.4807,High,8,Rabi
Kolhapur,Dark Brown,105,70,60,6.0,500,15,Wheat,19:19:19 NPK,0.88,0.14,2.88,6.35,17.636,3.25,0.72,50.72,1733.1,67.34,1.4998,1.7497,1.1665,-0.7115,High,8,Rabi
Kolhapur,Dark Brown,80,55,55,7.0,700,25,Wheat,19:19:19 NPK,0.88,0.14,2.88,6.35,17.636,3.25,0.72,50.72,1733.1,74.0,1.4543,1.4543,0.9998,-0.5961,High,8,Rabi
Kolhapur,Dark Brown,100,60,60,7.5,800,15,Wheat,Urea,0.88,0.14,2.88,6.35,17.636,3.25,0.72,50.72,1733.1,81.91,1.6664,1.6664,0.9998,-0.5384,High,8,Rabi
Kolhapur,Dark Brown,70,40,55,7.5,1000,25,Wheat,19:19:19 NPK,0.88,0.14,2.88,6.35,17.636,3.25,0.72,50.72,1733.1,93.47,1.7496,1.2725,0.7271,-0.423,High,7,Rabi
Kolhapur,Dark Brown,95,55,50,7.5,600,20,Wheat,Urea,0.88,0.14,2.88,6.35,17.636,3.25,0.72,50.72,1733.1,70.93,1.727,1.8996,1.0998,-0.6538,High,8,Rabi
Sangli,Black,120,40,45,6.5,900,25,Wheat,Urea,0.583,0.24,0.973,3.16,6.06,2.88,0.62,10.75,514.5,84.63,2.9993,2.6661,0.8887,0.7493,Medium,7,Rabi
Kolhapur,Dark Brown,110,45,55,7.5,1000,25,Wheat,Urea,0.88,0.14,2.88,6.35,17.636,3.25,0.72,50.72,1733.1,90.98,2.4439,1.9996,0.818,-0.423,High,8,Rabi
Kolhapur,Dark Brown,90,40,55,7.5,1000,25,Wheat,19:19:19 NPK,0.88,0.14,2.88,6.35,17.636,3.25,0.72,50.72,1733.1,89.36,2.2494,1.6361,0.7271,-0.423,High,8,Rabi
Solapur,Red,65,60,50,7.5,600,30,Wheat,Urea,0.45,0.32,0.16,1.56,1.56,0.58,0.5,7.05,481.1,71.0,1.0832,1.2997,1.1998,0.2471,Medium,6,Rabi
Kolhapur,Dark Brown,115,60,50,7.5,600,20,Wheat,19:19:19 NPK,0.88,0.14,2.88,6.35,17.636,3.25,0.72,50.72,1733.1,72.17,1.9163,2.2995,1.1998,-0.6538,High,8,Rabi
Pune,Reddish Brown,100,55,45,7.0,800,20,Wheat,19:19:19 NPK,0.41,0.408,0.46,1.32,2.802,0.53,0.374,6.746,861.6,80.81,1.8179,2.2217,1.222,-0.0715,Medium,7,Rabi
Satara,Black,65,50,40,6.5,700,25,Wheat,Urea,0.295,0.25,0.073,3.96,6.2,2.4,0.793,4.178,886.2,74.74,1.2997,1.6246,1.2497,-0.2101,Low,5,Rabi
Kolhapur,Dark Brown,75,45,60,6.0,500,15,Wheat,19:19:19 NPK,0.88,0.14,2.88,6.35,17.636,3.25,0.72,50.72,1733.1,70.46,1.6663,1.2498,0.7499,-0.7115,High,7,Rabi
Kolhapur,Dark Brown,60,50,45,7.0,500,15,Wheat,19:19:19 NPK,0.88,0.14,2.88,6.35,17.636,3.25,0.72,50.72,1733.1,66.01,1.1998,1.333,1.1109,-0.7115,High,7,Rabi
Sangli,Black,100,45,55,7.5,900,20,Wheat,19:19:19 NPK,0.583,0.24,0.973,3.16,6.06,2.88,0.62,10.75,514.5,87.18,2.2217,1.8179,0.818,0.7493,Medium,7,Rabi
Solapur,Red,60,55,45,7.0,500,25,Wheat,Urea,0.45,0.32,0.16,1.56,1.56,0.58,0.5,7.05,481.1,64.22,1.0907,1.333,1.222,0.0393,Medium,6,Rabi
Kolhapur,Dark Brown,105,40,50,7.0,900,20,Wheat,Urea,0.88,0.14,2.88,6.35,17.636,3.25,0.72,50.72,1733.1,85.57,2.6243,2.0996,0.7998,-0.4807,High,8,Rabi
Satara,Black,70,55,55,7.5,500,15,Wheat,19:19:19 NPK,0.295,0.25,0.073,3.96,6.2,2.4,0.793,4.178,886.2,67.07,1.2725,1.2725,0.9998,-0.4358,Low,5,Rabi
Sangli,Black,110,60,55,6.0,800,20,Wheat,19:19:19 NPK,0.583,0.24,0.973,3.16,6.06,2.88,0.62,10.75,514.5,82.59,1.833,1.9996,1.0907,0.5549,Medium,7,Rabi
Kolhapur,Dark Brown,115,50,55,7.5,600,20,Wheat,19:19:19 NPK,0.88,0.14,2.88,6.35,17.636,3.25,0.72,50.72,1733.1,74.16,2.2995,2.0905,0.9089,-0.6538,High,8,Rabi
Kolhapur,Dark Brown,115,60,55,6.0,500,15,Wheat,Urea,0.88,0.14,2.88,6.35,17.636,3.25,0.72,50.72,1733.1,67.44,1.9163,2.0905,1.0907,-0.7115,High,8,Rabi
Sangli,Black,120,60,60,6.0,800,20,Wheat,19:19:19 NPK,0.583,0.24,0.973,3.16,6.06,2.88,0.62,10.75,514.5,80.32,1.9997,1.9997,0.9998,0.5549,Medium,7,Rabi
Sangli,Black,100,60,45,7.0,800,20,Wheat,19:19:19 NPK,0.583,0.24,0.973,3.16,6.06,2.88,0.62,10.75,514.5,81.36,1.6664,2.2217,1.333,0.5549,Medium,7,Rabi
Kolhapur,Dark Brown,120,80,45,7.0,700,25,Wheat,19:19:19 NPK,0.88,0.14,2.88,6.35,17.636,3.25,0.72,50.72,1733.1,76.97,1.4998,2.6661,1.7774,-0.5961,High,8,Rabi
Kolhapur,Dark Brown,115,70,45,7.0,900,20,Wheat,19:19:19 NPK,0.88,0.14,2.88,6.35,17.636,3.25,0.72,50.72,1733.1,84.55,1.6426,2.555,1.5552,-0.4807,High,8,Rabi
Satara,Black,80,50,50,7.0,700,25,Wheat,19:19:19 NPK,0.295,0.25,0.073,3.96,6.2,2.4,0.793,4.178,886.2,75.38,1.5997,1.5997,0.9998,-0.2101,Low,6,Rabi
Satara,Black,70,45,40,6.5,500,15,Wheat,19:19:19 NPK,0.295,0.25,0.073,3.96,6.2,2.4,0.793,4.178,886.2,70.31,1.5552,1.7496,1.1247,-0.4358,Low,5,Rabi
Kolhapur,Dark Brown,120,60,60,6.0,700,25,Wheat,19:19:19 NPK,0.88,0.14,2.88,6.35,17.636,3.25,0.72,50.72,1733.1,78.54,1.9997,1.9997,0.9998,-0.5961,High,8,Rabi
Kolhapur,Dark Brown,120,70,45,7.0,900,20,Wheat,19:19:19 NPK,0.88,0.14,2.88,6.35,17.636,3.25,0.72,50.72,1733.1,85.5,1.714,2.6661,1.5552,-0.4807,High,8,Rabi
Kolhapur,Dark Brown,80,45,60,6.0,500,15,Wheat,19:19:19 NPK,0.88,0.14,2.88,6.35,17.636,3.25,0.72,50.72,1733.1,67.87,1.7774,1.3331,0.7499,-0.7115,High,8,Rabi
Kolhapur,Dark Brown,110,75,45,7.0,500,15,Wheat,Urea,0.88,0.14,2.88,6.35,17.636,3.25,0.72,50.72,1733.1,72.26,1.4665,2.4439,1.6663,-0.7115,High,8,Rabi
Sangli,Black,115,45,50,7.0,800,15,Wheat,Urea,0.583,0.24,0.973,3.16,6.06,2.88,0.62,10.75,514.5,79.77,2.555,2.2995,0.8998,0.5549,Medium,7,Rabi
Kolhapur,Dark Brown,120,70,40,6.5,1000,25,Wheat,Urea,0.88,0.14,2.88,6.35,17.636,3.25,0.72,50.72,1733.1,88.05,1.714,2.9993,1.7496,-0.423,High,8,Rabi
Kolhapur,Dark Brown,85,55,40,6.5,800,15,Wheat,Urea,0.88,0.14,2.88,6.35,17.636,3.25,0.72,50.72,1733.1,83.15,1.5452,2.1245,1.3747,-0.5384,High,8,Rabi
Solapur,Red,75,55,60,6.0,500,15,Wheat,Urea,0.45,0.32,0.16,1.56,1.56,0.58,0.5,7.05,481.1,69.16,1.3634,1.2498,0.9165,0.0393,Medium,6,Rabi
Sangli,Black,100,40,60,6.0,800,15,Wheat,19:19:19 NPK,0.583,0.24,0.973,3.16,6.06,2.88,0.62,10.75,514.5,82.56,2.4994,1.6664,0.6666,0.5549,Medium,7,Rabi
Sangli,Black,105,50,45,7.0,800,25,Wheat,19:19:19 NPK,0.583,0.24,0.973,3.16,6.06,2.88,0.62,10.75,514.5,76.43,2.0996,2.3328,1.1109,0.5549,Medium,7,Rabi
Solapur,Red,70,50,40,6.5,600,20,Wheat,Urea,0.45,0.32,0.16,1.56,1.56,0.58,0.5,7.05,481.1,72.09,1.3997,1.7496,1.2497,0.2471,Medium,6,Rabi
Solapur,Red,70,55,45,7.0,500,25,Wheat,Urea,0.45,0.32,0.16,1.56,1.56,0.58,0.5,7.05,481.1,68.23,1.2725,1.5552,1.222,0.0393,Medium,6,Rabi
Kolhapur,Dark Brown,120,75,45,7.0,500,15,Wheat,Urea,0.88,0.14,2.88,6.35,17.636,3.25,0.72,50.72,1733.1,67.37,1.5998,2.6661,1.6663,-0.7115,High,8,Rabi
Kolhapur,Dark Brown,105,70,50,7.0,700,25,Wheat,19:19:19 NPK,0.88,0.14,2.88,6.35,17.636,3.25,0.72,50.72,1733.1,72.18,1.4998,2.0996,1.3997,-0.5961,High,8,Rabi
Kolhapur,Dark Brown,80,40,60,6.0,900,20,Wheat,Urea,0.88,0.14,2.88,6.35,17.636,3.25,0.72,50.72,1733.1,80.3,1.9995,1.3331,0.6666,-0.4807,High,8,Rabi
Kolhapur,Dark Brown,115,75,60,6.0,700,25,Wheat,Urea,0.88,0.14,2.88,6.35,17.636,3.25,0.72,50.72,1733.1,72.44,1.5331,1.9163,1.2498,-0.5961,High,8,Rabi
Kolhapur,Dark Brown,110,75,60,6.0,700,25,Wheat,Urea,0.88,0.14,2.88,6.35,17.636,3.25,0.72,50.72,1733.1,76.21,1.4665,1.833,1.2498,-0.5961,High,8,Rabi
Kolhapur,Dark Brown,95,50,60,6.0,700,25,Wheat,Urea,0.88,0.14,2.88,6.35,17.636,3.25,0.72,50.72,1733.1,74.51,1.8996,1.5831,0.8332,-0.5961,High,8,Rabi
Kolhapur,Dark Brown,110,55,60,6.0,700,25,Wheat,19:19:19 NPK,0.88,0.14,2.88,6.35,17.636,3.25,0.72,50.72,1733.1,72.31,1.9996,1.833,0.9165,-0.5961,High,8,Rabi
Sangli,Black,115,50,60,6.0,800,25,Wheat,19:19:19 NPK,0.583,0.24,0.973,3.16,6.06,2.88,0.62,10.75,514.5,80.15,2.2995,1.9163,0.8332,0.5549,Medium,7,Rabi
Sangli,Black,110,50,60,6.0,800,25,Wheat,19:19:19 NPK,0.583,0.24,0.973,3.16,6.06,2.88,0.62,10.75,514.5,79.87,2.1996,1.833,0.8332,0.5549,Medium,7,Rabi
Satara,Black,70,55,45,7.0,500,15,Wheat,Urea,0.295,0.25,0.073,3.96,6.2,2.4,0.793,4.178,886.2,65.54,1.2725,1.5552,1.222,-0.4358,Low,5,Rabi
Solapur,Red,75,60,60,6.0,500,15,Wheat,19:19:19 NPK,0.45,0.32,0.16,1.56,1.56,0.58,0.5,7.05,481.1,65.09,1.2498,1.2498,0.9998,0.0393,Medium,6,Rabi
Kolhapur,Dark Brown,115,40,50,7.0,900,20,Wheat,Urea,0.88,0.14,2.88,6.35,17.636,3.25,0.72,50.72,1733.1,87.35,2.8743,2.2995,0.7998,-0.4807,High,8,Rabi
Satara,Black,60,45,60,6.0,600,20,Wheat,Urea,0.295,0.25,0.073,3.96,6.2,2.4,0.793,4.178,886.2,70.81,1.333,0.9998,0.7499,-0.323,Low,5,Rabi
Sangli,Black,105,60,60,6.0,800,20,Wheat,19:19:19 NPK,0.583,0.24,0.973,3.16,6.06,2.88,0.62,10.75,514.5,82.49,1.7497,1.7497,0.9998,0.5549,Medium,7,Rabi
Kolhapur,Dark Brown,110,40,50,7.0,900,20,Wheat,Urea,0.88,0.14,2.88,6.35,17.636,3.25,0.72,50.72,1733.1,85.9,2.7493,2.1996,0.7998,-0.4807,High,8,Rabi
Satara,Black,60,40,45,6.5,700,25,Wheat,Urea,0.295,0.25,0.073,3.96,6.2,2.4,0.793,4.178,886.2,75.34,1.4996,1.333,0.8887,-0.2101,Low,5,Rabi
Satara,Black,75,60,55,6.0,500,15,Wheat,19:19:19 NPK,0.295,0.25,0.073,3.96,6.2,2.4,0.793,4.178,886.2,67.89,1.2498,1.3634,1.0907,-0.4358,Low,5,Rabi
Satara,Black,70,45,50,7.0,500,15,Wheat,Urea,0.295,0.25,0.073,3.96,6.2,2.4,0.793,4.178,886.2,68.43,1.5552,1.3997,0.8998,-0.4358,Low,5,Rabi
Kolhapur,Dark Brown,95,40,40,6.0,500,15,Wheat,19:19:19 NPK,0.88,0.14,2.88,6.35,17.636,3.25,0.72,50.72,1733.1,69.15,2.3744,2.3744,0.9998,-0.7115,High,8,Rabi
Kolhapur,Dark Brown,65,45,40,6.5,1000,25,Wheat,19:19:19 NPK,0.88,0.14,2.88,6.35,17.636,3.25,0.72,50.72,1733.1,92.32,1.4441,1.6246,1.1247,-0.423,High,7,Rabi
Kolhapur,Dark Brown,80,55,40,6.5,800,15,Wheat,Urea,0.88,0.14,2.88,6.35,17.636,3.25,0.72,50.72,1733.1,80.86,1.4543,1.9995,1.3747,-0.5384,High,8,Rabi
Solapur,Red,60,60,50,7.5,600,30,Wheat,Urea,0.45,0.32,0.16,1.56,1.56,0.58,0.5,7.05,481.1,72.04,0.9998,1.1998,1.1998,0.2471,Medium,6,Rabi
Kolhapur,Dark Brown,100,75,55,7.5,800,15,Wheat,19:19:19 NPK,0.88,0.14,2.88,6.35,17.636,3.25,0.72,50.72,1733.1,83.87,1.3332,1.8179,1.3634,-0.5384,High,8,Rabi
Kolhapur,Dark Brown,115,60,40,6.0,500,15,Wheat,19:19:19 NPK,0.88,0.14,2.88,6.35,17.636,3.25,0.72,50.72,1733.1,66.49,1.9163,2.8743,1.4996,-0.7115,High,8,Rabi
Sangli,Black,115,55,40,6.5,900,15,Wheat,19:19:19 NPK,0.583,0.24,0.973,3.16,6.06,2.88,0.62,10.75,514.5,84.76,2.0905,2.8743,1.3747,0.7493,Medium,7,Rabi
Kolhapur,Dark Brown,90,40,40,6.0,500,15,Wheat,19:19:19 NPK,0.88,0.14,2.88,6.35,17.636,3.25,0.72,50.72,1733.1,67.39,2.2494,2.2494,0.9998,-0.7115,High,8,Rabi
Sangli,Black,105,40,50,7.0,800,15,Wheat,19:19:19 NPK,0.583,0.24,0.973,3.16,6.06,2.88,0.62,10.75,514.5,82.62,2.6243,2.0996,0.7998,0.5549,Medium,7,Rabi
Solapur,Red,60,40,40,6.0,500,15,Wheat,19:19:19 NPK,0.45,0.32,0.16,1.56,1.56,0.58,0.5,7.05,481.1,64.97,1.4996,1.4996,0.9998,0.0393,Medium,6,Rabi
Kolhapur,Dark Brown,90,55,45,7.0,700,25,Wheat,Urea,0.88,0.14,2.88,6.35,17.636,3.25,0.72,50.72,1733.1,76.77,1.6361,1.9996,1.222,-0.5961,High,8,Rabi
Kolhapur,Dark Brown,110,60,50,7.5,600,20,Wheat,19:19:19 NPK,0.88,0.14,2.88,6.35,17.636,3.25,0.72,50.72,1733.1,74.69,1.833,2.1996,1.1998,-0.6538,High,8,Rabi
Solapur,Red,80,40,45,6.5,600,20,Wheat,Urea,0.45,0.32,0.16,1.56,1.56,0.58,0.5,7.05,481.1,67.87,1.9995,1.7774,0.8887,0.2471,Medium,7,Rabi
Satara,Black,65,60,60,6.0,600,20,Wheat,19:19:19 NPK,0.295,0.25,0.073,3.96,6.2,2.4,0.793,4.178,886.2,69.04,1.0832,1.0832,0.9998,-0.323,Low,5,Rabi
Kolhapur,Dark Brown,75,60,50,7.5,800,15,Wheat,Urea,0.88,0.14,2.88,6.35,17.636,3.25,0.72,50.72,1733.1,82.79,1.2498,1.4997,1.1998,-0.5384,High,7,Rabi
Kolhapur,Dark Brown,70,50,60,6.0,700,25,Wheat,19:19:19 NPK,0.88,0.14,2.88,6.35,17.636,3.25,0.72,50.72,1733.1,76.75,1.3997,1.1665,0.8332,-0.5961,High,7,Rabi
Solapur,Red,80,60,45,7.0,500,25,Wheat,19:19:19 NPK,0.45,0.32,0.16,1.56,1.56,0.58,0.5,7.05,481.1,65.34,1.3331,1.7774,1.333,0.0393,Medium,7,Rabi
Kolhapur,Dark Brown,120,65,45,6.5,600,20,Wheat,19:19:19 NPK,0.88,0.14,2.88,6.35,17.636,3.25,0.72,50.72,1733.1,70.31,1.8459,2.6661,1.4441,-0.6538,High,8,Rabi
Kolhapur,Dark Brown,120,60,55,6.0,500,15,Wheat,Urea,0.88,0.14,2.88,6.35,17.636,3.25,0.72,50.72,1733.1,67.5,1.9997,2.1814,1.0907,-0.7115,High,8,Rabi
Kolhapur,Dark Brown,110,80,60,6.0,900,20,Wheat,19:19:19 NPK,0.88,0.14,2.88,6.35,17.636,3.25,0.72,50.72,1733.1,87.43,1.3748,1.833,1.3331,-0.4807,High,8,Rabi
Kolhapur,Dark Brown,95,40,55,7.5,1000,25,Wheat,19:19:19 NPK,0.88,0.14,2.88,6.35,17.636,3.25,0.72,50.72,1733.1,90.85,2.3744,1.727,0.7271,-0.423,High,8,Rabi
Kolhapur,Dark Brown,105,60,50,7.5,600,20,Wheat,19:19:19 NPK,0.88,0.14,2.88,6.35,17.636,3.25,0.72,50.72,1733.1,72.36,1.7497,2.0996,1.1998,-0.6538,High,8,Rabi
Satara,Black,75,55,55,7.5,500,15,Wheat,19:19:19 NPK,0.295,0.25,0.073,3.96,6.2,2.4,0.793,4.178,886.2,62.02,1.3634,1.3634,0.9998,-0.4358,Low,5,Rabi
Sangli,Black,100,40,50,7.0,800,15,Wheat,19:19:19 NPK,0.583,0.24,0.973,3.16,6.06,2.88,0.62,10.75,514.5,82.75,2.4994,1.9996,0.7998,0.5549,Medium,7,Rabi
Pune,Reddish Brown,120,60,40,7.5,900,20,Wheat,Urea,0.41,0.408,0.46,1.32,2.802,0.53,0.374,6.746,861.6,85.68,1.9997,2.9993,1.4996,0.0446,Medium,7,Rabi
Solapur,Red,65,45,40,6.5,600,20,Wheat,19:19:19 NPK,0.45,0.32,0.16,1.56,1.56,0.58,0.5,7.05,481.1,71.57,1.4441,1.6246,1.1247,0.2471,Medium,6,Rabi
Kolhapur,Dark Brown,60,60,45,7.0,900,20,Wheat,Urea,0.88,0.14,2.88,6.35,17.636,3.25,0.72,50.72,1733.1,84.71,0.9998,1.333,1.333,-0.4807,High,7,Rabi
Sangli,Black,120,60,45,7.0,800,20,Wheat,19:19:19 NPK,0.583,0.24,0.973,3.16,6.06,2.88,0.62,10.75,514.5,85.97,1.9997,2.6661,1.333,0.5549,Medium,7,Rabi
Kolhapur,Dark Brown,115,40,55,7.5,800,15,Wheat,19:19:19 NPK,0.88,0.14,2.88,6.35,17.636,3.25,0.72,50.72,1733.1,82.57,2.8743,2.0905,0.7271,-0.5384,High,8,Rabi
Kolhapur,Dark Brown,110,50,45,7.0,900,20,Wheat,Urea,0.88,0.14,2.88,6.35,17.636,3.25,0.72,50.72,1733.1,86.74,2.1996,2.4439,1.1109,-0.4807,High,8,Rabi
Kolhapur,Dark Brown,115,75,45,7.0,500,15,Wheat,Urea,0.88,0.14,2.88,6.35,17.636,3.25,0.72,50.72,1733.1,67.99,1.5331,2.555,1.6663,-0.7115,High,8,Rabi
Solapur,Red,65,50,50,7.0,500,25,Wheat,19:19:19 NPK,0.45,0.32,0.16,1.56,1.56,0.58,0.5,7.05,481.1,66.81,1.2997,1.2997,0.9998,0.0393,Medium,6,Rabi
Satara,Black,65,45,45,6.5,600,20,Wheat,19:19:19 NPK,0.295,0.25,0.073,3.96,6.2,2.4,0.793,4.178,886.2,70.1,1.4441,1.4441,0.9998,-0.323,Low,5,Rabi
Solapur,Red,75,40,60,6.0,500,15,Wheat,19:19:19 NPK,0.45,0.32,0.16,1.56,1.56,0.58,0.5,7.05,481.1,69.38,1.8745,1.2498,0.6666,0.0393,Medium,6,Rabi
Kolhapur,Dark Brown,95,60,60,7.5,800,15,Wheat,Urea,0.88,0.14,2.88,6.35,17.636,3.25,0.72,50.72,1733.1,80.62,1.5831,1.5831,0.9998,-0.5384,High,8,Rabi
Kolhapur,Dark Brown,120,45,55,7.5,1000,25,Wheat,Urea,0.88,0.14,2.88,6.35,17.636,3.25,0.72,50.72,1733.1,94.91,2.6661,2.1814,0.818,-0.423,High,8,Rabi
Sangli,Black,110,45,45,6.5,900,20,Wheat,19:19:19 NPK,0.583,0.24,0.973,3.16,6.06,2.88,0.62,10.75,514.5,87.79,2.4439,2.4439,0.9998,0.7493,Medium,7,Rabi
Solapur,Red,65,45,45,6.5,600,20,Wheat,19:19:19 NPK,0.45,0.32,0.16,1.56,1.56,0.58,0.5,7.05,481.1,69.34,1.4441,1.4441,0.9998,0.2471,Medium,6,Rabi
Kolhapur,Dark Brown,115,40,45,6.5,1000,25,Wheat,19:19:19 NPK,0.88,0.14,2.88,6.35,17.636,3.25,0.72,50.72,1733.1,90.53,2.8743,2.555,0.8887,-0.423,High,8,Rabi
Kolhapur,Dark Brown,100,60,55,7.5,800,15,Wheat,Urea,0.88,0.14,2.88,6.35,17.636,3.25,0.72,50.72,1733.1,85.33,1.6664,1.8179,1.0907,-0.5384,High,8,Rabi
Sangli,Black,110,40,60,6.0,800,15,Wheat,19:19:19 NPK,0.583,0.24,0.973,3.16,6.06,2.88,0.62,10.75,514.5,84.03,2.7493,1.833,0.6666,0.5549,Medium,7,Rabi
Solapur,Red,80,55,45,7.0,500,25,Wheat,Urea,0.45,0.32,0.16,1.56,1.56,0.58,0.5,7.05,481.1,67.43,1.4543,1.7774,1.222,0.0393,Medium,7,Rabi
Kolhapur,Dark Brown,60,60,60,7.5,800,15,Wheat,Urea,0.88,0.14,2.88,6.35,17.636,3.25,0.72,50.72,1733.1,79.44,0.9998,0.9998,0.9998,-0.5384,High,7,Rabi
Kolhapur,Dark Brown,115,75,40,6.5,600,20,Wheat,19:19:19 NPK,0.88,0.14,2.88,6.35,17.636,3.25,0.72,50.72,1733.1,69.04,1.5331,2.8743,1.8745,-0.6538,High,8,Rabi
Solapur,Red,75,45,40,6.5,600,20,Wheat,19:19:19 NPK,0.45,0.32,0.16,1.56,1.56,0.58,0.5,7.05,481.1,72.17,1.6663,1.8745,1.1247,0.2471,Medium,6,Rabi
Kolhapur,Dark Brown,115,50,60,6.0,500,15,Wheat,Urea,0.88,0.14,2.88,6.35,17.636,3.25,0.72,50.72,1733.1,65.89,2.2995,1.9163,0.8332,-0.7115,High,8,Rabi
Kolhapur,Dark Brown,75,55,55,7.0,700,25,Wheat,19:19:19 NPK,0.88,0.14,2.88,6.35,17.636,3.25,0.72,50.72,1733.1,75.88,1.3634,1.3634,0.9998,-0.5961,High,7,Rabi
Sangli,Black,110,45,50,7.0,800,15,Wheat,Urea,0.583,0.24,0.973,3.16,6.06,2.88,0.62,10.75,514.5,80.38,2.4439,2.1996,0.8998,0.5549,Medium,7,Rabi
Solapur,Red,80,60,50,7.5,600,30,Wheat,Urea,0.45,0.32,0.16,1.56,1.56,0.58,0.5,7.05,481.1,68.95,1.3331,1.5997,1.1998,0.2471,Medium,7,Rabi
Kolhapur,Dark Brown,105,50,45,7.0,900,20,Wheat,Urea,0.88,0.14,2.88,6.35,17.636,3.25,0.72,50.72,1733.1,84.37,2.0996,2.3328,1.1109,-0.4807,High,8,Rabi
Kolhapur,Dark Brown,115,70,40,6.5,1000,25,Wheat,Urea,0.88,0.14,2.88,6.35,17.636,3.25,0.72,50.72,1733.1,87.3,1.6426,2.8743,1.7496,-0.423,High,8,Rabi
Sangli,Black,105,55,60,6.0,800,25,Wheat,Urea,0.583,0.24,0.973,3.16,6.06,2.88,0.62,10.75,514.5,78.35,1.9087,1.7497,0.9165,0.5549,Medium,7,Rabi
Kolhapur,Dark Brown,110,75,50,7.5,1000,25,Wheat,19:19:19 NPK,0.88,0.14,2.88,6.35,17.636,3.25,0.72,50.72,1733.1,90.36,1.4665,2.1996,1.4997,-0.423,High,8,Rabi
Kolhapur,Dark Brown,100,40,40,6.0,500,15,Wheat,Urea,0.88,0.14,2.88,6.35,17.636,3.25,0.72,50.72,1733.1,66.86,2.4994,2.4994,0.9998,-0.7115,High,8,Rabi
Sangli,Black,115,55,55,7.5,900,15,Wheat,19:19:19 NPK,0.583,0.24,0.973,3.16,6.06,2.88,0.62,10.75,514.5,88.19,2.0905,2.0905,0.9998,0.7493,Medium,7,Rabi
Kolhapur,Dark Brown,75,40,45,6.0,900,20,Wheat,Urea,0.88,0.14,2.88,6.35,17.636,3.25,0.72,50.72,1733.1,83.5,1.8745,1.6663,0.8887,-0.4807,High,7,Rabi
Kolhapur,Dark Brown,115,50,45,7.0,900,20,Wheat,Urea,0.88,0.14,2.88,6.35,17.636,3.25,0.72,50.72,1733.1,85.21,2.2995,2.555,1.1109,-0.4807,High,8,Rabi
Kolhapur,Dark Brown,100,60,40,6.0,500,15,Wheat,19:19:19 NPK,0.88,0.14,2.88,6.35,17.636,3.25,0.72,50.72,1733.1,65.91,1.6664,2.4994,1.4996,-0.7115,High,8,Rabi
Pune,Reddish Brown,105,55,40,7.0,800,20,Wheat,19:19:19 NPK,0.41,0.408,0.46,1.32,2.802,0.53,0.374,6.746,861.6,84.63,1.9087,2.6243,1.3747,-0.0715,Medium,7,Rabi
Kolhapur,Dark Brown,75,60,55,6.0,700,25,Wheat,Urea,0.88,0.14,2.88,6.35,17.636,3.25,0.72,50.72,1733.1,75.16,1.2498,1.3634,1.0907,-0.5961,High,7,Rabi
Sangli,Black,100,50,60,6.0,800,25,Wheat,19:19:19 NPK,0.583,0.24,0.973,3.16,6.06,2.88,0.62,10.75,514.5,77.71,1.9996,1.6664,0.8332,0.5549,Medium,7,Rabi
Kolhapur,Dark Brown,65,40,60,6.0,900,20,Wheat,Urea,0.88,0.14,2.88,6.35,17.636,3.25,0.72,50.72,1733.1,87.09,1.6246,1.0832,0.6666,-0.4807,High,7,Rabi
Solapur,Red,60,40,55,7.5,600,30,Wheat,Urea,0.45,0.32,0.16,1.56,1.56,0.58,0.5,7.05,481.1,71.64,1.4996,1.0907,0.7271,0.2471,Medium,6,Rabi
Kolhapur,Dark Brown,105,40,40,6.0,500,15,Wheat,Urea,0.88,0.14,2.88,6.35,17.636,3.25,0.72,50.72,1733.1,63.68,2.6243,2.6243,0.9998,-0.7115,High,8,Rabi
Kolhapur,Dark Brown,65,60,60,7.5,800,15,Wheat,Urea,0.88,0.14,2.88,6.35,17.636,3.25,0.72,50.72,1733.1,83.74,1.0832,1.0832,0.9998,-0.5384,High,7,Rabi
Satara,Black,80,40,60,6.0,700,25,Wheat,19:19:19 NPK,0.295,0.25,0.073,3.96,6.2,2.4,0.793,4.178,886.2,74.61,1.9995,1.3331,0.6666,-0.2101,Low,6,Rabi
Kolhapur,Dark Brown,105,75,50,7.5,1000,25,Wheat,19:19:19 NPK,0.88,0.14,2.88,6.35,17.636,3.25,0.72,50.72,1733.1,91.24,1.3998,2.0996,1.4997,-0.423,High,8,Rabi
Kolhapur,Dark Brown,115,40,60,6.0,700,25,Wheat,Urea,0.88,0.14,2.88,6.35,17.636,3.25,0.72,50.72,1733.1,76.01,2.8743,1.9163,0.6666,-0.5961,High,8,Rabi
Satara,Black,80,50,55,7.5,600,20,Wheat,Urea,0.295,0.25,0.073,3.96,6.2,2.4,0.793,4.178,886.2,69.58,1.5997,1.4543,0.9089,-0.323,Low,6,Rabi
Satara,Black,75,60,50,7.5,600,20,Wheat,Urea,0.295,0.25,0.073,3.96,6.2,2.4,0.793,4.178,886.2,68.68,1.2498,1.4997,1.1998,-0.323,Low,5,Rabi
Solapur,Red,70,60,40,6.5,600,20,Wheat,Urea,0.45,0.32,0.16,1.56,1.56,0.58,0.5,7.05,481.1,72.71,1.1665,1.7496,1.4996,0.2471,Medium,6,Rabi
Kolhapur,Dark Brown,90,55,55,7.0,700,25,Wheat,19:19:19 NPK,0.88,0.14,2.88,6.35,17.636,3.25,0.72,50.72,1733.1,76.42,1.6361,1.6361,0.9998,-0.5961,High,8,Rabi
Kolhapur,Dark Brown,85,40,50,7.5,600,20,Wheat,19:19:19 NPK,0.88,0.14,2.88,6.35,17.636,3.25,0.72,50.72,1733.1,71.85,2.1245,1.6997,0.7998,-0.6538,High,8,Rabi
Satara,Black,75,60,60,6.0,600,20,Wheat,19:19:19 NPK,0.295,0.25,0.073,3.96,6.2,2.4,0.793,4.178,886.2,71.89,1.2498,1.2498,0.9998,-0.323,Low,5,Rabi
Kolhapur,Dark Brown,120,55,55,7.5,800,15,Wheat,Urea,0.88,0.14,2.88,6.35,17.636,3.25,0.72,50.72,1733.1,81.04,2.1814,2.1814,0.9998,-0.5384,High,8,Rabi
Pune,Reddish Brown,110,55,40,7.0,800,20,Wheat,19:19:19 NPK,0.41,0.408,0.46,1.32,2.802,0.53,0.374,6.746,861.6,80.31,1.9996,2.7493,1.3747,-0.0715,Medium,7,Rabi
Solapur,Red,70,40,60,6.0,500,15,Wheat,19:19:19 NPK,0.45,0.32,0.16,1.56,1.56,0.58,0.5,7.05,481.1,64.64,1.7496,1.1665,0.6666,0.0393,Medium,6,Rabi
Sangli,Black,110,55,45,7.0,800,25,Wheat,Urea,0.583,0.24,0.973,3.16,6.06,2.88,0.62,10.75,514.5,79.72,1.9996,2.4439,1.222,0.5549,Medium,7,Rabi
Satara,Black,75,45,55,7.5,700,25,Wheat,19:19:19 NPK,0.295,0.25,0.073,3.96,6.2,2.4,0.793,4.178,886.2,72.46,1.6663,1.3634,0.818,-0.2101,Low,5,Rabi
Kolhapur,Dark Brown,70,50,40,6.5,600,20,Wheat,19:19:19 NPK,0.88,0.14,2.88,6.35,17.636,3.25,0.72,50.72,1733.1,71.8,1.3997,1.7496,1.2497,-0.6538,High,7,Rabi
Kolhapur,Dark Brown,60,55,55,7.0,700,25,Wheat,19:19:19 NPK,0.88,0.14,2.88,6.35,17.636,3.25,0.72,50.72,1733.1,78.76,1.0907,1.0907,0.9998,-0.5961,High,7,Rabi
Satara,Black,60,55,60,6.0,700,25,Wheat,Urea,0.295,0.25,0.073,3.96,6.2,2.4,0.793,4.178,886.2,74.42,1.0907,0.9998,0.9165,-0.2101,Low,5,Rabi
Kolhapur,Dark Brown,75,55,60,7.0,500,15,Wheat,19:19:19 NPK,0.88,0.14,2.88,6.35,17.636,3.25,0.72,50.72,1733.1,67.26,1.3634,1.2498,0.9165,-0.7115,High,7,Rabi
Kolhapur,Dark Brown,70,55,50,7.5,600,20,Wheat,19:19:19 NPK,0.88,0.14,2.88,6.35,17.636,3.25,0.72,50.72,1733.1,73.06,1.2725,1.3997,1.0998,-0.6538,High,7,Rabi
Kolhapur,Dark Brown,90,55,60,7.0,500,15,Wheat,19:19:19 NPK,0.88,0.14,2.88,6.35,17.636,3.25,0.72,50.72,1733.1,65.69,1.6361,1.4998,0.9165,-0.7115,High,8,Rabi
Solapur,Red,70,55,40,6.5,600,20,Wheat,19:19:19 NPK,0.45,0.32,0.16,1.56,1.56,0.58,0.5,7.05,481.1,76.18,1.2725,1.7496,1.3747,0.2471,Medium,6,Rabi
Kolhapur,Dark Brown,105,80,40,6.5,800,15,Wheat,Urea,0.88,0.14,2.88,6.35,17.636,3.25,0.72,50.72,1733.1,85.39,1.3123,2.6243,1.9995,-0.5384,High,8,Rabi
Kolhapur,Dark Brown,60,40,55,7.5,1000,25,Wheat,Urea,0.88,0.14,2.88,6.35,17.636,3.25,0.72,50.72,1733.1,94.15,1.4996,1.0907,0.7271,-0.423,High,7,Rabi
Kolhapur,Dark Brown,80,50,40,6.5,600,20,Wheat,19:19:19 NPK,0.88,0.14,2.88,6.35,17.636,3.25,0.72,50.72,1733.1,70.03,1.5997,1.9995,1.2497,-0.6538,High,8,Rabi
Solapur,Red,80,55,50,7.5,600,30,Wheat,19:19:19 NPK,0.45,0.32,0.16,1.56,1.56,0.58,0.5,7.05,481.1,69.98,1.4543,1.5997,1.0998,0.2471,Medium,7,Rabi
Kolhapur,Dark Brown,70,45,45,6.5,600,20,Wheat,19:19:19 NPK,0.88,0.14,2.88,6.35,17.636,3.25,0.72,50.72,1733.1,73.39,1.5552,1.5552,0.9998,-0.6538,High,7,Rabi
Kolhapur,Dark Brown,100,60,45,7.0,700,25,Wheat,Urea,0.88,0.14,2.88,6.35,17.636,3.25,0.72,50.72,1733.1,73.9,1.6664,2.2217,1.333,-0.5961,High,8,Rabi
Pune,Reddish Brown,120,60,45,7.5,900,15,Wheat,19:19:19 NPK,0.41,0.408,0.46,1.32,2.802,0.53,0.374,6.746,861.6,91.7,1.9997,2.6661,1.333,0.0446,Medium,7,Rabi
Sangli,Black,105,45,50,7.0,800,15,Wheat,Urea,0.583,0.24,0.973,3.16,6.06,2.88,0.62,10.75,514.5,81.93,2.3328,2.0996,0.8998,0.5549,Medium,7,Rabi
Kolhapur,Dark Brown,110,65,40,6.5,800,15,Wheat,19:19:19 NPK,0.88,0.14,2.88,6.35,17.636,3.25,0.72,50.72,1733.1,83.42,1.692,2.7493,1.6246,-0.5384,High,8,Rabi
Kolhapur,Dark Brown,120,65,55,7.5,1000,25,Wheat,19:19:19 NPK,0.88,0.14,2.88,6.35,17.636,3.25,0.72,50.72,1733.1,87.3,1.8459,2.1814,1.1816,-0.423,High,8,Rabi
Satara,Black,80,60,45,7.0,700,25,Wheat,19:19:19 NPK,0.295,0.25,0.073,3.96,6.2,2.4,0.793,4.178,886.2,74.89,1.3331,1.7774,1.333,-0.2101,Low,6,Rabi
Solapur,Red,60,45,55,7.5,600,30,Wheat,19:19:19 NPK,0.45,0.32,0.16,1.56,1.56,0.58,0.5,7.05,481.1,69.85,1.333,1.0907,0.818,0.2471,Medium,6,Rabi
Kolhapur,Dark Brown,100,60,60,6.0,700,25,Wheat,19:19:19 NPK,0.88,0.14,2.88,6.35,17.636,3.25,0.72,50.72,1733.1,74.81,1.6664,1.6664,0.9998,-0.5961,High,8,Rabi
Solapur,Red,80,40,40,6.0,500,15,Wheat,19:19:19 NPK,0.45,0.32,0.16,1.56,1.56,0.58,0.5,7.05,481.1,67.35,1.9995,1.9995,0.9998,0.0393,Medium,7,Rabi
Satara,Black,80,60,60,6.0,600,20,Wheat,19:19:19 NPK,0.295,0.25,0.073,3.96,6.2,2.4,0.793,4.178,886.2,70.31,1.3331,1.3331,0.9998,-0.323,Low,6,Rabi
Sangli,Black,105,55,45,7.0,800,25,Wheat,Urea,0.583,0.24,0.973,3.16,6.06,2.88,0.62,10.75,514.5,78.33,1.9087,2.3328,1.222,0.5549,Medium,7,Rabi
Satara,Black,65,45,55,7.5,700,25,Wheat,19:19:19 NPK,0.295,0.25,0.073,3.96,6.2,2.4,0.793,4.178,886.2,75.45,1.4441,1.1816,0.818,-0.2101,Low,5,Rabi
Satara,Black,60,55,55,7.5,500,15,Wheat,19:19:19 NPK,0.295,0.25,0.073,3.96,6.2,2.4,0.793,4.178,886.2,67.9,1.0907,1.0907,0.9998,-0.4358,Low,5,Rabi
Kolhapur,Dark Brown,120,40,50,7.0,900,20,Wheat,Urea,0.88,0.14,2.88,6.35,17.636,3.25,0.72,50.72,1733.1,83.75,2.9993,2.3995,0.7998,-0.4807,High,8,Rabi
Kolhapur,Dark Brown,60,55,60,7.0,500,15,Wheat,19:19:19 NPK,0.88,0.14,2.88,6.35,17.636,3.25,0.72,50.72,1733.1,70.6,1.0907,0.9998,0.9165,-0.7115,High,7,Rabi
Solapur,Red,70,50,45,7.0,500,25,Wheat,19:19:19 NPK,0.45,0.32,0.16,1.56,1.56,0.58,0.5,7.05,481.1,65.25,1.3997,1.5552,1.1109,0.0393,Medium,6,Rabi
Kolhapur,Dark Brown,110,65,55,7.5,1000,25,Wheat,19:19:19 NPK,0.88,0.14,2.88,6.35,17.636,3.25,0.72,50.72,1733.1,90.62,1.692,1.9996,1.1816,-0.423,High,8,Rabi
Pune,Reddish Brown,120,60,50,7.5,900,15,Wheat,19:19:19 NPK,0.41,0.408,0.46,1.32,2.802,0.53,0.374,6.746,861.6,88.05,1.9997,2.3995,1.1998,0.0446,Medium,7,Rabi
Kolhapur,Dark Brown,120,60,60,6.0,900,20,Wheat,Urea,0.88,0.14,2.88,6.35,17.636,3.25,0.72,50.72,1733.1,88.89,1.9997,1.9997,0.9998,-0.4807,High,8,Rabi
Kolhapur,Dark Brown,120,80,55,6.0,500,15,Wheat,19:19:19 NPK,0.88,0.14,2.88,6.35,17.636,3.25,0.72,50.72,1733.1,67.92,1.4998,2.1814,1.4543,-0.7115,High,8,Rabi
Satara,Black,65,55,50,7.5,700,25,Wheat,19:19:19 NPK,0.295,0.25,0.073,3.96,6.2,2.4,0.793,4.178,886.2,75.15,1.1816,1.2997,1.0998,-0.2101,Low,5,Rabi
Sangli,Black,110,45,55,7.5,900,20,Wheat,19:19:19 NPK,0.583,0.24,0.973,3.16,6.06,2.88,0.62,10.75,514.5,86.68,2.4439,1.9996,0.818,0.7493,Medium,7,Rabi
Kolhapur,Dark Brown,100,50,60,6.0,500,15,Wheat,Urea,0.88,0.14,2.88,6.35,17.636,3.25,0.72,50.72,1733.1,65.72,1.9996,1.6664,0.8332,-0.7115,High,8,Rabi
Satara,Black,70,50,50,7.0,700,25,Wheat,19:19:19 NPK,0.295,0.25,0.073,3.96,6.2,2.4,0.793,4.178,886.2,71.26,1.3997,1.3997,0.9998,-0.2101,Low,5,Rabi
Kolhapur,Dark Brown,100,60,50,7.0,900,20,Wheat,19:19:19 NPK,0.88,0.14,2.88,6.35,17.636,3.25,0.72,50.72,1733.1,86.8,1.6664,1.9996,1.1998,-0.4807,High,8,Rabi
Kolhapur,Dark Brown,65,60,45,7.0,900,20,Wheat,Urea,0.88,0.14,2.88,6.35,17.636,3.25,0.72,50.72,1733.1,87.4,1.0832,1.4441,1.333,-0.4807,High,7,Rabi
Solapur,Red,70,45,45,6.5,600,20,Wheat,19:19:19 NPK,0.45,0.32,0.16,1.56,1.56,0.58,0.5,7.05,481.1,71.17,1.5552,1.5552,0.9998,0.2471,Medium,6,Rabi
Pune,Reddish Brown,120,50,50,6.5,700,15,Wheat,19:19:19 NPK,0.41,0.408,0.46,1.32,2.802,0.53,0.374,6.746,861.6,76.98,2.3995,2.3995,0.9998,-0.1876,Medium,7,Rabi
Solapur,Red,60,45,60,6.0,500,15,Wheat,Urea,0.45,0.32,0.16,1.56,1.56,0.58,0.5,7.05,481.1,62.76,1.333,0.9998,0.7499,0.0393,Medium,6,Rabi
Kolhapur,Dark Brown,100,40,50,7.5,600,20,Wheat,19:19:19 NPK,0.88,0.14,2.88,6.35,17.636,3.25,0.72,50.72,1733.1,70.99,2.4994,1.9996,0.7998,-0.6538,High,8,Rabi
Kolhapur,Dark Brown,80,40,55,7.5,1000,25,Wheat,19:19:19 NPK,0.88,0.14,2.88,6.35,17.636,3.25,0.72,50.72,1733.1,88.7,1.9995,1.4543,0.7271,-0.423,High,8,Rabi
Sangli,Black,105,45,40,6.5,900,20,Wheat,19:19:19 NPK,0.583,0.24,0.973,3.16,6.06,2.88,0.62,10.75,514.5,85.64,2.3328,2.6243,1.1247,0.7493,Medium,7,Rabi
Kolhapur,Dark Brown,110,55,55,7.5,800,15,Wheat,Urea,0.88,0.14,2.88,6.35,17.636,3.25,0.72,50.72,1733.1,81.38,1.9996,1.9996,0.9998,-0.5384,High,8,Rabi
Solapur,Red,65,45,50,7.0,500,25,Wheat,Urea,0.45,0.32,0.16,1.56,1.56,0.58,0.5,7.05,481.1,64.84,1.4441,1.2997,0.8998,0.0393,Medium,6,Rabi
Kolhapur,Dark Brown,75,50,40,6.5,600,20,Wheat,19:19:19 NPK,0.88,0.14,2.88,6.35,17.636,3.25,0.72,50.72,1733.1,72.29,1.4997,1.8745,1.2497,-0.6538,High,7,Rabi
Sangli,Black,115,45,40,6.5,900,20,Wheat,19:19:19 NPK,0.583,0.24,0.973,3.16,6.06,2.88,0.62,10.75,514.5,87.99,2.555,2.8743,1.1247,0.7493,Medium,7,Rabi
Kolhapur,Dark Brown,105,55,55,7.5,800,15,Wheat,Urea,0.88,0.14,2.88,6.35,17.636,3.25,0.72,50.72,1733.1,81.13,1.9087,1.9087,0.9998,-0.5384,High,8,Rabi
Kolhapur,Dark Brown,85,40,60,6.0,900,20,Wheat,Urea,0.88,0.14,2.88,6.35,17.636,3.25,0.72,50.72,1733.1,88.3,2.1245,1.4164,0.6666,-0.4807,High,8,Rabi
Solapur,Red,80,40,50,7.0,500,25,Wheat,19:19:19 NPK,0.45,0.32,0.16,1.56,1.56,0.58,0.5,7.05,481.1,63.09,1.9995,1.5997,0.7998,0.0393,Medium,7,Rabi
Kolhapur,Dark Brown,80,45,45,6.5,600,20,Wheat,19:19:19 NPK,0.88,0.14,2.88,6.35,17.636,3.25,0.72,50.72,1733.1,69.88,1.7774,1.7774,0.9998,-0.6538,High,8,Rabi
Kolhapur,Dark Brown,95,40,50,7.5,600,20,Wheat,19:19:19 NPK,0.88,0.14,2.88,6.35,17.636,3.25,0.72,50.72,1733.1,70.9,2.3744,1.8996,0.7998,-0.6538,High,8,Rabi
Kolhapur,Dark Brown,120,75,55,7.5,800,15,Wheat,19:19:19 NPK,0.88,0.14,2.88,6.35,17.636,3.25,0.72,50.72,1733.1,80.95,1.5998,2.1814,1.3634,-0.5384,High,8,Rabi
Kolhapur,Dark Brown,110,60,40,6.5,800,15,Wheat,19:19:19 NPK,0.88,0.14,2.88,6.35,17.636,3.25,0.72,50.72,1733.1,82.47,1.833,2.7493,1.4996,-0.5384,High,8,Rabi
Pune,Reddish Brown,120,55,40,7.0,800,20,Wheat,19:19:19 NPK,0.41,0.408,0.46,1.32,2.802,0.53,0.374,6.746,861.6,79.98,2.1814,2.9993,1.3747,-0.0715,Medium,7,Rabi
Kolhapur,Dark Brown,100,55,60,7.0,500,15,Wheat,19:19:19 NPK,0.88,0.14,2.88,6.35,17.636,3.25,0.72,50.72,1733.1,63.22,1.8179,1.6664,0.9165,-0.7115,High,8,Rabi
Kolhapur,Dark Brown,85,60,50,7.5,800,15,Wheat,Urea,0.88,0.14,2.88,6.35,17.636,3.25,0.72,50.72,1733.1,82.52,1.4164,1.6997,1.1998,-0.5384,High,8,Rabi
Sangli,Black,115,50,45,7.0,800,25,Wheat,19:19:19 NPK,0.583,0.24,0.973,3.16,6.06,2.88,0.62,10.75,514.5,81.17,2.2995,2.555,1.1109,0.5549,Medium,7,Rabi
Kolhapur,Dark Brown,110,70,50,7.0,700,25,Wheat,19:19:19 NPK,0.88,0.14,2.88,6.35,17.636,3.25,0.72,50.72,1733.1,73.44,1.5712,2.1996,1.3997,-0.5961,High,8,Rabi
Kolhapur,Dark Brown,80,45,40,6.5,1000,25,Wheat,19:19:19 NPK,0.88,0.14,2.88,6.35,17.636,3.25,0.72,50.72,1733.1,89.91,1.7774,1.9995,1.1247,-0.423,High,8,Rabi
Kolhapur,Dark Brown,85,45,40,6.5,1000,25,Wheat,19:19:19 NPK,0.88,0.14,2.88,6.35,17.636,3.25,0.72,50.72,1733.1,90.95,1.8885,2.1245,1.1247,-0.423,High,8,Rabi
Kolhapur,Dark Brown,65,55,60,7.0,500,15,Wheat,19:19:19 NPK,0.88,0.14,2.88,6.35,17.636,3.25,0.72,50.72,1733.1,66.92,1.1816,1.0832,0.9165,-0.7115,High,7,Rabi
Kolhapur,Dark Brown,85,40,55,7.5,1000,25,Wheat,19:19:19 NPK,0.88,0.14,2.88,6.35,17.636,3.25,0.72,50.72,1733.1,89.03,2.1245,1.5452,0.7271,-0.423,High,8,Rabi
Kolhapur,Dark Brown,100,60,45,6.5,1000,25,Wheat,Urea,0.88,0.14,2.88,6.35,17.636,3.25,0.72,50.72,1733.1,91.42,1.6664,2.2217,1.333,-0.423,High,8,Rabi
Satara,Black,70,60,45,7.0,700,25,Wheat,19:19:19 NPK,0.295,0.25,0.073,3.96,6.2,2.4,0.793,4.178,886.2,74.63,1.1665,1.5552,1.333,-0.2101,Low,5,Rabi
Kolhapur,Dark Brown,120,55,60,6.0,700,25,Wheat,19:19:19 NPK,0.88,0.14,2.88,6.35,17.636,3.25,0.72,50.72,1733.1,72.99,2.1814,1.9997,0.9165,-0.5961,High,8,Rabi
Sangli,Black,110,40,55,7.5,900,25,Wheat,Urea,0.583,0.24,0.973,3.16,6.06,2.88,0.62,10.75,514.5,84.7,2.7493,1.9996,0.7271,0.7493,Medium,7,Rabi
Kolhapur,Dark Brown,115,70,55,7.5,600,20,Wheat,Urea,0.88,0.14,2.88,6.35,17.636,3.25,0.72,50.72,1733.1,73.1,1.6426,2.0905,1.2725,-0.6538,High,8,Rabi
Kolhapur,Dark Brown,100,40,50,7.0,900,20,Wheat,Urea,0.88,0.14,2.88,6.35,17.636,3.25,0.72,50.72,1733.1,87.97,2.4994,1.9996,0.7998,-0.4807,High,8,Rabi
Kolhapur,Dark Brown,100,60,55,6.0,500,15,Wheat,Urea,0.88,0.14,2.88,6.35,17.636,3.25,0.72,50.72,1733.1,68.29,1.6664,1.8179,1.0907,-0.7115,High,8,Rabi
Sangli,Black,110,40,45,6.5,900,25,Wheat,Urea,0.583,0.24,0.973,3.16,6.06,2.88,0.62,10.75,514.5,85.92,2.7493,2.4439,0.8887,0.7493,Medium,7,Rabi
Satara,Black,80,55,55,7.5,500,15,Wheat,19:19:19 NPK,0.295,0.25,0.073,3.96,6.2,2.4,0.793,4.178,886.2,65.68,1.4543,1.4543,0.9998,-0.4358,Low,6,Rabi
Sangli,Black,120,50,50,7.0,800,25,Wheat,19:19:19 NPK,0.583,0.24,0.973,3.16,6.06,2.88,0.62,10.75,514.5,78.33,2.3995,2.3995,0.9998,0.5549,Medium,7,Rabi
Sangli,Black,115,60,40,6.5,900,15,Wheat,Urea,0.583,0.24,0.973,3.16,6.06,2.88,0.62,10.75,514.5,86.28,1.9163,2.8743,1.4996,0.7493,Medium,7,Rabi
Kolhapur,Dark Brown,120,40,45,6.5,1000,25,Wheat,19:19:19 NPK,0.88,0.14,2.88,6.35,17.636,3.25,0.72,50.72,1733.1,91.78,2.9993,2.6661,0.8887,-0.423,High,8,Rabi
Kolhapur,Dark Brown,65,40,45,6.0,900,20,Wheat,Urea,0.88,0.14,2.88,6.35,17.636,3.25,0.72,50.72,1733.1,85.52,1.6246,1.4441,0.8887,-0.4807,High,7,Rabi
Solapur,Red,80,45,60,6.0,500,15,Wheat,Urea,0.45,0.32,0.16,1.56,1.56,0.58,0.5,7.05,481.1,65.0,1.7774,1.3331,0.7499,0.0393,Medium,7,Rabi
Kolhapur,Dark Brown,110,75,55,7.5,800,15,Wheat,19:19:19 NPK,0.88,0.14,2.88,6.35,17.636,3.25,0.72,50.72,1733.1,83.44,1.4665,1.9996,1.3634,-0.5384,High,8,Rabi
Kolhapur,Dark Brown,110,40,40,6.0,500,15,Wheat,Urea,0.88,0.14,2.88,6.35,17.636,3.25,0.72,50.72,1733.1,67.86,2.7493,2.7493,0.9998,-0.7115,High,8,Rabi
Kolhapur,Dark Brown,60,50,60,6.0,700,25,Wheat,19:19:19 NPK,0.88,0.14,2.88,6.35,17.636,3.25,0.72,50.72,1733.1,72.68,1.1998,0.9998,0.8332,-0.5961,High,7,Rabi
Kolhapur,Dark Brown,85,40,40,6.0,500,15,Wheat,19:19:19 NPK,0.88,0.14,2.88,6.35,17.636,3.25,0.72,50.72,1733.1,66.11,2.1245,2.1245,0.9998,-0.7115,High,8,Rabi
Sangli,Black,115,40,40,6.0,800,15,Wheat,19:19:19 NPK,0.583,0.24,0.973,3.16,6.06,2.88,0.62,10.75,514.5,83.47,2.8743,2.8743,0.9998,0.5549,Medium,7,Rabi
Pune,Reddish Brown,110,60,50,7.5,900,15,Wheat,19:19:19 NPK,0.41,0.408,0.46,1.32,2.802,0.53,0.374,6.746,861.6,88.98,1.833,2.1996,1.1998,0.0446,Medium,7,Rabi
Kolhapur,Dark Brown,100,55,40,6.5,600,20,Wheat,Urea,0.88,0.14,2.88,6.35,17.636,3.25,0.72,50.72,1733.1,73.38,1.8179,2.4994,1.3747,-0.6538,High,8,Rabi
Kolhapur,Dark Brown,100,75,50,7.5,1000,25,Wheat,19:19:19 NPK,0.88,0.14,2.88,6.35,17.636,3.25,0.72,50.72,1733.1,89.85,1.3332,1.9996,1.4997,-0.423,High,8,Rabi
Solapur,Red,70,60,50,7.5,600,30,Wheat,Urea,0.45,0.32,0.16,1.56,1.56,0.58,0.5,7.05,481.1,68.14,1.1665,1.3997,1.1998,0.2471,Medium,6,Rabi
Kolhapur,Dark Brown,100,45,55,7.5,1000,25,Wheat,Urea,0.88,0.14,2.88,6.35,17.636,3.25,0.72,50.72,1733.1,90.76,2.2217,1.8179,0.818,-0.423,High,8,Rabi
Kolhapur,Dark Brown,90,45,50,6.5,1000,25,Wheat,19:19:19 NPK,0.88,0.14,2.88,6.35,17.636,3.25,0.72,50.72,1733.1,89.82,1.9996,1.7996,0.8998,-0.423,High,8,Rabi
Satara,Black,60,60,50,7.5,600,20,Wheat,Urea,0.295,0.25,0.073,3.96,6.2,2.4,0.793,4.178,886.2,72.14,0.9998,1.1998,1.1998,-0.323,Low,5,Rabi
Satara,Black,80,40,50,7.0,600,20,Wheat,19:19:19 NPK,0.295,0.25,0.073,3.96,6.2,2.4,0.793,4.178,886.2,74.51,1.9995,1.5997,0.7998,-0.323,Low,6,Rabi
Satara,Black,60,55,40,6.5,600,20,Wheat,19:19:19 NPK,0.295,0.25,0.073,3.96,6.2,2.4,0.793,4.178,886.2,72.11,1.0907,1.4996,1.3747,-0.323,Low,5,Rabi
Satara,Black,75,45,50,7.0,500,15,Wheat,Urea,0.295,0.25,0.073,3.96,6.2,2.4,0.793,4.178,886.2,62.9,1.6663,1.4997,0.8998,-0.4358,Low,5,Rabi
Sangli,Black,105,45,45,6.5,900,20,Wheat,19:19:19 NPK,0.583,0.24,0.973,3.16,6.06,2.88,0.62,10.75,514.5,88.39,2.3328,2.3328,0.9998,0.7493,Medium,7,Rabi
Solapur,Red,75,40,55,7.5,600,30,Wheat,Urea,0.45,0.32,0.16,1.56,1.56,0.58,0.5,7.05,481.1,71.63,1.8745,1.3634,0.7271,0.2471,Medium,6,Rabi
Pune,Reddish Brown,100,50,50,6.5,700,15,Wheat,19:19:19 NPK,0.41,0.408,0.46,1.32,2.802,0.53,0.374,6.746,861.6,76.03,1.9996,1.9996,0.9998,-0.1876,Medium,7,Rabi
Kolhapur,Dark Brown,100,80,40,6.5,800,15,Wheat,Urea,0.88,0.14,2.88,6.35,17.636,3.25,0.72,50.72,1733.1,77.84,1.2498,2.4994,1.9995,-0.5384,High,8,Rabi
Sangli,Black,100,55,45,7.0,800,25,Wheat,Urea,0.583,0.24,0.973,3.16,6.06,2.88,0.62,10.75,514.5,78.17,1.8179,2.2217,1.222,0.5549,Medium,7,Rabi
Kolhapur,Dark Brown,110,45,50,7.0,500,15,Wheat,19:19:19 NPK,0.88,0.14,2.88,6.35,17.636,3.25,0.72,50.72,1733.1,65.97,2.4439,2.1996,0.8998,-0.7115,High,8,Rabi
Sangli,Black,110,40,40,6.0,800,15,Wheat,19:19:19 NPK,0.583,0.24,0.973,3.16,6.06,2.88,0.62,10.75,514.5,83.39,2.7493,2.7493,0.9998,0.5549,Medium,7,Rabi
Kolhapur,Dark Brown,105,60,40,6.5,800,15,Wheat,19:19:19 NPK,0.88,0.14,2.88,6.35,17.636,3.25,0.72,50.72,1733.1,81.93,1.7497,2.6243,1.4996,-0.5384,High,8,Rabi
Kolhapur,Dark Brown,105,75,55,7.5,800,15,Wheat,19:19:19 NPK,0.88,0.14,2.88,6.35,17.636,3.25,0.72,50.72,1733.1,84.54,1.3998,1.9087,1.3634,-0.5384,High,8,Rabi
Solapur,Red,70,60,45,7.0,500,25,Wheat,19:19:19 NPK,0.45,0.32,0.16,1.56,1.56,0.58,0.5,7.05,481.1,65.68,1.1665,1.5552,1.333,0.0393,Medium,6,Rabi
Kolhapur,Dark Brown,115,80,40,6.5,800,15,Wheat,Urea,0.88,0.14,2.88,6.35,17.636,3.25,0.72,50.72,1733.1,81.81,1.4373,2.8743,1.9995,-0.5384,High,8,Rabi
Pune,Reddish Brown,115,50,45,6.5,700,20,Wheat,Urea,0.41,0.408,0.46,1.32,2.802,0.53,0.374,6.746,861.6,76.03,2.2995,2.555,1.1109,-0.1876,Medium,7,Rabi
Sangli,Black,100,40,55,7.5,900,25,Wheat,Urea,0.583,0.24,0.973,3.16,6.06,2.88,0.62,10.75,514.5,85.53,2.4994,1.8179,0.7271,0.7493,Medium,7,Rabi
Solapur,Red,65,40,55,7.5,600,30,Wheat,Urea,0.45,0.32,0.16,1.56,1.56,0.58,0.5,7.05,481.1,66.99,1.6246,1.1816,0.7271,0.2471,Medium,6,Rabi
Satara,Black,80,45,50,7.0,500,15,Wheat,Urea,0.295,0.25,0.073,3.96,6.2,2.4,0.793,4.178,886.2,69.32,1.7774,1.5997,0.8998,-0.4358,Low,6,Rabi
Solapur,Red,65,55,60,6.0,500,15,Wheat,Urea,0.45,0.32,0.16,1.56,1.56,0.58,0.5,7.05,481.1,65.66,1.1816,1.0832,0.9165,0.0393,Medium,6,Rabi
Kolhapur,Dark Brown,90,60,60,7.5,800,15,Wheat,Urea,0.88,0.14,2.88,6.35,17.636,3.25,0.72,50.72,1733.1,78.95,1.4998,1.4998,0.9998,-0.5384,High,8,Rabi
Satara,Black,75,50,55,7.5,600,20,Wheat,Urea,0.295,0.25,0.073,3.96,6.2,2.4,0.793,4.178,886.2,68.26,1.4997,1.3634,0.9089,-0.323,Low,5,Rabi
Kolhapur,Dark Brown,100,40,60,6.0,700,25,Wheat,Urea,0.88,0.14,2.88,6.35,17.636,3.25,0.72,50.72,1733.1,76.18,2.4994,1.6664,0.6666,-0.5961,High,8,Rabi
Kolhapur,Dark Brown,105,60,45,6.5,1000,25,Wheat,Urea,0.88,0.14,2.88,6.35,17.636,3.25,0.72,50.72,1733.1,90.89,1.7497,2.3328,1.333,-0.423,High,8,Rabi
Satara,Black,70,50,45,7.0,600,20,Wheat,19:19:19 NPK,0.295,0.25,0.073,3.96,6.2,2.4,0.793,4.178,886.2,70.72,1.3997,1.5552,1.1109,-0.323,Low,5,Rabi
Kolhapur,Dark Brown,95,60,55,6.0,700,25,Wheat,Urea,0.88,0.14,2.88,6.35,17.636,3.25,0.72,50.72,1733.1,77.0,1.5831,1.727,1.0907,-0.5961,High,8,Rabi
Kolhapur,Dark Brown,90,45,60,6.0,500,15,Wheat,19:19:19 NPK,0.88,0.14,2.88,6.35,17.636,3.25,0.72,50.72,1733.1,67.24,1.9996,1.4998,0.7499,-0.7115,High,8,Rabi
Kolhapur,Dark Brown,120,40,60,6.0,700,25,Wheat,Urea,0.88,0.14,2.88,6.35,17.636,3.25,0.72,50.72,1733.1,77.13,2.9993,1.9997,0.6666,-0.5961,High,8,Rabi
Kolhapur,Dark Brown,110,70,55,7.5,600,20,Wheat,Urea,0.88,0.14,2.88,6.35,17.636,3.25,0.72,50.72,1733.1,69.95,1.5712,1.9996,1.2725,-0.6538,High,8,Rabi
Pune,Reddish Brown,115,60,50,7.5,900,15,Wheat,19:19:19 NPK,0.41,0.408,0.46,1.32,2.802,0.53,0.374,6.746,861.6,86.57,1.9163,2.2995,1.1998,0.0446,Medium,7,Rabi
Kolhapur,Dark Brown,95,50,40,6.5,600,20,Wheat,19:19:19 NPK,0.88,0.14,2.88,6.35,17.636,3.25,0.72,50.72,1733.1,68.07,1.8996,2.3744,1.2497,-0.6538,High,8,Rabi
Solapur,Red,60,45,50,7.0,500,25,Wheat,Urea,0.45,0.32,0.16,1.56,1.56,0.58,0.5,7.05,481.1,66.77,1.333,1.1998,0.8998,0.0393,Medium,6,Rabi
Pune,Reddish Brown,100,50,45,6.5,700,20,Wheat,Urea,0.41,0.408,0.46,1.32,2.802,0.53,0.374,6.746,861.6,75.05,1.9996,2.2217,1.1109,-0.1876,Medium,7,Rabi
Sangli,Black,110,55,60,6.0,800,25,Wheat,Urea,0.583,0.24,0.973,3.16,6.06,2.88,0.62,10.75,514.5,80.3,1.9996,1.833,0.9165,0.5549,Medium,7,Rabi
Satara,Black,70,55,40,6.5,600,20,Wheat,19:19:19 NPK,0.295,0.25,0.073,3.96,6.2,2.4,0.793,4.178,886.2,70.5,1.2725,1.7496,1.3747,-0.323,Low,5,Rabi
Kolhapur,Dark Brown,120,55,40,6.5,600,20,Wheat,Urea,0.88,0.14,2.88,6.35,17.636,3.25,0.72,50.72,1733.1,71.94,2.1814,2.9993,1.3747,-0.6538,High,8,Rabi
Sangli,Black,120,55,60,6.0,800,25,Wheat,Urea,0.583,0.24,0.973,3.16,6.06,2.88,0.62,10.75,514.5,80.01,2.1814,1.9997,0.9165,0.5549,Medium,7,Rabi
Sangli,Black,115,40,50,7.0,800,15,Wheat,19:19:19 NPK,0.583,0.24,0.973,3.16,6.06,2.88,0.62,10.75,514.5,79.48,2.8743,2.2995,0.7998,0.5549,Medium,7,Rabi
Solapur,Red,80,50,60,6.0,500,15,Wheat,19:19:19 NPK,0.45,0.32,0.16,1.56,1.56,0.58,0.5,7.05,481.1,66.63,1.5997,1.3331,0.8332,0.0393,Medium,7,Rabi
Pune,Reddish Brown,110,50,45,6.5,700,20,Wheat,Urea,0.41,0.408,0.46,1.32,2.802,0.53,0.374,6.746,861.6,76.17,2.1996,2.4439,1.1109,-0.1876,Medium,7,Rabi
Sangli,Black,115,40,45,6.5,900,25,Wheat,Urea,0.583,0.24,0.973,3.16,6.06,2.88,0.62,10.75,514.5,84.01,2.8743,2.555,0.8887,0.7493,Medium,7,Rabi
Pune,Reddish Brown,105,50,45,6.5,700,20,Wheat,Urea,0.41,0.408,0.46,1.32,2.802,0.53,0.374,6.746,861.6,74.7,2.0996,2.3328,1.1109,-0.1876,Medium,7,Rabi
Kolhapur,Dark Brown,110,50,55,7.5,600,20,Wheat,19:19:19 NPK,0.88,0.14,2.88,6.35,17.636,3.25,0.72,50.72,1733.1,73.91,2.1996,1.9996,0.9089,-0.6538,High,8,Rabi
Satara,Black,65,60,40,6.5,500,15,Wheat,Urea,0.295,0.25,0.073,3.96,6.2,2.4,0.793,4.178,886.2,64.6,1.0832,1.6246,1.4996,-0.4358,Low,5,Rabi
Kolhapur,Dark Brown,110,40,45,6.5,1000,25,Wheat,19:19:19 NPK,0.88,0.14,2.88,6.35,17.636,3.25,0.72,50.72,1733.1,87.03,2.7493,2.4439,0.8887,-0.423,High,8,Rabi
Satara,Black,80,40,45,6.5,700,25,Wheat,Urea,0.295,0.25,0.073,3.96,6.2,2.4,0.793,4.178,886.2,75.31,1.9995,1.7774,0.8887,-0.2101,Low,6,Rabi
Satara,Black,80,50,60,6.0,500,15,Wheat,19:19:19 NPK,0.295,0.25,0.073,3.96,6.2,2.4,0.793,4.178,886.2,68.55,1.5997,1.3331,0.8332,-0.4358,Low,6,Rabi
Satara,Black,65,55,45,7.0,500,15,Wheat,Urea,0.295,0.25,0.073,3.96,6.2,2.4,0.793,4.178,886.2,69.14,1.1816,1.4441,1.222,-0.4358,Low,5,Rabi
Kolhapur,Dark Brown,105,70,45,7.0,900,20,Wheat,19:19:19 NPK,0.88,0.14,2.88,6.35,17.636,3.25,0.72,50.72,1733.1,87.24,1.4998,2.3328,1.5552,-0.4807,High,8,Rabi
Kolhapur,Dark Brown,105,40,60,6.0,700,25,Wheat,Urea,0.88,0.14,2.88,6.35,17.636,3.25,0.72,50.72,1733.1,77.22,2.6243,1.7497,0.6666,-0.5961,High,8,Rabi
Satara,Black,60,50,55,7.5,600,20,Wheat,Urea,0.295,0.25,0.073,3.96,6.2,2.4,0.793,4.178,886.2,70.33,1.1998,1.0907,0.9089,-0.323,Low,5,Rabi
Kolhapur,Dark Brown,115,60,60,6.0,700,25,Wheat,19:19:19 NPK,0.88,0.14,2.88,6.35,17.636,3.25,0.72,50.72,1733.1,74.93,1.9163,1.9163,0.9998,-0.5961,High,8,Rabi
Kolhapur,Dark Brown,60,55,50,7.5,600,20,Wheat,19:19:19 NPK,0.88,0.14,2.88,6.35,17.636,3.25,0.72,50.72,1733.1,71.76,1.0907,1.1998,1.0998,-0.6538,High,7,Rabi
Kolhapur,Dark Brown,95,50,45,7.0,500,15,Wheat,19:19:19 NPK,0.88,0.14,2.88,6.35,17.636,3.25,0.72,50.72,1733.1,66.36,1.8996,2.1106,1.1109,-0.7115,High,8,Rabi
Satara,Black,70,60,60,6.0,600,20,Wheat,19:19:19 NPK,0.295,0.25,0.073,3.96,6.2,2.4,0.793,4.178,886.2,71.12,1.1665,1.1665,0.9998,-0.323,Low,5,Rabi
Kolhapur,Dark Brown,120,75,50,7.5,1000,25,Wheat,19:19:19 NPK,0.88,0.14,2.88,6.35,17.636,3.25,0.72,50.72,1733.1,90.76,1.5998,2.3995,1.4997,-0.423,High,8,Rabi
Kolhapur,Dark Brown,115,60,50,7.0,900,20,Wheat,19:19:19 NPK,0.88,0.14,2.88,6.35,17.636,3.25,0.72,50.72,1733.1,86.23,1.9163,2.2995,1.1998,-0.4807,High,8,Rabi
Kolhapur,Dark Brown,105,40,45,6.5,1000,25,Wheat,19:19:19 NPK,0.88,0.14,2.88,6.35,17.636,3.25,0.72,50.72,1733.1,92.06,2.6243,2.3328,0.8887,-0.423,High,8,Rabi
Kolhapur,Dark Brown,60,45,40,6.5,1000,25,Wheat,19:19:19 NPK,0.88,0.14,2.88,6.35,17.636,3.25,0.72,50.72,1733.1,87.41,1.333,1.4996,1.1247,-0.423,High,7,Rabi
Sangli,Black,105,60,55,6.0,800,20,Wheat,19:19:19 NPK,0.583,0.24,0.973,3.16,6.06,2.88,0.62,10.75,514.5,81.29,1.7497,1.9087,1.0907,0.5549,Medium,7,Rabi
Kolhapur,Dark Brown,110,45,60,6.0,900,20,Wheat,19:19:19 NPK,0.88,0.14,2.88,6.35,17.636,3.25,0.72,50.72,1733.1,85.65,2.4439,1.833,0.7499,-0.4807,High,8,Rabi
Sangli,Black,120,40,55,7.5,900,25,Wheat,Urea,0.583,0.24,0.973,3.16,6.06,2.88,0.62,10.75,514.5,86.68,2.9993,2.1814,0.7271,0.7493,Medium,7,Rabi
Pune,Reddish Brown,105,60,40,7.5,900,20,Wheat,Urea,0.41,0.408,0.46,1.32,2.802,0.53,0.374,6.746,861.6,87.97,1.7497,2.6243,1.4996,0.0446,Medium,7,Rabi
Kolhapur,Dark Brown,115,65,45,6.5,600,20,Wheat,19:19:19 NPK,0.88,0.14,2.88,6.35,17.636,3.25,0.72,50.72,1733.1,66.85,1.769,2.555,1.4441,-0.6538,High,8,Rabi
Sangli,Black,120,45,45,6.5,900,20,Wheat,19:19:19 NPK,0.583,0.24,0.973,3.16,6.06,2.88,0.62,10.75,514.5,86.7,2.6661,2.6661,0.9998,0.7493,Medium,7,Rabi
Kolhapur,Dark Brown,105,70,55,7.5,600,20,Wheat,Urea,0.88,0.14,2.88,6.35,17.636,3.25,0.72,50.72,1733.1,70.63,1.4998,1.9087,1.2725,-0.6538,High,8,Rabi
Solapur,Red,75,50,50,7.0,500,25,Wheat,19:19:19 NPK,0.45,0.32,0.16,1.56,1.56,0.58,0.5,7.05,481.1,62.98,1.4997,1.4997,0.9998,0.0393,Medium,6,Rabi
Kolhapur,Dark Brown,75,40,40,6.0,500,15,Wheat,19:19:19 NPK,0.88,0.14,2.88,6.35,17.636,3.25,0.72,50.72,1733.1,68.22,1.8745,1.8745,0.9998,-0.7115,High,7,Rabi
Kolhapur,Dark Brown,100,45,50,6.5,1000,25,Wheat,19:19:19 NPK,0.88,0.14,2.88,6.35,17.636,3.25,0.72,50.72,1733.1,88.65,2.2217,1.9996,0.8998,-0.423,High,8,Rabi
Sangli,Black,115,60,45,7.0,800,20,Wheat,19:19:19 NPK,0.583,0.24,0.973,3.16,6.06,2.88,0.62,10.75,514.5,79.3,1.9163,2.555,1.333,0.5549,Medium,7,Rabi
Satara,Black,70,45,45,6.5,600,20,Wheat,19:19:19 NPK,0.295,0.25,0.073,3.96,6.2,2.4,0.793,4.178,886.2,72.1,1.5552,1.5552,0.9998,-0.323,Low,5,Rabi
Satara,Black,70,40,50,7.0,600,20,Wheat,19:19:19 NPK,0.295,0.25,0.073,3.96,6.2,2.4,0.793,4.178,886.2,67.97,1.7496,1.3997,0.7998,-0.323,Low,5,Rabi
Satara,Black,65,50,60,6.0,500,15,Wheat,19:19:19 NPK,0.295,0.25,0.073,3.96,6.2,2.4,0.793,4.178,886.2,70.26,1.2997,1.0832,0.8332,-0.4358,Low,5,Rabi
Kolhapur,Dark Brown,75,45,45,6.5,600,20,Wheat,19:19:19 NPK,0.88,0.14,2.88,6.35,17.636,3.25,0.72,50.72,1733.1,67.95,1.6663,1.6663,0.9998,-0.6538,High,7,Rabi
Kolhapur,Dark Brown,70,45,50,6.5,1000,25,Wheat,Urea,0.88,0.14,2.88,6.35,17.636,3.25,0.72,50.72,1733.1,91.29,1.5552,1.3997,0.8998,-0.423,High,7,Rabi
Kolhapur,Dark Brown,70,50,45,7.0,500,15,Wheat,19:19:19 NPK,0.88,0.14,2.88,6.35,17.636,3.25,0.72,50.72,1733.1,66.14,1.3997,1.5552,1.1109,-0.7115,High,7,Rabi
Kolhapur,Dark Brown,100,40,45,6.5,1000,25,Wheat,19:19:19 NPK,0.88,0.14,2.88,6.35,17.636,3.25,0.72,50.72,1733.1,90.39,2.4994,2.2217,0.8887,-0.423,High,8,Rabi
Satara,Black,75,55,50,7.5,700,25,Wheat,19:19:19 NPK,0.295,0.25,0.073,3.96,6.2,2.4,0.793,4.178,886.2,74.82,1.3634,1.4997,1.0998,-0.2101,Low,5,Rabi
Sangli,Black,110,60,45,7.0,800,20,Wheat,19:19:19 NPK,0.583,0.24,0.973,3.16,6.06,2.88,0.62,10.75,514.5,82.21,1.833,2.4439,1.333,0.5549,Medium,7,Rabi
Solapur,Red,65,50,45,7.0,500,25,Wheat,19:19:19 NPK,0.45,0.32,0.16,1.56,1.56,0.58,0.5,7.05,481.1,62.31,1.2997,1.4441,1.1109,0.0393,Medium,6,Rabi
Solapur,Red,80,60,40,6.5,600,20,Wheat,Urea,0.45,0.32,0.16,1.56,1.56,0.58,0.5,7.05,481.1,69.31,1.3331,1.9995,1.4996,0.2471,Medium,7,Rabi
Kolhapur,Dark Brown,110,60,60,6.0,900,20,Wheat,Urea,0.88,0.14,2.88,6.35,17.636,3.25,0.72,50.72,1733.1,85.63,1.833,1.833,0.9998,-0.4807,High,8,Rabi
Kolhapur,Dark Brown,105,60,60,6.0,900,20,Wheat,Urea,0.88,0.14,2.88,6.35,17.636,3.25,0.72,50.72,1733.1,84.21,1.7497,1.7497,0.9998,-0.4807,High,8,Rabi
Satara,Black,70,50,60,6.0,500,15,Wheat,19:19:19 NPK,0.295,0.25,0.073,3.96,6.2,2.4,0.793,4.178,886.2,65.53,1.3997,1.1665,0.8332,-0.4358,Low,5,Rabi
Sangli,Black,120,45,40,6.5,900,20,Wheat,19:19:19 NPK,0.583,0.24,0.973,3.16,6.06,2.88,0.62,10.75,514.5,89.41,2.6661,2.9993,1.1247,0.7493,Medium,7,Rabi
Sangli,Black,120,55,50,7.5,900,15,Wheat,19:19:19 NPK,0.583,0.24,0.973,3.16,6.06,2.88,0.62,10.75,514.5,85.34,2.1814,2.3995,1.0998,0.7493,Medium,7,Rabi
Kolhapur,Dark Brown,100,60,45,7.0,900,20,Wheat,Urea,0.88,0.14,2.88,6.35,17.636,3.25,0.72,50.72,1733.1,86.4,1.6664,2.2217,1.333,-0.4807,High,8,Rabi
Solapur,Red,80,60,60,6.0,500,15,Wheat,19:19:19 NPK,0.45,0.32,0.16,1.56,1.56,0.58,0.5,7.05,481.1,67.25,1.3331,1.3331,0.9998,0.0393,Medium,7,Rabi
Kolhapur,Dark Brown,75,50,60,6.0,700,25,Wheat,Urea,0.88,0.14,2.88,6.35,17.636,3.25,0.72,50.72,1733.1,74.56,1.4997,1.2498,0.8332,-0.5961,High,7,Rabi
Kolhapur,Dark Brown,105,50,60,6.0,500,15,Wheat,Urea,0.88,0.14,2.88,6.35,17.636,3.25,0.72,50.72,1733.1,65.94,2.0996,1.7497,0.8332,-0.7115,High,8,Rabi
Kolhapur,Dark Brown,115,80,55,6.0,500,15,Wheat,19:19:19 NPK,0.88,0.14,2.88,6.35,17.636,3.25,0.72,50.72,1733.1,68.67,1.4373,2.0905,1.4543,-0.7115,High,8,Rabi
Sangli,Black,115,55,60,6.0,800,25,Wheat,Urea,0.583,0.24,0.973,3.16,6.06,2.88,0.62,10.75,514.5,80.73,2.0905,1.9163,0.9165,0.5549,Medium,7,Rabi
Satara,Black,80,55,60,6.0,700,25,Wheat,Urea,0.295,0.25,0.073,3.96,6.2,2.4,0.793,4.178,886.2,73.89,1.4543,1.3331,0.9165,-0.2101,Low,6,Rabi
Kolhapur,Dark Brown,115,55,55,7.5,800,15,Wheat,Urea,0.88,0.14,2.88,6.35,17.636,3.25,0.72,50.72,1733.1,82.44,2.0905,2.0905,0.9998,-0.5384,High,8,Rabi
Pune,Reddish Brown,110,55,45,7.0,800,20,Wheat,19:19:19 NPK,0.41,0.408,0.46,1.32,2.802,0.53,0.374,6.746,861.6,81.49,1.9996,2.4439,1.222,-0.0715,Medium,7,Rabi
Kolhapur,Dark Brown,110,60,45,7.0,700,25,Wheat,Urea,0.88,0.14,2.88,6.35,17.636,3.25,0.72,50.72,1733.1,75.41,1.833,2.4439,1.333,-0.5961,High,8,Rabi
Satara,Black,60,60,40,6.5,500,15,Wheat,Urea,0.295,0.25,0.073,3.96,6.2,2.4,0.793,4.178,886.2,67.41,0.9998,1.4996,1.4996,-0.4358,Low,5,Rabi
Kolhapur,Dark Brown,70,60,60,7.5,800,15,Wheat,Urea,0.88,0.14,2.88,6.35,17.636,3.25,0.72,50.72,1733.1,83.3,1.1665,1.1665,0.9998,-0.5384,High,7,Rabi
Kolhapur,Dark Brown,95,40,45,6.0,900,20,Wheat,Urea,0.88,0.14,2.88,6.35,17.636,3.25,0.72,50.72,1733.1,86.69,2.3744,2.1106,0.8887,-0.4807,High,8,Rabi
Kolhapur,Dark Brown,90,40,60,6.0,900,20,Wheat,19:19:19 NPK,0.88,0.14,2.88,6.35,17.636,3.25,0.72,50.72,1733.1,82.52,2.2494,1.4998,0.6666,-0.4807,High,8,Rabi
Kolhapur,Dark Brown,110,80,55,6.0,500,15,Wheat,19:19:19 NPK,0.88,0.14,2.88,6.35,17.636,3.25,0.72,50.72,1733.1,69.16,1.3748,1.9996,1.4543,-0.7115,High,8,Rabi
Kolhapur,Dark Brown,115,45,55,7.5,1000,25,Wheat,Urea,0.88,0.14,2.88,6.35,17.636,3.25,0.72,50.72,1733.1,90.58,2.555,2.0905,0.818,-0.423,High,8,Rabi
Kolhapur,Dark Brown,110,40,55,7.5,800,15,Wheat,19:19:19 NPK,0.88,0.14,2.88,6.35,17.636,3.25,0.72,50.72,1733.1,81.22,2.7493,1.9996,0.7271,-0.5384,High,8,Rabi
Kolhapur,Dark Brown,100,60,55,6.0,700,25,Wheat,Urea,0.88,0.14,2.88,6.35,17.636,3.25,0.72,50.72,1733.1,69.21,1.6664,1.8179,1.0907,-0.5961,High,8,Rabi
Kolhapur,Dark Brown,105,60,55,6.0,500,15,Wheat,Urea,0.88,0.14,2.88,6.35,17.636,3.25,0.72,50.72,1733.1,71.33,1.7497,1.9087,1.0907,-0.7115,High,8,Rabi
Kolhapur,Dark Brown,75,50,45,7.0,500,15,Wheat,19:19:19 NPK,0.88,0.14,2.88,6.35,17.636,3.25,0.72,50.72,1733.1,70.0,1.4997,1.6663,1.1109,-0.7115,High,7,Rabi
Sangli,Black,105,60,45,7.0,800,20,Wheat,19:19:19 NPK,0.583,0.24,0.973,3.16,6.06,2.88,0.62,10.75,514.5,83.46,1.7497,2.3328,1.333,0.5549,Medium,7,Rabi
Kolhapur,Dark Brown,120,40,40,6.0,500,15,Wheat,Urea,0.88,0.14,2.88,6.35,17.636,3.25,0.72,50.72,1733.1,67.54,2.9993,2.9993,0.9998,-0.7115,High,8,Rabi
Satara,Black,75,60,45,7.0,700,25,Wheat,19:19:19 NPK,0.295,0.25,0.073,3.96,6.2,2.4,0.793,4.178,886.2,75.62,1.2498,1.6663,1.333,-0.2101,Low,5,Rabi
Kolhapur,Dark Brown,100,40,60,6.0,900,20,Wheat,19:19:19 NPK,0.88,0.14,2.88,6.35,17.636,3.25,0.72,50.72,1733.1,83.76,2.4994,1.6664,0.6666,-0.4807,High,8,Rabi
Satara,Black,80,50,45,7.0,600,20,Wheat,19:19:19 NPK,0.295,0.25,0.073,3.96,6.2,2.4,0.793,4.178,886.2,67.18,1.5997,1.7774,1.1109,-0.323,Low,6,Rabi
Satara,Black,75,40,60,6.0,700,25,Wheat,19:19:19 NPK,0.295,0.25,0.073,3.96,6.2,2.4,0.793,4.178,886.2,75.5,1.8745,1.2498,0.6666,-0.2101,Low,5,Rabi
Pune,Reddish Brown,115,50,40,6.5,700,15,Wheat,19:19:19 NPK,0.41,0.408,0.46,1.32,2.802,0.53,0.374,6.746,861.6,71.74,2.2995,2.8743,1.2497,-0.1876,Medium,7,Rabi
Kolhapur,Dark Brown,120,55,45,7.0,500,15,Wheat,19:19:19 NPK,0.88,0.14,2.88,6.35,17.636,3.25,0.72,50.72,1733.1,66.02,2.1814,2.6661,1.222,-0.7115,High,8,Rabi
Satara,Black,70,40,55,7.5,500,15,Wheat,Urea,0.295,0.25,0.073,3.96,6.2,2.4,0.793,4.178,886.2,67.29,1.7496,1.2725,0.7271,-0.4358,Low,5,Rabi
Sangli,Black,100,60,50,7.5,900,15,Wheat,Urea,0.583,0.24,0.973,3.16,6.06,2.88,0.62,10.75,514.5,89.7,1.6664,1.9996,1.1998,0.7493,Medium,7,Rabi
Satara,Black,75,50,40,6.5,700,25,Wheat,Urea,0.295,0.25,0.073,3.96,6.2,2.4,0.793,4.178,886.2,73.59,1.4997,1.8745,1.2497,-0.2101,Low,5,Rabi
Sangli,Black,115,60,50,7.5,900,15,Wheat,Urea,0.583,0.24,0.973,3.16,6.06,2.88,0.62,10.75,514.5,84.13,1.9163,2.2995,1.1998,0.7493,Medium,7,Rabi
Satara,Black,60,50,60,6.0,500,15,Wheat,19:19:19 NPK,0.295,0.25,0.073,3.96,6.2,2.4,0.793,4.178,886.2,67.4,1.1998,0.9998,0.8332,-0.4358,Low,5,Rabi
Sangli,Black,120,45,50,7.0,800,15,Wheat,Urea,0.583,0.24,0.973,3.16,6.06,2.88,0.62,10.75,514.5,82.52,2.6661,2.3995,0.8998,0.5549,Medium,7,Rabi
Satara,Black,65,60,50,7.5,600,20,Wheat,Urea,0.295,0.25,0.073,3.96,6.2,2.4,0.793,4.178,886.2,71.9,1.0832,1.2997,1.1998,-0.323,Low,5,Rabi
Kolhapur,Dark Brown,65,60,50,7.5,800,15,Wheat,Urea,0.88,0.14,2.88,6.35,17.636,3.25,0.72,50.72,1733.1,84.76,1.0832,1.2997,1.1998,-0.5384,High,7,Rabi
Pune,Reddish Brown,120,50,45,6.5,700,20,Wheat,Urea,0.41,0.408,0.46,1.32,2.802,0.53,0.374,6.746,861.6,76.96,2.3995,2.6661,1.1109,-0.1876,Medium,7,Rabi
Solapur,Red,60,60,45,7.0,500,25,Wheat,19:19:19 NPK,0.45,0.32,0.16,1.56,1.56,0.58,0.5,7.05,481.1,65.39,0.9998,1.333,1.333,0.0393,Medium,6,Rabi
Kolhapur,Dark Brown,100,45,45,6.5,600,20,Wheat,19:19:19 NPK,0.88,0.14,2.88,6.35,17.636,3.25,0.72,50.72,1733.1,69.89,2.2217,2.2217,0.9998,-0.6538,High,8,Rabi
Sangli,Black,120,55,55,7.5,900,15,Wheat,19:19:19 NPK,0.583,0.24,0.973,3.16,6.06,2.88,0.62,10.75,514.5,85.73,2.1814,2.1814,0.9998,0.7493,Medium,7,Rabi
Solapur,Red,70,40,40,6.0,500,15,Wheat,19:19:19 NPK,0.45,0.32,0.16,1.56,1.56,0.58,0.5,7.05,481.1,67.86,1.7496,1.7496,0.9998,0.0393,Medium,6,Rabi
Solapur,Red,70,45,55,7.5,600,30,Wheat,19:19:19 NPK,0.45,0.32,0.16,1.56,1.56,0.58,0.5,7.05,481.1,66.86,1.5552,1.2725,0.818,0.2471,Medium,6,Rabi
Kolhapur,Dark Brown,110,70,45,7.0,900,20,Wheat,19:19:19 NPK,0.88,0.14,2.88,6.35,17.636,3.25,0.72,50.72,1733.1,82.86,1.5712,2.4439,1.5552,-0.4807,High,8,Rabi
Kolhapur,Dark Brown,110,45,40,6.5,800,15,Wheat,Urea,0.88,0.14,2.88,6.35,17.636,3.25,0.72,50.72,1733.1,83.3,2.4439,2.7493,1.1247,-0.5384,High,8,Rabi
Pune,Reddish Brown,105,60,50,7.5,900,15,Wheat,19:19:19 NPK,0.41,0.408,0.46,1.32,2.802,0.53,0.374,6.746,861.6,85.51,1.7497,2.0996,1.1998,0.0446,Medium,7,Rabi
Satara,Black,75,55,60,6.0,700,25,Wheat,Urea,0.295,0.25,0.073,3.96,6.2,2.4,0.793,4.178,886.2,73.29,1.3634,1.2498,0.9165,-0.2101,Low,5,Rabi
Kolhapur,Dark Brown,90,50,40,6.5,600,20,Wheat,19:19:19 NPK,0.88,0.14,2.88,6.35,17.636,3.25,0.72,50.72,1733.1,68.55,1.7996,2.2494,1.2497,-0.6538,High,8,Rabi
Pune,Reddish Brown,115,60,40,7.5,900,20,Wheat,Urea,0.41,0.408,0.46,1.32,2.802,0.53,0.374,6.746,861.6,82.91,1.9163,2.8743,1.4996,0.0446,Medium,7,Rabi
Kolhapur,Dark Brown,115,45,40,6.5,800,15,Wheat,Urea,0.88,0.14,2.88,6.35,17.636,3.25,0.72,50.72,1733.1,81.67,2.555,2.8743,1.1247,-0.5384,High,8,Rabi
Satara,Black,60,55,50,7.5,700,25,Wheat,19:19:19 NPK,0.295,0.25,0.073,3.96,6.2,2.4,0.793,4.178,886.2,77.64,1.0907,1.1998,1.0998,-0.2101,Low,5,Rabi
Kolhapur,Dark Brown,80,40,50,7.5,600,20,Wheat,19:19:19 NPK,0.88,0.14,2.88,6.35,17.636,3.25,0.72,50.72,1733.1,72.57,1.9995,1.5997,0.7998,-0.6538,High,8,Rabi
Satara,Black,80,45,60,6.0,600,20,Wheat,Urea,0.295,0.25,0.073,3.96,6.2,2.4,0.793,4.178,886.2,73.08,1.7774,1.3331,0.7499,-0.323,Low,6,Rabi
Kolhapur,Dark Brown,95,45,40,6.5,1000,25,Wheat,19:19:19 NPK,0.88,0.14,2.88,6.35,17.636,3.25,0.72,50.72,1733.1,87.43,2.1106,2.3744,1.1247,-0.423,High,8,Rabi
Sangli,Black,105,45,60,6.0,800,15,Wheat,Urea,0.583,0.24,0.973,3.16,6.06,2.88,0.62,10.75,514.5,84.11,2.3328,1.7497,0.7499,0.5549,Medium,7,Rabi
Kolhapur,Dark Brown,60,45,60,6.0,500,15,Wheat,19:19:19 NPK,0.88,0.14,2.88,6.35,17.636,3.25,0.72,50.72,1733.1,65.85,1.333,0.9998,0.7499,-0.7115,High,7,Rabi
Kolhapur,Dark Brown,100,40,40,6.0,500,15,Wheat,19:19:19 NPK,0.88,0.14,2.88,6.35,17.636,3.25,0.72,50.72,1733.1,64.95,2.4994,2.4994,0.9998,-0.7115,High,8,Rabi
Satara,Black,75,50,60,6.0,500,15,Wheat,19:19:19 NPK,0.295,0.25,0.073,3.96,6.2,2.4,0.793,4.178,886.2,70.64,1.4997,1.2498,0.8332,-0.4358,Low,5,Rabi
Satara,Black,75,55,40,6.5,600,20,Wheat,19:19:19 NPK,0.295,0.25,0.073,3.96,6.2,2.4,0.793,4.178,886.2,73.4,1.3634,1.8745,1.3747,-0.323,Low,5,Rabi
Kolhapur,Dark Brown,85,60,60,7.5,800,15,Wheat,Urea,0.88,0.14,2.88,6.35,17.636,3.25,0.72,50.72,1733.1,79.86,1.4164,1.4164,0.9998,-0.5384,High,8,Rabi
Kolhapur,Dark Brown,60,55,45,7.0,700,25,Wheat,Urea,0.88,0.14,2.88,6.35,17.636,3.25,0.72,50.72,1733.1,77.09,1.0907,1.333,1.222,-0.5961,High,7,Rabi
Kolhapur,Dark Brown,100,55,45,7.0,700,25,Wheat,Urea,0.88,0.14,2.88,6.35,17.636,3.25,0.72,50.72,1733.1,71.85,1.8179,2.2217,1.222,-0.5961,High,8,Rabi
Kolhapur,Dark Brown,120,60,50,7.5,600,20,Wheat,19:19:19 NPK,0.88,0.14,2.88,6.35,17.636,3.25,0.72,50.72,1733.1,70.28,1.9997,2.3995,1.1998,-0.6538,High,8,Rabi
Pune,Reddish Brown,110,50,40,6.5,700,15,Wheat,19:19:19 NPK,0.41,0.408,0.46,1.32,2.802,0.53,0.374,6.746,861.6,73.96,2.1996,2.7493,1.2497,-0.1876,Medium,7,Rabi
Sangli,Black,100,55,55,7.5,900,15,Wheat,19:19:19 NPK,0.583,0.24,0.973,3.16,6.06,2.88,0.62,10.75,514.5,88.53,1.8179,1.8179,0.9998,0.7493,Medium,7,Rabi
Solapur,Red,75,45,50,7.0,500,25,Wheat,Urea,0.45,0.32,0.16,1.56,1.56,0.58,0.5,7.05,481.1,71.39,1.6663,1.4997,0.8998,0.0393,Medium,6,Rabi
Kolhapur,Dark Brown,95,60,45,7.0,900,20,Wheat,Urea,0.88,0.14,2.88,6.35,17.636,3.25,0.72,50.72,1733.1,88.63,1.5831,2.1106,1.333,-0.4807,High,8,Rabi
Solapur,Red,65,55,40,6.5,600,20,Wheat,19:19:19 NPK,0.45,0.32,0.16,1.56,1.56,0.58,0.5,7.05,481.1,73.37,1.1816,1.6246,1.3747,0.2471,Medium,6,Rabi
Satara,Black,60,40,55,7.5,500,15,Wheat,Urea,0.295,0.25,0.073,3.96,6.2,2.4,0.793,4.178,886.2,69.44,1.4996,1.0907,0.7271,-0.4358,Low,5,Rabi
Pune,Reddish Brown,115,50,50,6.5,700,15,Wheat,19:19:19 NPK,0.41,0.408,0.46,1.32,2.802,0.53,0.374,6.746,861.6,77.98,2.2995,2.2995,0.9998,-0.1876,Medium,7,Rabi
